:020000040800F2
:10000000004002206D5F0108FD5F01087D3C010892
:1000100000000000000000000000000000000000E0
:10002000000000000000000000000000F39F010835
:10003000000000000000000001A10108693C010867
:10004000FD5F0108FD5F0108FD5F0108FD5F01081C
:10005000FD5F0108FD5F0108FD5F0108FD5F01080C
:10006000FD5F0108DD400108FD4001085141010824
:10007000FD5F0108FD5F0108FD5F0108FD5F0108EC
:10008000FD5F0108FD5F0108FD5F0108FD5F0108DC
:10009000FD5F0108FD5F0108FD5F0108FD5F0108CC
:1000A000FD5F0108FD5F0108FD5F0108313D0108AA
:0C00B000DD3D0108893E0108FD5F0108EC
:1000C00010B5064C2378002B07D1054B002B02D02E
:1000D000044800E000BF0123237010BD7809002010
:1000E0000000000040A80208044B10B5002B03D00C
:1000F0000349044800E000BF10BDC04600000000F6
:100100007C09002040A8020802780B78002A03D05E
:10011000013001319A42F7D0D01A70470023C25CF7
:100120000133002AFBD1581E7047000002B471460B
:1001300049084900095C49008E4402BC7047C0462A
:1001400003B47146490840004900095A49008E44E9
:1001500003BC7047002243088B4274D303098B42CF
:100160005FD3030A8B4244D3030B8B4228D3030C87
:100170008B420DD3FF22090212BA030C8B4202D329
:100180001212090265D0030B8B4219D300E0090A51
:10019000C30B8B4201D3CB03C01A5241830B8B425A
:1001A00001D38B03C01A5241430B8B4201D34B0343
:1001B000C01A5241030B8B4201D30B03C01A5241A8
:1001C000C30A8B4201D3CB02C01A5241830A8B422D
:1001D00001D38B02C01A5241430A8B4201D34B0216
:1001E000C01A5241030A8B4201D30B02C01A52417A
:1001F000CDD2C3098B4201D3CB01C01A524183092E
:100200008B4201D38B01C01A524143098B4201D367
:100210004B01C01A524103098B4201D30B01C01A92
:100220005241C3088B4201D3CB00C01A524183080C
:100230008B4201D38B00C01A524143088B4201D339
:100240004B00C01A5241411A00D201465241104699
:100250007047FFE701B5002000F0F0F802BDC0468E
:100260000029F7D076E7704703460B437FD400227E
:1002700043088B4274D303098B425FD3030A8B423A
:1002800044D3030B8B4228D3030C8B420DD3FF22A4
:10029000090212BA030C8B4202D31212090265D072
:1002A000030B8B4219D300E0090AC30B8B4201D325
:1002B000CB03C01A5241830B8B4201D38B03C01A6C
:1002C0005241430B8B4201D34B03C01A5241030BE3
:1002D0008B4201D30B03C01A5241C30A8B4201D394
:1002E000CB02C01A5241830A8B4201D38B02C01A3F
:1002F0005241430A8B4201D34B02C01A5241030AB6
:100300008B4201D30B02C01A5241CDD2C3098B429A
:1003100001D3CB01C01A524183098B4201D38B0117
:10032000C01A524143098B4201D34B01C01A5241BA
:1003300003098B4201D30B01C01A5241C3088B42FF
:1003400001D3CB00C01A524183088B4201D38B00EA
:10035000C01A524143088B4201D34B00C01A52418C
:10036000411A00D201465241104670475DE0CA0F63
:1003700000D04942031000D34042534000229C4623
:1003800003098B422DD3030A8B4212D3FC2289012D
:1003900012BA030A8B420CD3890192118B4208D303
:1003A000890192118B4204D389013AD0921100E065
:1003B0008909C3098B4201D3CB01C01A5241830979
:1003C0008B4201D38B01C01A524143098B4201D3A6
:1003D0004B01C01A524103098B4201D30B01C01AD1
:1003E0005241C3088B4201D3CB00C01A524183084B
:1003F0008B4201D38B00C01A5241D9D243088B42A1
:1004000001D34B00C01A5241411A00D20146634643
:1004100052415B10104601D34042002B00D54942A7
:10042000704763465B1000D3404201B5002000F0E6
:1004300005F802BD0029F8D016E770477047C0469E
:100440008446100062468C461900634600E0C046B0
:100450001FB501F0E1FF002801D40021C8421FBDF3
:1004600010B501F025FF4042013010BD10B501F07C
:10047000D3FF002801DB002010BD012010BDC046C5
:1004800010B501F0C9FF002801DD002010BD0120DA
:1004900010BDC04610B501F04FFF002801DC002060
:1004A00010BD012010BDC04610B501F045FF002869
:1004B00001DA002010BD012010BDC04684460800AE
:1004C0006146FFE71FB500F059FB002801D4002169
:1004D000C8421FBD10B500F0E1FA4042013010BD26
:1004E00010B500F04BFB002801DB002010BD0120FF
:1004F00010BDC04610B500F041FB002801DD002012
:1005000010BD012010BDC04610B500F0EFFA002864
:1005100001DC002010BD012010BDC04610B500F068
:10052000E5FA002801DA002010BD012010BDC04608
:10053000002B11D1002A0FD1002900D1002802D0B0
:100540000021C943080007B4024802A140180290E4
:1005500003BDC046E9FEFFFF03B4684601B502983B
:1005600000F0BAF8019B9E4602B00CBC7047C04632
:10057000F0B5CE469946030C9C46130447461B0C27
:100580001D000E0061460404240C80B50700100C09
:100590004B436543414360432C0CC01824188C46E0
:1005A000A34203D980235B029846C4444946794359
:1005B0005643230C2D042D0C89196344240460191F
:1005C000C918C0BCB946B046F0BDC0469E2110B5A2
:1005D000C905041CFFF7A2FF002803D1201C00F06E
:1005E000D3FE10BD9E21201CC90500F069FC00F05F
:1005F000CBFE80231B069C466044F2E770B50022C8
:100600000C4B04000D00FFF74FFF002804D1200021
:10061000290002F081FE70BD064B00222000290057
:1006200002F04EFA02F078FE80231B069C466044DE
:10063000F1E7C0460000E04170B50022002304004D
:100640000D00FFF713FF002808D12000290000F05B
:100650000FF802000B001000190070BD80231B066C
:10066000E918200000F004F8002342428B41F2E731
:1006700070B500220B4B0D00040001F03BFFFFF7AB
:10068000BDFF060002F0B2FE0022074B01F032FF70
:1006900002000B002000290002F012FAFFF7AEFF63
:1006A000310070BD0000F03D0000F04170B5060063
:1006B000080002F06DFE0022064B01F01BFF0D004A
:1006C0000400300002F092FE2B00220000F012FF26
:1006D00070BDC0460000F041F0B557464E46454655
:1006E000DE46E0B504000D009246994683B08B4289
:1006F00030D82DD04946504602F084FF290006002C
:10070000200002F07FFF331A9846203B34D49B46EA
:1007100053465A46934042461F00534693401E009C
:10072000AF423BD8AF4200D179E05B46A41BBD414C
:10073000002B00DA76E000220023009201930123CF
:100740005A4693400193012342469340009329E087
:100750008242CFD900220023009201930C9B002BF0
:1007600001D01C605D600098019903B0F0BCBB46ED
:10077000B246A946A046F0BD42469B4620239B1A9E
:100780005246DA40414613004A468A401700424624
:100790001F43534693401E00AF42C3D9002200239B
:1007A000009201934346002BD8D0FB0772081A43EE
:1007B00046467B080EE0AB4201D1A2420CD8A41AF7
:1007C0009D41012024196D410021013E24184D4115
:1007D000002E06D0AB42EED9013E24196D41002E09
:1007E000F8D1009801995B4600196941002B24DB80
:1007F0002B005A464446D3402A00E2401C005B4688
:100800001500002B2ADB26009E40330026004746B9
:10081000BE403200801A9941009001919EE7A342A8
:10082000BCD882E74246202300219B1A0022009177
:1008300001920122DA40019285E7424620239B1A69
:100840002A0046469A402300F340444613432A00B8
:10085000E2401C005B461500002BD4DA42462F0014
:100860002023260097409B1ADE403B003343CDE710
:10087000F0B546464F46D6464502C0B5C30F4700C1
:1008800098460E1C6D0A3F0E5BD0FF2F21D08023AF
:10089000ED00DB041D43002399469A467F3F740216
:1008A0007300640A1B0EF60F002B20D0FF2B43D0E1
:1008B00080220020E400D20414437F3B4246FF1A0A
:1008C0004B4672400F2B00D99DE071499B00CB58DD
:1008D0009F46002D5AD108239946063B74029A463A
:1008E0007300FF27640A1B0EF60F002BDED1002CCD
:1008F0003BD1012342464946724019430E2918D87C
:100900006448890041588F465346022B00D1B8E015
:10091000032B6ED042462C00012B40D10020002436
:10092000C0052043D2071043E0BCBA46B146A846F2
:10093000F0BDFF200024F3E7002C20D10223FF3F6D
:10094000D8E7002D05D104239946033B00279A469A
:10095000A5E7280002F038FE7627431F9D400023BC
:100960007F4299469A463F1A99E7200002F02CFEF2
:10097000431F9C4076235B421B1A00209EE7032303
:100980004A461A4391460320FC3397E70C239946C5
:10099000093BFF279A4682E703282CD03200380013
:1009A0007F30002847DD630704D00F232340042B4A
:1009B00000D00434230103D53800374B80301C406D
:1009C000FE28B6DCA401640AC0B2A9E78024002294
:1009D000FF20E403A4E78023DB031D4201D01C4277
:1009E0000BD08024E4032C4364024246FF20640AB7
:1009F00096E746462C008023DB031C43640232004A
:100A0000FF20640A8CE76D01600185422DD21B2313
:100A10000024013F0126290064006D00002901DB4C
:100A2000854201D32D1A3443013B002BF3D16B1EB9
:100A30009D412C43B3E701231B1A1B2B00DD6DE7FF
:100A400021009E37D940BC400B00611E8C412343DE
:100A5000590704D00F211940042900D0043359014B
:100A600013D49B0100205C0A5AE71A2301242D1A93
:100A7000D0E7981E43425841404232000024C0B2A1
:100A80004EE74246FF2000244AE70120002447E7C2
:100A900038DC020878DC0208FFFFFFF770B542007F
:100AA0004E024C0045026D0A120EC30F760A240E48
:100AB000C90FFF2A10D0FF2C0CD00120A2420AD16E
:100AC000B54208D18B420FD0002A04D12800431E22
:100AD000984100E0012070BD0120FF2CFBD135437F
:100AE000F9D14B401800F6E70020F4E730B542009A
:100AF00044024D02C30F4800640A120E6D0A000E34
:100B0000C90FFF2A18D0FF280AD0002A1ED10028BA
:100B10000AD1002D29D0002C2DD14800013830BD3C
:100B2000002D25D1002A01D1002CF6D08B4219D0FE
:100B300001205B421843F2E7002C19D1FF28F7D1BE
:100B4000002D15D100208B42F2D1E8E70028EFD02C
:100B50008B42EDD18242EBDC04DBAC42E8D80020D2
:100B6000AC42DCD258000138D9E7002CD7D0DFE7FF
:100B700002204042D3E78B42DAD1EEE730B54200A3
:100B800044024D02C30F4800640A120E6D0A000EA3
:100B9000C90FFF2A17D0FF280AD0002A1BD100282E
:100BA0000AD1002D1DD0002C2DD14800013811E0B4
:100BB000002D0ED1002A01D1002CF6D08B420CD191
:100BC0005800013806E0002C03D1FF2805D1002D84
:100BD00015D0022030BD002806D101205B42184309
:100BE000F8E7002CF6D0F8E78B42F6D18242F4DC2D
:100BF000E6DBAC42F1D80020AC42EBD2E0E70020CB
:100C00008B42EAD1E6E78B42E7D1F2E7F0B54F46F7
:100C10004646D6464400C0B546020F1C760A240E4E
:100C2000C50F002C00D1DAE0FF2C74D08023F60031
:100C3000DB041E43002399469A467F3C7B025B0AF5
:100C400098467B001B0EFF0F002B74D0FF2B00D1AA
:100C50008EE042468021D200C90411437F3B2A0026
:100C6000E4184B467A408846D2B20A2B75DC4B46D4
:100C70000020022B0FDD494601238B40A621C9002D
:100C80000B4269D1902189000B4200D000E18821FC
:100C9000194200D0F5E041460904090C434608001A
:100CA000350C36041B0C360C704369435E435D43C0
:100CB0007618030C9B19994203D9802149028C466E
:100CC000654400041904000C09188E01701E864149
:100CD0001B0C890E5B190E439B011E431B016CD438
:100CE00023007F33002B00DCB1E0150071070BD02F
:100CF0000F2021003040042806D00436320103D5ED
:100D00006E4B1E400B008033FE2B00DDBDE0B201B8
:100D1000520ADBB248E0002E00D092E00823994648
:100D2000063B9A467B025B0A98467B00FF241B0E1B
:100D3000FF0F002B8AD14246002A64D14946013276
:100D4000114389460A2908DC7D400120EAB20229C4
:100D500091DC1500002227E015005346022B00D13C
:100D600093E0032B1AD0012B2CD1002300221BE08F
:100D70004346FF34002B55D003214B460B4319004B
:100D80000A2B00DC92E00F2B00D08CE08022D203F3
:100D9000164203D04346134200D17DE08022D203A5
:100DA00032435202520AFF23D805ED07104328436D
:100DB000E0BCBA46B146A846F0BD01231500710853
:100DC0001E400E4323008033611C002B41DD72075F
:100DD00094D00F223240042A00D08EE78EE7002EF6
:100DE00005D104239946033B00249A4626E73000A8
:100DF00002F0EAFB7624431F9E400023644299469A
:100E00009A46241A1AE7404602F0DEFB4B46241AA3
:100E1000763C0A2BA1DC4346053883407D4098464A
:100E2000EAB224E74A46023313432A007A40D2B298
:100E30000A2B92DC49461500002926D0994602204B
:100E400019E70C239946093BFF249A46F6E615005C
:100E500021000122D31A1B2B00DD86E79E313200D0
:100E60008E40DA40731E9E413243530704D00F2355
:100E70001340042B00D00432530110D5012300226B
:100E800092E73D004646824667E7FF2300228BE754
:100E900080220025D20386E73D001A4383E79201B2
:100EA0000023520A80E73D00464677E72A000123E7
:100EB0007A408B400320D2B2E9E6C046FFFFFFF73D
:100EC000F8B54746CE46430280B55F0A9B09450008
:100ED0004A009C464B02C40FCE0F2D0E580A120E2C
:100EE0009909FF2A6BD001235E40AB1AB4424BD064
:100EF000002B00DCFFE0002A00D188E0FF2D00D1AC
:100F0000EFE08022D204114301201B2B08DC0800F3
:100F10002022D840D31A99400B005A1E93411843FF
:100F200063461B1A9C4663465B0100D4CDE06346D2
:100F30009F01BF09380002F047FB3B0005388340A2
:100F4000854200DCA2E0B74A2D1A1A4094465A079F
:100F500000D1C3E00F221340042B00D1BEE00423D4
:100F60009846C44463465B0100D4B7E0681CFE2D7C
:100F700000D0A5E0FF200022C0051043E407204375
:100F8000C0BCB946B046F8BD002B00DCEBE1002A3E
:100F900046D0FF2D00D1A4E08022D20411431B2BA8
:100FA00000DCFBE0052398462B00C4446246D708CA
:100FB000FF2B00D195E07A02520AD8B2DCE72B0071
:100FC000FF3B9946002918D101235E40B44200D16D
:100FD000CAE04B46002B2DD0002D00D03CE1FF2372
:100FE0006446002C00D15FE15D1E012B00D174E14D
:100FF0003400FF2B74D02B0003E1B44200D19CE0FD
:10100000002B17D0002DEAD0070034006CE0002937
:10101000CCD05A1E012B2BD0FF2B62D0130073E7CC
:101020000029C3D05A1E012B00D11EE1FF2B58D03E
:101030001300B4E7FE226B1C1A420DD1002D60D0C4
:101040006346002B00D020E1002900D028E1802257
:101050000024FF20D2038FE763465F1A7B0100D58F
:10106000FEE0002F00D065E700240020002283E787
:101070006346591A4B0100D419E18F01BF093800AA
:1010800002F0A2FA3B000538834001252022401BD4
:101090000130121A19009340C1405A1E934119435E
:1010A0008C460B1EE1D05B0700D152E10F230025D7
:1010B0000B40042B00D052E701204A0100D492E0FB
:1010C000C0B263469A01520A56E763465B0705D0F1
:1010D0000F2362461340042B00D040E72B0065E746
:1010E0000700002F00D145E78022D2033A43520285
:1010F000FF20520A40E7002B79D1FE226B1C1A42D6
:10110000AAD16346002B00D1F5E0002900D1D1E03F
:101110005F1A8023DB041F4200D10EE162460124E6
:101120008A1A944600203440002A00D124E7012086
:101130001A42C6D10023D7083DE7002B17D0002D57
:1011400000D0AFE0FF236546002D00D1ADE05E1E6C
:10115000012B00D189E0FF2BC2D01B2E00DCABE0BD
:101160004B1D9C46130021E74B46002B70D1FE22FD
:101170006B1C1A425ED1002D00D0C3E06346002BE9
:1011800000D1D0E0002900D194E00A00624453016C
:1011900000D4D8E092010120520AEDE60800202296
:1011A000D840D31A99400B005A1E934103439C44E4
:1011B00063465B0189D50135FF2D00D1DAE6624631
:1011C00001231949134052080A401A431300944658
:1011D0005B0704D00F231340042B00D0BFE6634607
:1011E0005B0100D5C2E66346DF082B00E3E6531B34
:1011F000002D00D1F4E680206446C0040443A446D8
:10120000340001201B2B09DC20256046D840EB1A56
:1012100065469D402B005D1EAB4118430B1A9C4652
:10122000150080E6FFFFFFFBFFFFFF7DFE226B1C2A
:101230001342A3D0FF2B00D19CE6614449084A0722
:1012400049D00F220A40042A45D00A1D9446ADE633
:10125000002D00D176E78DE63400FF2000228BE6DA
:1012600063460124CF1A344064E661444B016DD5D6
:1012700048084449014043072CD00F230340042B66
:1012800028D00B1D9C46022390E6002900D12BE7B5
:101290008023DB039F4200D226E7984200D323E756
:1012A0000124344007001FE734008C467EE601230A
:1012B000CF0880E600237EE620206546801B85401F
:1012C00063462800F340451EA84103439C46150091
:1012D0008C446DE70223CF086DE60F1B7B0128D5F8
:1012E000BF01BF09380002F06FF93B0005388340A9
:1012F00034000125CAE6002900D1B5E60124070023
:10130000344058E66346002B00D1E9E6002900D1BD
:10131000EAE68023DB039F4200D2E5E6984200D351
:10132000E2E60700E0E6002900D19EE60023CF08B0
:1013300041E634000123FF083DE6002F00D193E68B
:101340000023FF0837E60023D70834E60123CF083F
:1013500031E680220B00D20401201340114200D05C
:10136000AEE6CF0827E6002B00D15FE7561B002D25
:1013700001D13300E7E680236046DB04184384464E
:10138000EBE6C046FFFFFF7D41024200C30F490A62
:101390000020120E7E2A03DD9D2A02DD094A9818DC
:1013A0007047802000040143952A07DC9620821AAA
:1013B000D1404842002BF3D10800F1E7963A914022
:1013C000F7E7C046FFFFFF7F70B5002812D0C317B4
:1013D000C5185D40C40F280002F0F6F89E231B1AC2
:1013E000962B0FDC082838D0083885406D026D0A2E
:1013F000D8B202E0002400200025C0052843E407FD
:10140000204370BD992B14DC421F95402A001549DA
:10141000114055071CD00F252A40042A18D004314A
:10142000CA08490115D59F235202181A550AC0B29D
:10143000E3E705222900121AD14002001B32954031
:101440002A00551EAA410A43064911405507E2D118
:10145000CA085202550AD8B2CFE76D026D0A8E3023
:10146000CBE7C046FFFFFFFB10B5041E0DD002F016
:10147000ABF89E231B1A962B0CDC082834D00838B6
:1014800084406402640AD8B201E000200024C00550
:10149000204310BD992B13DC421F9440144A224074
:1014A00061071CD00F212140042918D00432D40830
:1014B000520115D59F236402181A640AC0B2E6E7E8
:1014C000020021001B3291400A00511E8A41052171
:1014D000091ACC401443064A22406107E2D1D408DD
:1014E0006402640AD8B2D2E76402640A8E30CEE79E
:1014F000FFFFFFFBF0B54F464646D646C0B582B06B
:10150000009001910E034C00CD0F710A009E5F0008
:10151000760F0E43009900920193C9008946190382
:101520007B0D9846019B490ADB0F9C46009B009A65
:101530005B0F0B434146640DD200611A654500D133
:10154000A6E0002972DD4746002F00D1DDE0CC4F38
:10155000BC4200D19AE10127382917DC80273F04DB
:101560003B431F2900DDDDE12027781A1F0087405B
:10157000BA461700CF4084463800574607436046B6
:101580008240CB40501E8241F61A17434B46DF1B68
:10159000B94580414042361A330200D4FFE076025A
:1015A000760A002E00D13CE1300002F00DF8030075
:1015B000083B20213800CA1AD0409E4002009F40BC
:1015C00032439C4200DDA6E1181B0130091A3E009F
:1015D0008F40C6407B1E9F4113008B4037431F4303
:1015E000C2403B0016000024134300D1DFE17B071B
:1015F00000D132E30F233A003B40042B04D03A1DC4
:10160000BA42BF417F42F619330200D423E39C4B18
:1016100001349C4200D1B4E09A4B64051E40640D35
:101620007707D20876021743360BACE0002900D1C9
:101630007EE04146091B002C00D060E134004846A2
:10164000044300D1C9E14C1E012900D12EE28C4D8A
:10165000A94200D124E20127382C11DC21001F29E6
:1016600000DD0BE2202437004846641AA740C8403A
:1016700007434846A040CE40441EA0419B1B074361
:10168000D71BBA4292415242654644469E1A83E7AE
:10169000002900DC9CE04746002F67D11F0017435C
:1016A00000D1E4E0481E012900D19BE1744FB9420A
:1016B00000D1EBE001270100382811DC1F2900DDF3
:1016C000C7E12027781A1F00844687401000C840D1
:1016D000074360468240CB40501E8241F6181743B4
:1016E0004F444F45804140423618330257D5644B32
:1016F00001349C4245D00121624B7A081E4039409A
:101700000A43F7071743760871E71F00174300D114
:10171000ADE04F1EBC46012900D182E1584FB942CD
:1017200000D190E161460127382900DD2EE718E756
:10173000554F611C394200D0D0E0310048461F00AF
:1017400001431743002C00D03DE1002900D1BCE14A
:10175000002F00D0BFE14B460021D8087707074390
:10176000F00806034C05360B640D0CE0444FBC42F8
:1017700000D18BE001273829B2DC80273F043B43AE
:101780009CE70026002724053443ED072C4338004E
:10179000210002B0E0BCBA46B146A846F0BD7B07C6
:1017A00004D00F233B40042B00D028E7F808344B2B
:1017B00077070743F0089C4200D04AE23B0003430E
:1017C00059D080263603064336032D4C360BDAE714
:1017D000002961D04146091B002C00D1B9E0284CFA
:1017E000A04500D1A5E10127382913DC8024240479
:1017F00026431F2900DDC8E1202437004846641A2B
:10180000A740C84007434846A040CE40441EA041E0
:101810009B190743BF189742924152424446D6183B
:1018200063E7380001F0D0FE030018331F2B00DC03
:10183000BFE63A00083882409C4200DD83E01B1B73
:10184000581C1F2800DCB4E117001F3BDF40202894
:1018500005D040231B1A9A40531E9A411743002477
:10186000002F0AD07B0700D0C4E626009EE74B4637
:101870000C00D8089BE70027014C002683E7C046F0
:10188000FF070000FFFF7FFFFE0700004B467707C2
:10189000D8080743F00891E7CD4F611C39426BD15E
:1018A000310048460143002C00D04BE11F00174394
:1018B000002900D181E1002F00D14CE74A444A457C
:1018C0008041F61840423618330200D5B0E11700C7
:1018D0009146374300D03EE7002654E74946891A2F
:1018E0008846C145BF41F11A7F42C91B0F0261D42E
:1018F00047460F4300D1BDE00E00474651E6B54CC8
:10190000A04500D100E10127382900DDB8E6802498
:1019100024042643A3E6B04EE41A16407B0700D009
:101920003FE743E70F001800203FF8408446202996
:1019300003D04027791A8B401A43531E9A416346BD
:1019400017001F4322E6A448E11A10404707C008C9
:1019500007E734004846044300D1FAE04C1E012951
:1019600000D1D7E09B4FB94200D1E2E00127382CEB
:1019700000DD4FE721003CE7964CA14200D1DDE0BD
:101980004A444A458041F31840421818C707520894
:1019900017434608520705D00F220C003A40042A8C
:1019A00000D02CE67607FF0837430009D9E6002768
:1019B0000026E8E64946571ABA4292419E1B524217
:1019C0006546B61AEDE5002900D0C6E0002F67D1C4
:1019D000802600257F4C3603D5E665460C001E00A8
:1019E000D008E4E64A444A458041F31840421818BA
:1019F0001100030200D496E0774B49081840C30752
:101A00000B434408490700D129E10F221A40042A58
:101A100000D1EAE01F1D9F42B641764236190224EA
:101A2000C4E649468F1AB9458041F61A4042361A33
:101A3000330206D47307FF0801211F43F00890E624
:101A400065460124ABE54B467707D8080743F00805
:101A5000B4E60F001800203FF8408446202903D048
:101A60004027791A8B401A43531E9A416346170048
:101A70001F4335E600250024002684E60C003500CF
:101A8000203CE540202905D04024611A8E4049467B
:101A9000314389464846411E884107002F43EFE500
:101AA000D2085F0765461743D80887E6171ABA4277
:101AB00092419E1B5242B61A3302C1D47307FF08EB
:101AC000654601211F43F0084BE6002F7BD0654699
:101AD0001E0091463FE6811A8846C145A441F11A8D
:101AE0006442091B80242404214277D0101A8242C8
:101AF000924107009E1B5242B61A374300D0A0E025
:101B00006546002400263EE65F07D2086546174377
:101B1000D80853E6811891429241F0185242801839
:101B2000030200D568E74707C9080F43C008012131
:101B300017E6D2085F071743D8083FE60C000026D7
:101B4000002720E6002956D15F07D2081743D8089E
:101B500034E60C001E00D00829E6C10870070143D6
:101B6000F008002F62D080242403204207D0DE0832
:101B7000264204D165463000D1085B0719434F0F58
:101B8000C900C9087F070F4318E60C003000203C4D
:101B9000E0408446202905D04024611A8E40494601
:101BA000314389464846411E8841614607000F433C
:101BB00030E620210027091A0EE51E00002F00D074
:101BC00022E5002458E7002500240026DBE5C04676
:101BD000FE070000FF070000FFFF7FFF47460F439F
:101BE00000D147E70E00C146B5E5DF0864070221D2
:101BF00027430009B5E51900C008770707431143DB
:101C0000F008002900D1D9E580210903084207D056
:101C1000DC080C4204D1D2085B071A4317002000ED
:101C20007B0FFF00FF085B071F43C7E50F00C5E5FB
:101C3000124BD20833405F075B02012417431E0B8F
:101C4000A1E5264212D00D4B6546020001241E403C
:101C5000E6E4210085E51700A8E53A00D4E4DB08B6
:101C600064071C432700022100097AE5C0087707B2
:101C7000074365460021F00873E5C046FFFF7FFF7C
:101C8000F0B5DE46454657464E46E0B587B0009271
:101C900001930B031B0B9B46CA0F4B0004008046AD
:101CA0005B0D029200D198E07C4A934237D05946AE
:101CB000420FC9000A43802109041143C200904623
:101CC000774A894692469A44002300240393009E53
:101CD000019F3B031B0B9B467B0030005B0DFD0F00
:101CE000002B59D06D4A934248D05946720FC90013
:101CF0000A438021090411438B466949F2008C464E
:101D000051466344CB1A9A460021029E6E40F6B2B9
:101D10000F2C00D9CEE0634BA4001B599F465A46B6
:101D20000243914600D090E09A4602239046082450
:101D30000393CCE7CB464246029D0399022900D18A
:101D4000DEE1032900D18DE0012900D079E12E00E8
:101D500000220023002490461B052343F60733434B
:101D60004046190007B0F0BCBB46B246A946A046A3
:101D7000F0BD002200249046484BEDE75A46009BF8
:101D80001A43494B9C46E244002A59D102231C4382
:101D9000002302219B46B8E75A46009B1A4349D0CC
:101DA0005B46002B00D19CE1584601F00DFC02007F
:101DB00003000B3A1D27009EBA1A19005846D64058
:101DC00008398840320002439346009A8A403749D6
:101DD00053448A4600219A4497E75B460343994659
:101DE00021D05B46002B00D169E1584601F0ECFBA5
:101DF0000B235B429C460200844466461D239B1BCA
:101E0000260011005846DE4008398840330003435D
:101E1000994623008B409846254B00249B1A9A46EE
:101E20000023039353E7002398469A460133042482
:101E300003934CE701231C43002301219B4664E7E5
:101E40000323320003211C435FE79A460323D9464C
:101E50000C2403933BE700238024984600260F4B75
:101E6000240379E780245B4624031C4324032E00CB
:101E700090460A4B240B6FE780244B4624032342F1
:101E800002D05B462342F0D080244B4624031C43FF
:101E90002403029E014B240B5EE7C046FF070000AF
:101EA00001FCFFFFB4DC020801F8FFFFF3030000B0
:101EB0000DFCFFFFCB4500D2F8E000D1F3E0012399
:101EC0005B429C46444648460025E2445B46170E6A
:101ED0001B021F43190C3B04120200971F0C914672
:101EE00002910397FEF7BCF902007A430B04210C20
:101EF000804619438A4209D9009F0123BC465B42B0
:101F000061449C46E0448F4200D85CE1881A029903
:101F1000FEF7A6F9039A240442430904240C0300A3
:101F20000C43A24206D90099013B8C466444A1426D
:101F300000D842E1A01A424612041A4393464B4687
:101F400059461B0C1F0004930B0449460904090C55
:101F50000C001B0C5C43120C7B43884651437A43B4
:101F6000270CBC465B186344994203D9802149027F
:101F70008C466244190C24041B04240C8A181C1976
:101F8000904202D316D1A54214D25B46009F013B7A
:101F90004D4405934D459B41BC465B426344C0188C
:101FA000874200D302E1824200D929E100D124E135
:101FB000059B9B462C1BA542AD41009B801A6D42A0
:101FC000401B834200D10FE10299FEF749F9039AC1
:101FD0000B044243210C050019438A4200D9CBE08F
:101FE000881A0299FEF73CF9039A24044243090433
:101FF000240C03000C43A24200D9CAE04146A41AB3
:102000002A041A43049F13041B0C594340467B4384
:102010009C46150C68430B0C844463447D439842F2
:1020200003D98020400284466544180C09041B042F
:10203000090C40195B18844227D323D001233500B3
:102040001A43944B5344002B60DD510700D086E0C7
:102050002E00D1085A46D20106D55A468E4B1A4058
:1020600080239346DB0053448C4A934200DD80E694
:102070005A4652070A4390465A465B055402240BBF
:102080005B0D69E63500002BDBD0009D511EAC4690
:102090006444AC4200D29EE0844200D2E1E000D130
:1020A000EEE00A00CAE7424500D908E74B46DC07E4
:1020B000580843465B081C434346DD0706E701F02A
:1020C00083FA15239C4684440200634620321C2B6D
:1020D00000DC92E6230008388340994600239846A6
:1020E0009AE601F071FA02000300153220331C2A2F
:1020F00000DC5FE600990838814000228B4666E6E6
:1021000000222E0000249046654B25E62E0001217A
:10211000C91A382900DD1BE61F297EDC614814003E
:1021200050445B4682408340CC40501E8241234352
:102130001A435B46CB40510709D00F2111400429B7
:1021400005D0111D9142924152429B180A0019027A
:1021500000D49BE00022012300249046FCE50F21DF
:102160001140042900D173E7111D9142924152425E
:102170002E00C90893446DE7009B013D9C466144D5
:102180008B4200D92CE78A4200D829E7851E61449A
:1021900026E70099013B8C466444A14200D92DE713
:1021A000A24200D82AE7831E644427E7874200D072
:1021B000FEE6A94500D9FBE6F5E6A24200D8B9E65D
:1021C000831E6444B6E68A4200D89FE6BC46831E5E
:1021D000984661449AE60A00844200D02EE74B45B7
:1021E00000D02BE735002CE72A4B2F4A5344924569
:1021F00043DB0122002193442CE7AC4200D8D7E610
:1022000002235B429C4600994D444D459B41E3446B
:102210008C465B426344C018CCE61F204042C31A80
:102220005846D840202904D05946204B5344994061
:102230000A43531E9A410723190002430024114008
:10224000134209D008331340042B1DD0131D9342B1
:1022500089411A0049424907D2080A43904600239F
:102260007AE54946009F4D004D458941BC464942AB
:102270006144A946023A6418AEE70122524246E799
:102280009945EED30A00AAE70021E5E759075B026A
:102290001C0BE1E7FF030000FFFFFFFEFE0700004D
:1022A000FF0700001E04000002FCFFFF3E040000C8
:1022B000F0B55746DE464E464546E0B50D000400F3
:1022C000E80F83460903D80F090B824619488C464C
:1022D0001F0369005E00490D3F0B760D814218D047
:1022E00086420FD00120B1420DD1BC450BD19442A2
:1022F00009D1D3451CD0002905D160462043431E97
:10230000984100E00120F0BCBB46B246A946A04679
:10231000F0BD01208E42F6D1614639430F001743CC
:102320002743F0D15B465246981A431E9841EAE78C
:102330000020E8E7FF070000F0B557464E46454647
:10234000DE46E0B50D000E034900490D8A46DF0F59
:10235000E90FBC4683B02F4F04008046019158001E
:1023600019039146360B090B400DBA451DD0B842F2
:102370000DD05746002F2AD13443002824D10A43D8
:1023800036D0002C41D163465800013815E0114386
:1023900038D15346002B01D12643F4D0019B63452D
:1023A00007D1019B5800013807E026432AD1504548
:1023B00021D00120019B5F42384303B0F0BCBB46F3
:1023C000B246A946A046F0BD002CDCD0E6E70028C6
:1023D000EFD0019B6345ECD18245EADCE1DB8E4224
:1023E000E7D8DED1C845E4D80020C845E5D2D8E713
:1023F000002CE2D0DDE7114304D1019B6345D8D125
:102400000020DAE702204042D7E7019B6345E6D08F
:10241000CFE7C046FF070000F0B557464E46454699
:10242000DE46E0B50D000E034900490D8A46DF0F78
:10243000E90FBC4683B02E4F04008046019158003E
:1024400019039146360B090B400DBA451ED0B84210
:102450000DD05746002F27D13443002833D10A43EB
:1024600034D0002C40D163465800013815E01143A8
:1024700012D15346002B01D12643F4D0019B634572
:102480001DD00120019B5F42384306E0264303D163
:102490005045F6D111431CD0022003B0F0BCBB461E
:1024A000B246A946A046F0BD0028EAD0019B63458C
:1024B000E7D18245E5DC02DB8E42E2D80ED0019BFB
:1024C00058000138E9E7002CCDD0D7E7002CE4D044
:1024D000D7E7019B00206345DFD0D2E7C845D0D8BD
:1024E0000020C845D9D2EAE7019B6345E4D0C8E79C
:1024F000FF070000F0B557464E46DE464546E0B5BC
:102500001F000B031B0B16009A46CA0F4B0004005A
:10251000914685B05B0D00D1CFE1CD4A934255D0B5
:102520005146420FC9000A43802109041143C200E9
:102530009046C84A8A4693469B440023002502934E
:102540003C037B00FA0F0196240B5B0D009200D137
:1025500088E1BF4A934200D192E0BE4A9446634468
:102560009B440A2D42DCE400730F23438024494638
:1025700024041C43F3000193009B00205940CBB27C
:102580000393022D00DC94E00123AB401D00A62341
:102590002A00DB001A401D4200D029E290239B0054
:1025A0001D4200D14DE20023802499462403A84B0C
:1025B00010004A461B052343D2071343190005B0F8
:1025C000F0BCBB46B246A946A046F0BD5246024307
:1025D000904600D0ACE19B46022392460825029328
:1025E000AEE7009BA2469946019B9846029B022BB0
:1025F00000D1CAE1032B00D192E1012B10D10023BD
:1026000000240022D4E701227B083A4013435246BB
:10261000D2071343984653465B089A46039B994654
:102620005B46581C8023DB005B44002B00DCB1E1DF
:10263000424652070BD00F2241460A40042A06D0D8
:102640004246111D414592418846524292445246AB
:10265000D20106D55246804B1A4080239246DB00B9
:10266000C3187E4A934200DD8FE14246D1085246AC
:1026700052070A4351465B054C02240B5B0D97E75A
:10268000734B26439C46E344002E00D16FE10323A5
:1026900049461D43009B5940CBB203930A2D00DDF0
:1026A00033E10123AB401D000323029388222A4219
:1026B00097D1424643461204120C160001981D0C95
:1026C000030C0004000C4643B4461E006E43009603
:1026D000160007005E436146B0466F430E0CB844D7
:1026E0004644B74205D9802149028846009F4744A5
:1026F000009761460904090C370C36048C463100FA
:10270000614401911100260C2404240C61438C4681
:102710002100694389466146090C884672434A4450
:1027200042447543914503D9802149028846454476
:10273000110C884661460904090C8C461204624457
:10274000B91802915146090C8C4651460F043F0CB2
:102750003900414345448846614641438A464146E3
:102760006046090C894658437B4353444B449A4581
:1027700003D98021490289464844190C89464146BB
:102780000904090C8846390061431B044344884608
:1027900061464C4371438C46414677430E0C3F19CA
:1027A000F6194844B44203D9802149028946CC44F1
:1027B0000299009F894631044F4489464146974219
:1027C00092410C04240C4C44FF1852426419A11885
:1027D0009F429B41884682465B4299469045924182
:1027E000AC42A441C244D14452426442144399458C
:1027F0009B41824592415B42524213434A46360C0A
:10280000A419E31863445B02D20D1A43019992465E
:102810007A020A43501E8241FF0D17434A46520274
:102820001743B846DB0100D5EDE60D4B039A5B4438
:102830009146002B00DCACE03A00520700D110E7D3
:102840000F2258463A40042A00D0F9E609E7C0466C
:10285000FF07000001FCFFFFFFFFFFFEFE07000077
:10286000FF030000220032436FD0002C00D1C2E0F1
:10287000200000F0A9FE020003000B3A1D20821A7E
:1028800030001900D04008398C4002002243340047
:102890008C405946CB1A86498B469B440A2D00DD55
:1028A000A4E64946009B01945940CBB21400002095
:1028B0000393022D00DD67E6FBE65346034398468B
:1028C0003CD05346002B00D1A3E0504600F07CFEE4
:1028D0000B235B429C460200844411005046083999
:1028E00088401D23804660461B1A2000D840030004
:1028F000404603439A4623008B4098466C4B002584
:102900009B1A9B46002302931AE60F2D00D0C9E0C4
:10291000802352461B031A4202D01C4200D192E08F
:102920008024534624031C4324034246240B3EE6E2
:102930009B46032380460C25029301E600239A461A
:102940009B46013304250293FAE501210D430A2D2C
:1029500000DD4BE6494600984140C9B20391022D83
:1029600000DC96E000230024012001930CE6494698
:102970000223009A2B435140CAB203920A2B00DD76
:1029800034E6002D57D1039B994600240022494B81
:102990000EE658460121C91A382900DD2FE61F2905
:1029A00056DD1F2254465242D31ADC40202907D05C
:1029B000414B42469C465346604483401A439046EE
:1029C00042460721531E9A410B0022431340002424
:1029D000114209D00F231340042B5DD0111D9142E9
:1029E0009B410A005B425B07D2081A430023DFE5E4
:1029F000039B9946FAE5019800F0E6FD020003000A
:102A0000153220331C2A00DC38E7019A083882404E
:102A10003FE700F0D9FD15239C468444020063463D
:102A200020321C2B00DC58E700239846230008388E
:102A300083409A4662E71D00002300240220019390
:102A4000A2E5029032E61C43009B019A9946AEE54E
:102A50001A4B5246C31840469A40C840024340466B
:102A600098400300581E834154461A43CC405307F4
:102A700009D00F231340042B05D0131D934292411C
:102A80005242A4181A00230208D501230024002270
:102A90008EE5894600248BE50023A5E763076402E1
:102AA000240BA1E7009BA2469946019B984637E775
:102AB0000DFCFFFFFF0700003E0400001E040000A5
:102AC000F0B557464E464546DE46E0B583B0009029
:102AD00001910C034D00CE0F610A009C5F00640F52
:102AE0000C43009900920193C80019037B0D99468D
:102AF000019BCC4FDB0F9C464B0A00998046490F47
:102B00001943009B8B46DA0092466D0DB94500D102
:102B1000BFE00123614659404B468C46EB1A8E427A
:102B200075D0002B00DCA3E24946002900D1CEE09D
:102B3000BD4200D100E20127382B19DC802759461D
:102B40003F0439438B461F2B00DDFAE12027F91A99
:102B50008C4659466746B9400F001100D9400F43D3
:102B600061468A40511E8A415946D9401743641A2A
:102B7000C71BB84280414042241A230200D440E1DE
:102B80006402640A002C00D154E1200000F01CFD16
:102B90000300083B20213800CA1AD0409C400200A4
:102BA0009F4022439D4200DDA6E1581B0130091AD7
:102BB0003C008F40C4407B1E9F4113008B40274345
:102BC0001F43C2403B0014000025134300D1F7E12E
:102BD0007B0700D177E30F2338003B40042B04D060
:102BE000381DB842BF417F42E419230200D468E394
:102BF0008C4B01359D4200D1F4E08B4B6D051C40A0
:102C00006D0D6707C00864020743240BECE0002B3E
:102C100000DC29E34946002900D0D6E0594611439B
:102C200000D12EE1591E012B00D1E6E1BB4200D1BB
:102C300082E101270B00382914DC1F2B00DD3CE268
:102C40002027F91A8C4659466746B9400F001100F3
:102C5000D9400F4361468A40511E8A415946D940A6
:102C6000174364183F1887428041404224182302CA
:102C700000D4C6E06B4B01359D4200D1B2E001218A
:102C8000694B7A081C4039400A43E7071743640838
:102C90009EE7664B11438A46EB18002928D066450B
:102CA0002CD0002B5BD0002D00D12CE15B4666467A
:102CB0005F07D2081743DD083B002B4300D1E2E059
:102CC000802424032C432403564D240B8CE05946C6
:102CD000114300D1D5E0591E012B00D1B9E1BB420F
:102CE00000D1B1E101270B00382900DD40E72AE7D8
:102CF0006146012779408C466645D2D1002B00D130
:102D0000C5E0002D00D055E14B462500054300D11C
:102D100012E2591E8C46012B00D149E2414DAB42D3
:102D200000D18FE20127382911DC63461F2B00DD1B
:102D30005BE26146202327005B1A050098409F4014
:102D4000CD40431E9841CC402F430743A344BF18B6
:102D50009742924152425A4414004D4687E7344FFD
:102D60006B1C3B4200D0B6E05946230011430F00D4
:102D70000343002D00D026E1002B00D1C0E1002943
:102D800000D1A1E0831A98465B464045AD41E31A65
:102D90006D425B1B80252D042B4200D14BE15B462D
:102DA000101A824292411C1B0700012663465242C0
:102DB000A41A27431E40002F00D142E12C4200D12B
:102DC0006DE2194B01251C401BE7BD4200D13BE1E0
:102DD0000127382B00DD45E7802759463F0439435A
:102DE0008B462AE7002400272D052543F6073543A7
:102DF0003800290003B0F0BCBB46B246A946A04645
:102E0000F0BD7B0704D00F233B40042B00D0E7E646
:102E10002B00F808034A67070743E508934200D1EF
:102E20004AE7A5E0FF070000FFFF7FFF01F8FFFF73
:102E3000FE070000380000F0C7FB030018331F2B0B
:102E400000DCA7E63A00083882409D4200DD8AE0B7
:102E50005B1B581C1F2800DCD8E117001F3BDF401C
:102E6000202805D040231B1A9A40531E9A4117432D
:102E70000025002F00D1E5E07B0700D0ABE62C0059
:102E8000C6E7C008C6E700270024D14DACE7D14F04
:102E90006B1C3B4271D123000343002D00D04EE157
:102EA0005746002B00D1B5E1002F0DD08318834287
:102EB00080415C4440422418220200D5C8E11F0032
:102EC0009846274300D1BCE043466707DB081F4311
:102ED000E50800234CE0831A98465B464045BF4115
:102EE000E31A7F42DB1B1F027CD447461F4300D1FD
:102EF000A6E01C00474645E6B74CED1A14407B0798
:102F000000D080E784E74B462500054366D05F1E6E
:102F1000012B00D1FCE0AE4DAB4200D15EE1664634
:102F2000382F00DCB4E00120171ABA4292415B4608
:102F300052424D469C1A20E66707C0080743E50841
:102F4000BAE61F005946203FF9400F00202B05D05C
:102F50004021CB1A594699400A43924653465A1E7D
:102F600093411F4304E6EB1A9B4D15406F07ED0894
:102F70002C035D05240B6D0D36E7954DAB4200D15A
:102F8000D6E082182100824280415944404208180C
:102F9000C707520817434408520700D485E10F229F
:102FA0001D003A40042A00D01AE6FF0864072743B0
:102FB0000509DDE75B46D2085F071743DD087BE6BE
:102FC0000027002410E7002B00D0D6E0002900D015
:102FD0002FE1802400267E4D240305E766465C46EB
:102FE000D00817E75B46171ABA4292411C1B01260C
:102FF00063465242A41A1E40C4E5831883428041AE
:103000005C44404225182A0200D4DAE0724A5B0888
:103010001540EA071A4369085B0700D44AE10F2309
:103020001340042B00D1FCE0171D9742A4416442D9
:1030300002256418ECE647461C001F4300D043E716
:10304000002600250024CFE6C00867070743E508EF
:1030500032E6871A5B46B8428041E41A4042241A9D
:10306000230228D46307FF081F43E50801237FE7F5
:10307000002B00D173E64B465F1B3B00002D00D1B7
:1030800042E7382F00DDECE080230E001B041C43D8
:103090001F2F25DC20252300ED1B0100A840AB409D
:1030A000F940451EA8410B43FC4018435B461B1BDF
:1030B0009B4639E76646012562E51F005946203FD9
:1030C000F9408C46202B05D040275946FB1A9940E1
:1030D0000A43924657467B1E9F4163461F43C1E504
:1030E0003B002500203BDD40202F04D04023DB1B8C
:1030F0009C40204380464046431E9841284313E7A6
:1031000000299DD0012663465C4690461E40DBE6C2
:10311000171A5B46BA4292411C1B5242A41A230260
:10312000C8D46307FF081F4366460123E5081FE76D
:103130001D000024002757E65C46D0086AE6002BF5
:1031400000D137E75346C00867070743E508002B5F
:1031500000D1B1E580231B031D4208D05946C808A1
:10316000184204D1D20849070A43170005007B0F13
:10317000FF00FF085B071F439EE5C0086307184375
:10318000E508002953D080231B031D420AD059466D
:10319000CC081C4206D1012663462500D008490709
:1031A00008431E40470FC000C0087F07074383E560
:1031B0008318934292415C445242A5182A0200D5DA
:1031C00024E76F07DB081F43ED080123D0E6C04664
:1031D000FF070000FE070000FFFF7FFF5B46D208ED
:1031E0005F0766461743DD0866E52500203BDD40A6
:1031F0006346202B05D0402361465B1A9C40204348
:10320000804647467B1E9F412F43A0E52021002793
:10321000091AD2E4002F00D113E75C4617000025FD
:10322000F6E5D708490702230F432D09A0E607005A
:1032300042E55B4601265F07DD086346D208174377
:103240001E4039E55B46D2085F071743DD0833E5CA
:103250001E4ADB0822405707520201251F43140B68
:10326000C2E50E0001205FE6002B0DD04B465B1B34
:103270009C46002D00D148E50127382B00DD66E58E
:1032800080231B041C4350E56B1C114D2B4200D0C6
:1032900073E65946230011438A46034300E6670755
:1032A000C00800230743E50862E66407FF082743D8
:1032B00005095DE6D208490711430F0002232D09D5
:1032C00056E60700A4E538008FE4C046FFFF7FFF05
:1032D000FE070000F0B5C6461E03360BB0460D4E85
:1032E0000C034D005F0000B5240B6D0D7F0DB54242
:1032F0000BD0084900208F4204D1464616433000C7
:10330000431E984180BCB846F0BD04430120002C08
:10331000F8D1EEE7FF0700000B00020070B5164D74
:103320000C0382B04900002000920193240B490D48
:10333000DE0FA94204DD1148814203DD104BF01875
:1033400002B070BD8020400320430E4C641A1F2C35
:1033500008DD0D4B5B1AD84003005842002EEFD118
:103360001800EDE7094B009A9C46030061448B402E
:10337000E2401343F1E7C046FE0300001D040000D5
:10338000FFFFFF7F3304000013040000EDFBFFFF8D
:1033900070B5002816D0C317C5185D40C40F2800AB
:1033A00000F012F9104B1B1A5B055B0D0A2814DCA8
:1033B00002002E00153296400B22121AD5402D0322
:1033C0002D0B03E000240023002500261B052B43C2
:1033D000E40723433000190070BD0B3885402D03EE
:1033E00000262D0BF2E7C0461E04000010B5041E97
:1033F00010D000F0E9F80E4B1B1A5B055B0D0A2894
:103400000FDC0B222100121AD14015300A03844030
:10341000120B01E0002300221B05134320001900BA
:1034200010BD22000B38824012030024120BF3E778
:103430001E04000070B542024300C40FFE201B0EA4
:10344000591C550A08420CD0E02189008C466D07B2
:10345000120B63441B051343E407234328001900A0
:1034600070BD002B14D1002D1BD0280000F0ACF84B
:103470000A281CDC0B232A001B1ADA400300153330
:103480009D400E4B12031B1A5B05120B5B0DE1E70F
:10349000002D09D0130B802212031A436D07084B2D
:1034A000D8E700230022D5E70022054BD2E703002E
:1034B0002A000B3B9A400025E3E7C0468903000041
:1034C000FF070000F0B54B000F035B0D3A4C450FB2
:1034D00083B07F0A5E1C2F4300900191CA0FC50084
:1034E00026420BD035495C18FE2C13DDFF2000234B
:1034F000C0051843D207104303B0F0BD3D43002B75
:1035000001D10020F4E7002DF0D08023DB03FF2061
:103510003B43EDE7002C0CDD009BFF009B01581E98
:103520008341690F3B430B43590727D1DB08E0B2C6
:10353000DEE72100173131DB80211E2009043943E9
:10354000001B1F282DDD02267642341B0E00E640AC
:103550003400202804D01A488446634499400D431F
:103560002B00591E8B412343590703D00F211940CB
:1035700004290BD19B0100205B0AB9E70F211940F8
:10358000042904D19B015B0AE0B2B1E700240433B3
:103590005901F7D501340023E0B2A9E70020002348
:1035A000A6E7084C1C192B00A540C340A140681E8B
:1035B000854129430B43D7E7FE07000080FCFFFF4E
:1035C000A2FCFFFF82FCFFFF1C2101231B04984289
:1035D00001D3000C10391B0A984201D3000A0839A4
:1035E0001B09984201D30009043902A2105C40185B
:1035F0007047C046040302020101010100000000FF
:103600000000000010B5002903D1FFF7DDFF2030D6
:1036100002E00800FFF7D8FF10BDC04680B500AF3C
:10362000BFF34F8FC046044B044ADA60BFF34F8F9D
:10363000C046C046FDE7C04600ED00E00400FA05C4
:1036400080B500AF00F012F800F08EF800F0C0F87E
:1036500000F02AF900F0B8F900F0CAFA00F03AFCDC
:1036600000F0CAFCC046BD4680BD000090B583B0E6
:1036700000AF3B1D00221A70BB1D08221A80BB1C24
:1036800000221A80334ABB1C12881A80BB1C1B887C
:10369000314A934207D1314B01221A70304B00223C
:1036A0001A70FA2351E0BB1C1B881B0A9BB2DAB2CA
:1036B0002A4B1A70294B1B78002B02D1274B012271
:1036C0001A70BB1C1B88DAB2254B1A707B1D0122B5
:1036D0001A7032E07B1C00221A7024E0BB1D1B888C
:1036E0001C4A9446634419007B1D1B785A1E7B1CA0
:1036F0001B78DBB21C000B8898B21A4913009B00A0
:103700009B185B009B181B195B00021C5A52BB1DC7
:10371000BA1D128808321A807B1C1B78DBB2013379
:10372000DAB27B1C1A707B1C1B78DBB20A2BD5D952
:103730007B1D1A787B1D01321A70084B1B787A1D8D
:1037400012789A42C6D93B1D1B781800BD4603B0BB
:1037500090BDC04600A80708FFFF00007C000020C5
:103760002C130020240F002080B582B000AFFB1D79
:1037700000221A70BB1D01221A7019E0BB1D1B78B4
:103780009BB2013398B2BB1D1B78013B5A000E4B14
:10379000D31819000EF01BFFBB1D1B78192B02D983
:1037A000FB1D0A221A70BB1D1A78BB1D01321A704C
:1037B000064B1B78BA1D12789A42DFD9FB1D1B7885
:1037C0001800BD4602B080BDF81200207C00002029
:1037D00090B583B000AFFB1C00221A70BB1D002205
:1037E0001A803B0000221A807B1D00221A704BE0D9
:1037F0003B1D01221A7033E0BB1D1B881C339BB29A
:103800003A00110018000EF0E2FE3B0018887B1D04
:103810001A783B1D1978C4B2214813009B009B18ED
:103820005B00C318221C5A543B001B881B0A98B229
:103830007B1D1A783B1D1B78591EC4B21848130013
:103840009B009B185B00C318221C5A54BB1D1A888E
:10385000BB1D01321A803B1D3A1D127802321A70CC
:103860003B1D1B78092BC7D97B1D1A780C49130007
:103870009B009B185B00CB18093300221A707B1D3C
:103880001A787B1D01321A70064B1B787A1D12784C
:103890009A42ADD9FB1C1B781800BD4603B090BD01
:1038A000981100207C00002090B583B000AFFB1C75
:1038B00000221A70BB1D00221A803B0000221A80D1
:1038C0007B1D00221A707B1D00221A7015E0BB1DA3
:1038D0001B88CB3398B27B1D1B785A00374BD3180B
:1038E00019000EF074FEBB1D1A88BB1D01321A8030
:1038F0007B1D1A787B1D01321A70314B1B787A1DA3
:1039000012789A42E3D37B1D00221A704BE03B1DD4
:1039100001221A7033E0BB1D1B8899339BB23A0019
:10392000110018000EF053FE3B0018887B1D1A781A
:103930003B1D1978C4B2234813009B009B185B0001
:10394000C318221C5A543B001B881B0A98B27B1DCB
:103950001A783B1D1B78591EC4B21A4813009B00ED
:103960009B185B00C318221C5A54BB1D1A88BB1D30
:1039700001321A803B1D3A1D127802321A703B1D2B
:103980001B78092BC7D97B1D1A780E4913009B00A1
:103990009B185B00CB18093300221A707B1D1A7824
:1039A0007B1D01321A707B1D1B78092BAFD9FB1CC4
:1039B0001B781800BD4603B090BDC046C41200205D
:1039C0007C000020EC090020B0B588B002AF0B23CA
:1039D000FB1800221A703B1D00221A80BB1C00221B
:1039E0001A8008243B1900221A80BB1D00221A806D
:1039F00017257B1900221A7000233B610023FB600E
:103A00003B1D1900E4200EF0E2FD03001A003B19F3
:103A10001A803B191B88002B03D13B1D1A887B1988
:103A20001A703B1D1900E5200EF0D1FD03001A00AD
:103A300008243B191A80BB1C1900E6200EF0C7FDB4
:103A400003001A00BB1D1A803B191B88002B0AD1EA
:103A5000BB1D1B88002B06D13B1D1B881B04BA1CF9
:103A600012889B183B613B1D1900E7200EF0AFFD4B
:103A700003001A0008243B191A80BB1C1900E82017
:103A80000EF0A5FD03001A00BB1D1A803B191B8810
:103A9000002B0AD1BB1D1B88002B06D13B1D1B88A8
:103AA0001B04BA1C12889B18FB603B1D1900E920FF
:103AB0000EF08DFD03001A0008217B181A807B1878
:103AC0001B88002B0BD13B1D1B881B0A9BB2DAB253
:103AD000414B1A703B1D1B88DAB2404B1A703B1DDC
:103AE0001900EA200EF073FD03001A0008217B186C
:103AF0001A807B181B88002B0BD13B1D1B881B0ACF
:103B00009BB2DAB2364B1A703B1D1B88DAB2354BCA
:103B10001A703B1D1900EB200EF059FD03001A002E
:103B200008217B181A807B181B88002B0BD13B1DAA
:103B30001B881B0A9BB2DAB22B4B1A703B1D1B88E9
:103B4000DAB22A4B1A70244B1B78002B11D0234B6E
:103B50001B78002B0DD0204B1D78204B1B78FC6868
:103B600039691722BA18107800932B00220007F049
:103B700083FA1B4B1B78002B11D01A4B1B78002BA0
:103B80000DD0174B1D78174B1B78FC68396917222D
:103B9000BA18107800932B00220007F06DFA124B30
:103BA0001B78002B11D0114B1B78002B0DD00E4B26
:103BB0001D780E4B1B78FC6839691722BA181078EB
:103BC00000932B00220007F057FA0B23FB181B78F9
:103BD0001800BD4606B0B0BD53130020541300209A
:103BE00055130020561300205713002058130020AF
:103BF000B0B584B000AF0F23FB1800221A70082460
:103C00003A198A235B00110018000EF0E0FC030053
:103C10001A000C217B181A807B181B88002B24D1DA
:103C20003B191B881A1C03231340DAB2A44B03214F
:103C30000A4050011A7860218A43111C021C0A4371
:103C40001A703B191B881B0A9BB21A1C01231340D4
:103C5000DAB29B4B01210A4090001A7804218A4372
:103C6000111C021C0A431A701FE0964B1B785B065E
:103C70009B0FDAB2924B03210A4050011A7860215F
:103C80008A43111C021C0A431A708E4B1B785B0777
:103C9000DB0FDAB28A4B01210A4090001A78042126
:103CA0008A43111C021C0A431A7008243A198E23F5
:103CB0005B00110018000EF08AFC03001A000C21B2
:103CC0007B181A807B181B88002B11D13B191B888D
:103CD0001BB29BB2DB0BDAB2794B01210A40D00058
:103CE0001A7808218A43111C021C0A431A700FE03B
:103CF000744B1B781B07DB0FDAB2714B01210A40B2
:103D0000D0001A7808218A43111C021C0A431A7039
:103D100008243A191623FF33110018000EF057FC3F
:103D200003001A000C217B181A807B181B88002BBB
:103D300004D13B191A88644B1A8003E0634B1A883C
:103D4000614B1A8008243A198B235B00110018007C
:103D50000EF03DFC03001A000C217B181A807B1822
:103D60001B88002B04D13B191A88574B5A8003E05B
:103D7000564B5A88544B5A8008243A191823FF335B
:103D8000110018000EF023FC03001A000C217B1810
:103D90001A807B181B88002B0CD13B191B88DAB2C8
:103DA000494B1A713B191B881B0A9BB2DAB2464B6E
:103DB0005A7107E0454B1A79434B1A71434B5A79B4
:103DC000414B5A7108243A198C235B0011001800EA
:103DD0000EF0FDFB03001A000C257B191A80BA1D9A
:103DE0001A23FF33110018000EF0F1FB03001A0034
:103DF0000A217B181A807B191B88002B0DD17B1898
:103E00001B88002B09D13B191B881A00BB1D1B887E
:103E10001B041A432C4B9A600CE02D4B1B78002B93
:103E200004D0294BE12252029A6003E0274B9A68A2
:103E3000254B9A6008243A198D235B001100180065
:103E40000EF0C5FB03001A000C217B181A807B18AA
:103E50001B88002B0CD13B191B88DAB21A4B1A7342
:103E60003B191B881B0A9BB2DAB2174B5A7305E049
:103E7000154B18225A73144B00221A7308243A194E
:103E80001C23FF33110018000EF0A1FB03001A00E1
:103E90000C217B181A807B181B88002B05D13B193D
:103EA0001B88DAB2084B9A7603E0084B9A7E064BE1
:103EB0009A760F23FB181B781800BD4604B0B0BDDE
:103EC0004C130020501300203013002080000020ED
:103ED0005213002080B582B000AFBB1D00221A70C3
:103EE0003B0000221A803B1D00221A80FB1C00228E
:103EF0001A70FB1D00221A7071E0FB1D1B783B330A
:103F00009BB29B009BB23A00110018000EF05FFBC1
:103F100003001A003B1D1A803B1D1B88002B59D142
:103F20003B001B881B0A9AB2FB1C1A70FB1C1B78F7
:103F30001B09DBB21A00FB1D1B7801339A4249D1E1
:103F4000FB1C1B780F22134044D0FB1D1B785A1C0E
:103F5000FB1C1B780F210B40D8B2264913005B00D5
:103F60009B18CB180133021C1A703B001988FB1DEB
:103F70001B785A1CC8B21F4913005B009B18CB1852
:103F80000233021C1A70FB1D1B785A1C19491300BE
:103F90005B009B18CB1801331A78FB1D1B7801338B
:103FA000DBB2190010000FF059F9FB1D1B7801332B
:103FB000D8B2FB1D1B785A1C0E4913005B009B18DE
:103FC000CB1802331B7801221340DBB20022190008
:103FD0000FF04AFBFB1D1A78FB1D01321A70FB1D06
:103FE0001B78062B89D9BB1D1B781800BD4602B073
:103FF00080BDC046302C002090B585B000AF0F23A7
:10400000FB1800221A706F4BBB60322020F08AFA36
:1040100003003B603B68002B01D1FB23CEE0BB6873
:104020001B78FE2B01D0FF23C8E0FB1D00221A7075
:10403000B8E00F23FB1800221A7010E0BB685A1C6E
:10404000BA6019000F203B181B783A68D3180A7819
:10405000D2B21A703B181A783B1801321A700F242A
:104060003B191B78132BE9D9FB1D1A7813009B0011
:104070009B189B00544A98183B680133142219007E
:1040800021F06FFF3B6814220021180021F04AFE46
:104090003B1900221A70BB681433BB600FE0BA688A
:1040A0000F203B181B783968CB1812781A70BB6840
:1040B0000133BB603B183A18127801321A70BB68A2
:1040C0001B78FE2B08D0BB681B78FF2B04D00F2376
:1040D000FB181B78312BE2D90F217B181B78013B91
:1040E0003A68D3181B78002B04D07B187A18127802
:1040F00001321A700F23FB181A78FB1D1C78100070
:1041000020F010FA030019002F4A23009B001B190E
:104110009B00D3180C331960FB1D1A782A49130031
:104120009B009B189B00CB180C331B68002B12D1F3
:10413000FB1D1A7813009B009B189B00224A9B18BA
:1041400014220021180021F0EDFD3B68180020F03A
:10415000F3F90E2332E0FB1D1A781B4913009B0074
:104160009B189B00CB180C3318680F243B191A7846
:104170003B68190021F0F5FE144B1B780133DAB2CD
:10418000124B1A703B191A783B680021180021F075
:10419000C9FDBB681B78FE2B0AD1FB1D1A78FB1DDD
:1041A00001321A70FB1D1B78042B00D841E700E098
:1041B000C0463B68180020F0BFF900231800BD4638
:1041C00005B090BD00B00708E01300208D0A002064
:1041D00080B582B000AFFB1D00221A70BB1D01220A
:1041E0001A7021E0BB1D1B785A1E154B5200D35A82
:1041F000002B0DD0BB1D1B789BB2013398B2BB1DA9
:104200001B785A1E0E4B5200D35A19000EF000FABA
:10421000BB1D1B78192B02D9FB1D0A221A70BB1D6E
:104220001A78BB1D01321A70064B1B78BA1D127822
:104230009A42D7D9FB1D1B781800BD4602B080BD3D
:10424000F81200207C00002090B583B000AFFB1C6A
:1042500000221A70BB1D00221A803B0000221A8027
:104260007B1D00221A7047E07B1D1A782849130035
:104270009B009B185B005B5C002B38D03B1D012230
:104280001A7030E07B1D1A783B1D1B78591E2048A0
:1042900013009B009B185B00C3185B5C1B0299B268
:1042A0007B1D1A783B1D1878194C13009B009B1836
:1042B0005B00E3181B5C1A003B008A181A80BB1DC8
:1042C0001B881C339AB23B001B88190010000EF0AB
:1042D0009FF9BB1D1A88BB1D01321A803B1D3A1D78
:1042E000127802321A703B1D1B78092BCAD97B1D2C
:1042F0001A787B1D01321A70064B1B787A1D1278D2
:104300009A42B1D9FB1C1B781800BD4603B090BD82
:10431000981100207C000020F0B587B000AFB96094
:104320007A6019000F243B19021C1A700E257B19A4
:104330000A1C1A701726BB1900221A703B191B7829
:104340009BB21900E4200EF063F9BB681B0A9BB214
:104350001900E5200EF05CF9BB689BB21900E6205D
:104360000EF056F97B681B0A9BB21900E7200EF08D
:104370004FF97B689BB21900E8200EF049F97B19D0
:104380001B789BB21B029AB2202310241B19DB1945
:104390001B789BB2D3189BB21900E9200EF038F9B4
:1043A00024231B19DB191B789BB21B029AB228230A
:1043B0001B19DB191B789BB2D3189BB21900EA209A
:1043C0000EF026F92C231B19DB191B789BB21B025C
:1043D0009AB230231B19DB191B789BB2D3189BB2FE
:1043E0001900EB200EF014F9BB191B781800BD461C
:1043F00007B0F0BD80B582B000AFFB1D00221A707F
:10440000294B1A881623FF33110018000EF000F90B
:10441000254B5A888B235B00110018000EF0F8F82A
:10442000214B5B791BB21B021AB21F4B1B7B1BB2C9
:1044300013431BB29AB21823FF33110018000EF079
:10444000E7F8194B9B689AB28C235B0011001800A7
:104450000EF0DEF8144B9B681B0C9AB21A23FF3344
:10446000110018000EF0D4F80F4B5B7B1BB21B023F
:104470001AB20D4B1B791BB213431BB29AB28D2398
:104480005B00110018000EF0C3F8074B9B7E1A006A
:104490001C23FF33110018000EF0BAF8FB1D1B7827
:1044A0001800BD4602B080BD3013002080B582B038
:1044B00000AFFB1D00221A701B4B34220021180094
:1044C00021F030FCBB1D01221A7021E0BB1D1B78BE
:1044D0005A1E154B5200D35A002B0DD0BB1D1B7812
:1044E0009BB2013398B2BB1D1B785A1E0E4B520073
:1044F000D35A19000EF08CF8BB1D1B78192B02D96A
:10450000FB1D0A221A70BB1D1A78BB1D01321A70DE
:10451000064B1B78BA1D12789A42D7D9FB1D1B781F
:104520001800BD4602B080BDF81200207C000020BB
:10453000B0B58EB002AF1423F8180A257A191823E3
:10454000F9180823FB180093030001200EF0DEF990
:104550000C23F818BA1D1023F9183B1D0093030013
:1045600002200EF0D3F91C217B1801225A607B181F
:1045700000229A607B191B881A007B181A60BB699D
:104580001A000C007B18190010001AF085FC21009D
:104590007B1800225A607B1802229A603B1D1B8800
:1045A0001A007B181A60FB681A007B1819001000AB
:1045B0001AF072FCBB6918007B191B8800221900D5
:1045C0001AF0F3FD052010F045FEFB681A003B1DB4
:1045D0001B88190010001AF0CBFD031E17D1BB6910
:1045E00018007B191B88012219001AF0DEFD052036
:1045F00010F030FEFB681A003B1D1B8819001000EC
:104600001AF0B6FD0300012B01D1012300E00023C5
:104610001800BD460CB0B0BD90B585B000AF786055
:104620000F23FB1800221A701CE00F243B191A7884
:10463000114913005B009B189B00CB1808331A68C4
:104640007B6811001800FBF75FFD031E04D13B19C6
:104650001B780133DBB20BE00F217B181A787B1833
:1046600001321A700F23FB181B78002BDDD00023BA
:104670001800BD4605B090BD042B002080B584B065
:1046800000AF78600F23FB1800221A7041E0264A21
:104690007B6811001800FBF737FD031E01D10123D1
:1046A0003DE0224A7B6811001800FBF72DFD031E38
:1046B00001D1022333E01E4A7B6811001800FBF78A
:1046C00023FD031E01D1032329E01A4A7B68110050
:1046D0001800FBF719FD031E01D104231FE0164A41
:1046E0007B6811001800FBF70FFD031E01D10523A5
:1046F00015E0124A7B6811001800FBF705FD031E48
:1047000001D106230BE00F217B181A787B180132A8
:104710001A700F23FB181B78052BB8D9002318003B
:10472000BD4604B080BDC04644AE020848AE020893
:104730004CAE020850AE020854AE020858AE020851
:1047400080B582B000AF0FF041FE10F03BF80DF0E5
:1047500013FF0DF0C9FF0DF0CBFB10F0D7F80DF0F3
:1047600015FE10F00DF90EF023F8031E03D00DF026
:10477000A5FFFEF753FFFFF7DBFE031E21D03A4BE8
:1047800001221A70322010F065FD0CF0F9FC374B55
:10479000E12252029A60FB1D01221A700CE0334B99
:1047A0009A68FB1D1B781100180011F02FFAFB1DF1
:1047B0001A78FB1D01321A70FB1D1B78062BEED9EF
:1047C00004E0322010F046FD0CF0DAFCFEF738FF72
:1047D00011F08AFB0DF0C6FB254B1B78002B13D183
:1047E00080231B022348012219001AF0DEFCFA2361
:1047F0005B00180010F02EFD80231B021D480022D4
:1048000019001AF0D2FC26E080231B02194801226D
:1048100019001AF0CAFCFA235B00180010F01AFD08
:1048200080231B021348002219001AF0BEFC6420EA
:1048300010F010FD80231B020E48012219001AF00F
:10484000B4FC642010F006FD80231B0209480022FE
:1048500019001AF0AAFC06F0CDF9074B01221A70D4
:10486000C046BD4602B080BD521300203013002068
:104870002C130020000400508B0A002080B500AFEC
:1048800018F0CAFA0CF06CF8FFF75AFF06F0DCF9E2
:1048900015F000F8C046BD4680BD0000F0B587B0F9
:1048A00002AF0F23FB1800221A700E23FB18002200
:1048B0001A700D23FB1800221A70BB1D00221A70FB
:1048C0007B1D00221A700C23FB1800221A700B2388
:1048D000FB1800221A700A23FB1800221A70092301
:1048E000FB1800221A70BB1C00221A80D34B012235
:1048F0001A70D34B1A78D34B1A700823FB18012275
:104900001A7016E0CF4B1B7808217A1812789A4259
:1049100009D07B181B78180011F098F903000121C9
:10492000180011F0C1F908217B181A787B180132A0
:104930001A700823FB181B78062BE3D9C14B1B7890
:10494000180000F0B5FCC04B02221A70322014F09F
:10495000A9FF0E23FB1801221A700923FB1801225C
:104960001A7041E009217B181B785A1EB74B920040
:10497000D35A002B32D00E243B193A191278013247
:104980001A70B34B3A1912785A70B24B3A1912781E
:104990001A70AF4B00221A700D007B181878032391
:1049A000009310230022002106F08EFF3B191B7894
:1049B0009BB21B029BB27A191278511EA34A89003E
:1049C0008A5AD2B211007A191278013A5B1899B258
:1049D0009E4B9200D152322014F064FF09217B18C3
:1049E0001A787B1801321A7009217B181B78062B64
:1049F000B8D9994B1A88994B1A807B1801221A70E2
:104A00005FE009203B181B785A1E904B9200D35A46
:104A1000002B50D03B181B78591EBB1C8B4A8900B9
:104A20008A5A1A80BB1C1B881B0A9AB2BB1D1A70BB
:104A30003B181B785A1E854B9200D25A7B1D1A7068
:104A4000BB1D1B781BB2DB001AB27B1D1B781BB28F
:104A5000134319B23B181A7889B2804B5200D152D5
:104A600004003B181B78013BBA1D1278013A7749C4
:104A70009B00CB1802331888784B16214A43011C3F
:104A8000D1526E4B1B781BB2DB001AB23B191B785C
:104A90001BB2134319B2BB1D1B785A1E7B1D18781D
:104AA0008CB26E4913009B009B185B009B181B186F
:104AB0005B00221C5A5209217B181A787B1801329C
:104AC0001A700923FB181B78062B9AD90C23FB18A4
:104AD00002221A7017E00E23FB181B789BB21622D5
:104AE000534399B25D4A0C243B1918780B001121ED
:104AF00006F064FE0A2014F0D5FE21007B181A7817
:104B00007B1801321A700C23FA180E23FB18127846
:104B10001B789A42DFD97AE10C23FB1802221A7023
:104B200067E1FB1D01221A700AE0FB1D1B78013BA7
:104B3000474A0121D154FB1D1A78FB1D01321A701E
:104B4000FB1D1B780A2BF0D9414B00229A720C24D2
:104B50003B191B780B220E21180006F0DDFD3220D8
:104B600014F0A0FE3B191B7800220C21180006F05F
:104B7000D3FD96235B00180014F094FE0B23FB1862
:104B800001221A7051E00B203B181B78591EBB1CE8
:104B9000334A89008A5A1A80BB1C1B881B0A9AB2A6
:104BA000BB1D1A70BB1C1B88002B38D0BB1D1B788B
:104BB000002B34D10E217B187A18127801321A702A
:104BC000234B7A1812785A70224B7A1812781A707E
:104BD0007B181B789BB21B029BB23A181278511EAD
:104BE0001F4A89008A5AD2B211003A181278013A43
:104BF0005B1899B21A4B9200D152154B01221A70D0
:104C0000134B3A1812789A700C23FB181B78032266
:104C10001021180006F080FD322014F043FE0B2115
:104C20007B181A787B1801321A700B22BB181B787C
:104C30000A2BA8D9BB1801221A70A4E02C1300205B
:104C400051130020880A00208A0A0020200E00202C
:104C5000F00B00207C0000207A000020240F0020B0
:104C6000380E00200B243B191B785A1EDE4B920095
:104C7000D35A002B00D180E03B191B78591EBB1C76
:104C8000D94A89008A5A1A80BB1C1B881B0A9AB20F
:104C9000BB1D1A703B191B785A1ED34B9200D25A77
:104CA0007B1D1A70BB1D1B78012B66D00C257B1950
:104CB0001B785A1E3B191878CC4913009B009B188F
:104CC0005B009B181B185B005B5A002B19D1BB1DA6
:104CD0001B781BB2DB001AB27B1D1B781BB213437F
:104CE00019B27B191B785A1E3B1918788CB2BF4930
:104CF00013009B009B185B009B181B185B00221C79
:104D00005A52BB1D1B785A1E7B1D1878B7491300D9
:104D10009B009B185B009B181B185B005B5A002BC9
:104D20002BD10B243B191B78013BBA1D1278013A99
:104D3000AD499B00CB1802331888AC4B16214A436F
:104D4000011CD1520C23FB181B781BB2DB001AB2DA
:104D50003B191B781BB2134319B2BB1D1B785A1E9B
:104D60007B1D18788CB2A14913009B009B185B0037
:104D70009B181B185B00221C5A520B217B181A78B7
:104D80007B1801321A700B243B191B780A2B00D8B0
:104D900068E7954B18220021180020F0C3FF3B194B
:104DA00002221A7017E00E23FB181B789BB2162202
:104DB000534399B28D4A0B243B1918780B001121EB
:104DC00006F0FCFC642014F06DFD21007B181A78BD
:104DD0007B1801321A700B23FA180E23FB18127875
:104DE0001B789A42DFD90C217B181A787B18013284
:104DF0001A700C23FA180E217B1812781B789A422D
:104E000000D88EE60D23FB187A1812781A700D233D
:104E1000FA180E23FB1812781B789A4200D07BE612
:104E2000734B1A78734B1A70724B1B78180000F092
:104E30003FFA322014F036FD0C23FB1801221A70C1
:104E400020E00C23FB181B78591EBB1C6A4A890002
:104E50008A5A1A80BB1C1B881B0A9AB2BB1D1A7087
:104E6000BB1C1B88002B07D0BB1D1B78002B03D15C
:104E70000F23FB1805221A700C217B181A787B1857
:104E800001321A700C22BB181B78062BD9D9BB181B
:104E900002221A703DE00C23FB181B7800220C2123
:104EA000180006F039FC96235B00180014F0FAFC99
:104EB0000B23FB1801221A7020E00B23FB181B7830
:104EC000591EBB1C484A89008A5A1A80BB1C1B8881
:104ED0001B0A9AB2BB1D1A70BB1C1B88002B07D083
:104EE000BB1D1B78002B03D10F23FB1805221A7062
:104EF0000B217B181A787B1801321A700B23FB18D0
:104F00001B780A2BD9D90C217B181A787B1801320F
:104F10001A700C23FA180E23FB1812781B789A4289
:104F2000B9D90F23FB181B78002B00D04BE10923C4
:104F3000FB1801221A7014E0304B1B881BB20920A9
:104F40003A181278013A2E4911410A0012B2134060
:104F50001BB29AB2294B1A803B181A783B180132BF
:104F60001A700923FB181B78062BE5D90C23FB18B4
:104F70000E22BA1812781A70FEE00A23FB180122DA
:104F80001A70B4E00C243B191B785A1E0A257B19B1
:104F90001878164913009B009B185B009B181B1880
:104FA0005B005B5A002B2FD17B191B78013B154A04
:104FB0000021D15420003B181B785A1E0F4B520081
:104FC000D35A1BB27A191278013A0D4911410A00DD
:104FD00012B2134019B23B181B785A1E89B2074B04
:104FE0005200D1527DE0C046380E0020240F002030
:104FF00051130020880A0020200E0020F812002003
:10500000FF7FFFFFF00B00200C257B191B785A1E39
:105010000A26BB191C78B91C9D4813009B009B18DD
:105020005B009B181B195B001B5A0B80BB1C1B8869
:10503000DB089AB2BB1D1A70BB1C1B88DAB27B1D41
:1050400007210A401A70BB1D1B785A1E914B520053
:10505000D35A19007B1D1B78013B802212021A4192
:1050600013000B401ED1BB191B78013B8A4A01215A
:10507000D1547B191B785A1E864B5200D35A1AB250
:10508000BB191B78013B8021090219410B001BB29F
:10509000134319B27B191B785A1E89B27D4B5200FB
:1050A000D1521EE00A203B181B78013B7A4A0021AE
:1050B000D1540C243B191B785A1E764B5200D35AFC
:1050C0001BB23A181278013A744911410A0012B21F
:1050D000134019B23B191B785A1E89B26D4B52000E
:1050E000D1520A217B181A787B1801321A700A23D0
:1050F000FB181B780A2B00D844E70C243B191B78BB
:105100001900012000F0F4FA20003B181B78013B45
:10511000634AD35C5A1EBB1D62498A5C1A707C1DAF
:10512000BB1D1A7805003B181B781100180000F011
:10513000DFFA03002370BA1D7B1912781B789A429C
:1051400006D07B1D1B78013B534AD35C012B02D157
:10515000514B01229A720C243B191B780B220E2111
:10516000180006F0D9FA0A2014F09CFB21007B18E5
:105170001A787B18013A1A700C23FB181B78012B44
:1051800000D9FAE60923FB1801221A7016E0464BF3
:105190001B7809217A1812789A4209D07B181B785B
:1051A000180010F053FD03000021180010F07CFDE2
:1051B00009217B181A787B1801321A700923FB1811
:1051C0001B78062BE3D90F23FB181B78002B25D166
:1051D0000C23FB1802221A7019E00C243B191B78CF
:1051E00000220121180006F097FA3B191B78013BB9
:1051F0002B4AD35C1A0013009B009B185B0018001D
:1052000014F050FB3B191A783B1901321A70274BE6
:105210001B780C22BA1812789A42DED90F23FB1899
:105220001B78002B2CD10BF0D1FCFEF7D1FF6420B2
:1052300014F038FB0C23FB1802221A7019E00C241E
:105240003B191B7800221521180006F065FA3B195E
:105250001B78013B124AD35C1A0013009B009B1879
:105260005B00180014F01EFB3B191A783B19013241
:105270001A700E4B1B780C22BA1812789A42DED99B
:105280000F23FB181B781800BD4605B0F0BDC046C3
:10529000240F0020F8120020F00B0020FF7FFFFFFA
:1052A00060110020841C0020880A00207C0000205F
:1052B00080B586B002AF0200FB1D1A700E23FB18EA
:1052C00000221A700F23FB1801221A7028E00F2108
:1052D0007A18FB1D12781B789A421BD0164B1B883C
:1052E0001B0A9BB2DAB2154B1A70134B1B88DAB249
:1052F000124B5A70114B7A1812789A707B181878E2
:10530000032300930A230022002106F0DDFA052082
:1053100014F0C8FA0F217B181A787B1801321A7022
:105320000F23FB181B78062BD1D90E23FB181B78F3
:105330001800BD4604B080BD7A000020F00B0020AC
:10534000F0B58DB000AF1F23F918087069460E0044
:1053500013211823CB18D9190020087017211823FE
:10536000CB18D9190020087016211823CB18D91989
:105370000020087015201823C318D91900200870C0
:1053800014201823C318D91900200870D5490978AA
:105390000800013878623961002078613A697B69D8
:1053A0001000400F3A617B61DD0005433B69DC0082
:1053B0003960002078603C687D682300580F2B001E
:1053C000DB00FB60FB680343FB602300DB00BB608A
:1053D0000B000733DB08DB006A46D31A9D466B4699
:1053E00000333B6216211823CB18DB1900221A70F8
:1053F00018E016201823C318DB191B783A6A00211D
:10540000D1541823C318DB191A78B74B5200002166
:10541000D1521823C318DB191A781823C318DB19C3
:1054200001321A70AF4B1B78162218215218D2196C
:1054300012789A42DDD315211823CB18DB191822D4
:105440008A18D219127801321A701F23FB181B78A0
:10545000013B3A6A080018240919C9190978D1547E
:105460001823C318DB1918228218D21912780132B6
:105470001A70172318229B18DB1901221A7054E0A6
:105480001F23FB181B785A1E17241823E318DB1957
:105490001878964913009B009B185B009B181B18FB
:1054A0005B005B5A002B36D01F23FB181B785A1E5B
:1054B0008D4B5200D35A1AB220001823C318DB199F
:1054C0001B78013B012199400B001BB2134319B219
:1054D0001F23FB181B785A1E89B2834B5200D152EE
:1054E0001F23FB181B785A1E1823C318DB191878C2
:1054F0007E4913009B009B185B009B181B185B00E8
:105500005B5ADB089BB2013B3A6A15211820091847
:10551000C9190978D15417211823CB18DB191A7827
:105520001823CB18DB1901321A70172318229B1885
:10553000DB191B78062BA3D9142318229B18DB191F
:1055400000221A7015221823D318DB1918215218BB
:10555000D219127801321A70162318229B18DB19FF
:1055600000221A70A2E0162318229B18DB191B7860
:105570003A6AD35C1A00152318215B18DB191B78D3
:10558000013B9A4200D087E0172318229B18DB19B1
:1055900001221A7078E016241823E318DB191A7810
:1055A00017251823EB18DB191878504913009B00B6
:1055B0009B185B009B181B185B005B5A002B59D093
:1055C0001823E318DB191A781823EB18DB1918785D
:1055D000464913009B009B185B009B181B185B003F
:1055E0005B5ADB089BB2013B3A6AD35C002B41D18A
:1055F00020001823C318DB191A783B4B5200D35AEA
:105600001AB22C001823E318DB191B78013B012187
:1056100099400B001BB2134319B21823C318DB19AE
:105620001A7889B2304B5200D1521823C318DB19B3
:105630001A781823E318DB1918782C4913009B00FB
:105640009B185B009B181B185B005B5ADB089BB226
:10565000013B3A6A152118200918C9190978D15453
:1056600014221823D318DB1918215218D2191278D2
:1056700001321A7017211823CB18DB191A78182356
:10568000CB18DB1901321A70172318229B18DB196B
:105690001B78062B00D87EE716211823CB18DB19C0
:1056A0001A781823CB18DB1901321A700D4B1B78AE
:1056B000162218215218D21912789A4200D252E7B3
:1056C000142318229B18DB191B78002B00D033E71A
:1056D000132318229B18DB191B78B5461800BD460A
:1056E0000DB0F0BD7C000020500E0020240F0020E3
:1056F000B0B594B000AF0200FB1D1A70BB1D0A1CB0
:105700001A700823FB18180032231A00002120F019
:1057100009FB3B23FB1800221A704F23FB180022C1
:105720001A703A23FB1800221A704E23FB1800222D
:105730001A709F4B1A220021180020F0F3FAFB1D6B
:105740001B78013B9B4A0021D154FB1D1B78013B78
:10575000994A0021D1540123BB6432E0FB1D1B7820
:105760005A1E964913009B009B185B009B18BA6C4D
:105770009B185B005B5A002B20D0FB1D1B785A1E28
:105780008E4913009B009B185B009B18BA6C9B18FA
:105790005B005B5ADB089AB2BB1D1B789BB29A4236
:1057A0000CD1BB1D1B78013B824A0121D154804B97
:1057B000BA1D12781A70BB6CDBB2F5E0BB6C01331A
:1057C000BB64BB6C062BC9DD01237B6411E0FB1DB0
:1057D0001B787A6C9A4209D07B6C013B754AFF2199
:1057E000D1547B6C013B744A0021D1547B6C013352
:1057F0007B64734B1B781A007B6C9342E7DD77E088
:1058000008243A196B4B1100180000F0DBF8030074
:105810001A004F217B1801321A707A18BB1D1278BA
:105820001B789A426DD07B181B78013B3A190121F5
:10583000D1544323FB1801221A7054E04F243B1922
:105840001B785A1E43257B1918785C4913009B006E
:105850009B185B009B181B185B005B5A002B3CD00D
:105860003B191B785A1E7B191878544913009B006A
:105870009B185B009B181B185B005B5ADB089AB2F5
:105880003A217B181A707B181B78013B0822BA1842
:10589000D35C002B21D13B191B78013B454AD25CDC
:1058A0003B203B1801321A707B181B78013B414AA0
:1058B000D35C05003A1812789A420ED208007B1881
:1058C0001B78013B3B4A79190978D1543B181B7866
:1058D000013B394A39190978D15443217B181A7888
:1058E0007B1801321A704323FB181B78062BA5D9AD
:1058F0000823FB18180000F0A9F8031E00D17FE769
:1059000000E0C04613E04E22BB181B78BA18591CA1
:1059100011701900264B4F203A1812785A54010082
:105920007B181B785A1E7B1823498A5C1A704F23F8
:10593000FB181B78013B204AD35C002BE3D10123E9
:10594000FB632DE0FB1D1B785A1E1C4913009B00B6
:105950009B185B009B18FA6B9B185B005B5A002B33
:105960001BD0FB1D1B785A1E144913009B009B186B
:105970005B009B18FA6B9B185B005B5ADB089BB2C1
:10598000BA1D1278013A0B498A5C013A08498A5CCF
:10599000934202D1FB6BDBB206E0FB6B0133FB638E
:1059A000FB6B062BCEDD00231800BD4614B0B0BD46
:1059B000841C0020601100207C110020240F002096
:1059C0007C00002080B584B000AF786039600F2182
:1059D0007B18FF221A700E23FB1800221A703B68F6
:1059E0001B78002B03D17B187A6812781A70002379
:1059F000BB601BE0BB687A68D3181B780F217A184C
:105A000012789A420FD9BB683A68D3181B78002BDA
:105A100009D1BB687A68D2187B1812781A700E23E5
:105A2000FB18BA681A70BB680133BB60064B1B7861
:105A30001A00BB689342DDDB0E23FB181B781800AD
:105A4000BD4604B080BDC0467C00002080B584B057
:105A500000AF78600F23FB1801221A700023BB608F
:105A60000CE0BB687A68D3181A780F217B18791874
:105A700009780A401A70BB680133BB60064B1B787B
:105A80001A00BB689342ECDB0F23FB181B7818004D
:105A9000BD4604B080BDC0467C000020F0B587B094
:105AA00002AF0200FB1D1A70854A864B11001800D8
:105AB00020F0B8F8834B1800FAF730FB03009AB2D5
:105AC0008049FB1D187801235B420093322310F0BC
:105AD00007F80F23FB1801221A701BE00F243B1953
:105AE0001A787949774B180020F09CF8754B18000C
:105AF000FAF714FB03009AB27249FB1D18780123D0
:105B00005B42009332230FF0EBFF3B191A783B19ED
:105B100001321A700F23FB181B78062BDED96B4954
:105B2000FB1D187801235B420093322303220FF000
:105B3000D7FF0E23FB1800221A70ABE00E243B198E
:105B40001B785A1C62495F4B180020F06BF85D4BC4
:105B50001800FAF7E3FA03009AB25A49FB1D1878C5
:105B600001235B42009332230FF0BAFF3B191A78EE
:105B7000584B16214A43D35A1A0013005B009B1856
:105B80005B00554A99184F4B0522180020F0FEF88B
:105B90004C49FB1D187801235B42009332230522F8
:105BA0000FF09EFF4D49FB1D187801235B420093C7
:105BB000322301220FF094FF0D23FB1801221A70EB
:105BC00053E00E23FB181A780D23FB18187841496F
:105BD00013009B009B185B009B181B185B005B5A13
:105BE000002B06D13E49374B0022180020F01AF84E
:105BF00026E00E257B191A780D26BB191878354931
:105C000013009B009B185B009B181B185B005B5AE2
:105C1000DB089BB21C007B191A78BB1918782D4938
:105C200013009B009B185B009B181B185B005B5AC2
:105C30001A00072313402B49224822001FF0F2FFCD
:105C4000204B1800FAF76AFA03009AB21D49FB1DAF
:105C5000187801235B42009332230FF041FF0D219E
:105C60007B181A787B1801321A700D23FB181B78E9
:105C7000062BA6D91C49FB1D187801235B42009313
:105C8000322302220FF02CFF0E217B181A787B188A
:105C900001321A70154B1B780E22BA1812789A42EC
:105CA00000D24BE71249FB1D187801235B42009399
:105CB000322301220FF014FFC046BD4605B0F0BDEF
:105CC0005CAE02089809002070AE020878AE0208A7
:105CD0007CAE0208240F002070A8020888AE0208DB
:105CE0008CAE020890AE020898AE02087C0000203C
:105CF0009CAE020890B587B002AF0200FB1D1A707F
:105D00003C4A3D4B110018001FF08CFF3A4B180025
:105D1000FAF704FA03009AB23749FB1D18780123F9
:105D20005B42009332230FF0DBFE0F23FB180122AE
:105D30001A703EE00E23FB1801221A702EE00F208D
:105D40003B181B785A1E2D4B5200D35A19000E24B3
:105D50003B191B78013B802212021A4113000B40B1
:105D600016D03B181A783B191B78254922481FF09A
:105D700059FF214B1800FAF7D1F903009AB21E49D6
:105D8000FB1D187801235B42009332230FF0A8FE1D
:105D90000E217B181A787B1801321A700E23FB181B
:105DA0001B780A2BCBD90F217B181A787B1801326C
:105DB0001A70144B1B780F22BA1812789A42B9D96C
:105DC000114A0D4B110018001FF02CFF0A4B180050
:105DD000FAF7A4F903009AB20749FB1D18780123CA
:105DE0005B42009332230FF07BFEC046BD4605B0F8
:105DF00090BDC046A0AE020898090020F81200200D
:105E0000BCAE02087C000020D0AE0208F0B589B01C
:105E100002AF0200FB1D1A701223FB1800221A8029
:105E200013F0B8FE0300FB60FB6800221A70C74B3A
:105E30001B781A00C649C74B18001FF0F3FEC54A6D
:105E4000FB68110018001FF075FFC34B1B781A0088
:105E5000C249C04B18001FF0E5FEBE4AFB681100A6
:105E600018001FF067FFBE49BA48002300930423BF
:105E700000221FF0D7FEB74AFB68110018001FF080
:105E800059FFB84AB849B34B18001FF0CBFEB14ACE
:105E9000FB68110018001FF04DFFB44AB449AD4B28
:105EA00018001FF0BFFEAB4AFB68110018001FF07E
:105EB00041FFB04AA74B110018001FF0B3FEA54ADE
:105EC000FB68110018001FF035FF1723FB18012293
:105ED0001A7048E017243B191A78A7499D4B1800FF
:105EE0001FF0A0FE9B4AFB68110018001FF022FF64
:105EF0003B191B78A14AD35C042B27D89A00A04BEE
:105F0000D3181B689F469F4A924B110018001FF040
:105F100089FE1CE09C4A8F4B110018001FF082FE86
:105F200015E09A4A8B4B110018001FF07BFE0EE023
:105F3000974A884B110018001FF074FE07E0954A3D
:105F4000844B110018001FF06DFE00E0C046814A2E
:105F5000FB68110018001FF0EDFE17217B181A785E
:105F60007B1801321A701723FB181B78062BB1D946
:105F7000894A784B110018001FF054FE754AFB68DF
:105F8000110018001FF0D6FE1623FB1801221A700C
:105F900043E016217B181B785A1E804B9200D35881
:105FA0001B68002B0DD17B181A787D49694B1800AE
:105FB0001FF038FE674AFB68110018001FF0BAFE98
:105FC00025E01626BB191C78BB191B785A1E734B8B
:105FD0009200D3589B6A18000BF0B4F903001D001F
:105FE000BB191B785A1E6F4B9200D35818000BF048
:105FF000A9F903006C49574800932B0022001FF0B9
:1060000011FE544AFB68110018001FF093FE162180
:106010007B181A787B1801321A701623FB181B782C
:10602000062BB6D9FB681800FAF778F803001A00B7
:10603000FB689A185D4B1000190003231A001FF02B
:1060400090FFFB681800FAF769F803001A00FB6874
:106050009A18574B100019001D231A001FF081FFDA
:10606000FB681800FAF75AF802001223FB181A808E
:106070001523FB1801221A7023E0344B1B785A1E9B
:106080004C4B5200D35A190015203B181B78013B8A
:10609000802212021A4113000B400CD03B181A78D0
:1060A00045492C4B18001FF0BDFD2A4AFB68110022
:1060B00018001FF03FFE15217B181A787B1801325B
:1060C0001A701523FB181B78062BD6D91223FB1840
:1060D0001C88FB681800FAF721F803009C420ED1D7
:1060E000FB681800FAF71AF803001A00FB689A1800
:1060F000324B1000190005231A001FF032FFFB6815
:106100001800FAF70BF803001A00FB689A18274BDF
:106110001000190003231A001FF023FFFB1D1B783A
:10612000002B0ED0FB681800F9F7F8FF03009AB2B5
:10613000F968FB1D187801235B42009332230FF0AE
:10614000CFFCC046BD4607B0F0BDC0462C130020B2
:10615000F0AE020898090020880A00200CAF02085F
:1061600028AF020848AF020854AF02086CAF02081B
:1061700078AF020894AF0208A8AF0208980A00207E
:10618000ACB00208B0AF0208B8AF0208D0AF020846
:10619000DCAF0208F8AF020818B00208602B00203C
:1061A00030B00208D01A00204CB0020898AE0208A5
:1061B0007CB00208F81200209CB00208A4B00208CB
:1061C00090B585B000AF78600E23FB1800221A70DE
:1061D0000F23FB1800221A704B4A7B68110018002D
:1061E000F9F792FF031E03D1484B1B781BB286E0E0
:1061F000474A7B6811001800F9F786FF031E01D19A
:10620000FF237CE07B681B78232B25D17B6801333F
:1062100018001EF080F902000E217B181A700A0087
:10622000BB181B78002B0AD03A4B1B781100BA1808
:1062300012789A4203D87B181B781BB25FE0334B6D
:106240001B780E22BA1812789A4203D12F4B1B7872
:106250001BB254E0662352E00F23FB1800221A7091
:106260001DE00F243B191A7813009B009B185B005C
:10627000294A9A187B6811001800F9F745FF031E98
:1062800007D17B681B78002B03D03B191B781BB20E
:1062900035E00F217B181A787B1801321A701D4BDC
:1062A0001B780F217A1812789A42DAD37B180022D1
:1062B0001A701EE00F243B191A7813009B009B18DC
:1062C0005B00164A9A187B6811001800F9F71CFF4A
:1062D000031E08D13B191B781BB21B021BB2FE2206
:1062E00013431BB20BE00F217B181A787B18013285
:1062F0001A700F23FB181B78092BDBD964231800B5
:10630000BD4605B090BDC046C0B002082C130020A9
:10631000C4B002087C00002098110020EC09002085
:10632000B0B586B000AF02003960FB1D1A701323B0
:10633000FB1800221A7000237B6100237B610FE0B1
:106340007B699A00404BD2183B6811001800F9F79E
:10635000DBFE031E01D1062371E07B6901337B6103
:106360007B69032BECDD01237B6112E07A6913006A
:106370009B009B185B00354A9A183B681100180077
:10638000F9F7C2FE031E01D1072358E07B690133F0
:106390007B612F4B1B781A007B699342E6DB00235D
:1063A0007B6112E07A6913009B009B185B00294A0D
:1063B0009A183B6811001800F9F7A6FE031E01D1D8
:1063C00007233CE07B6901337B617B69092BE9DDB5
:1063D000214B224A1A6019E01F4B1B681B681B687F
:1063E000FB60FB681800F9F799FE0300BB60BA6810
:1063F000F9683B6818001FF0B8FC031E01D10823A0
:106400001DE0154B1B685A68134B1A60124B1B6832
:10641000002BE1D1FB1D1A7813009B009B185B0039
:106420000A4A9B183A68110018001FF092FD1325C4
:106430007C19FDF709FF030023707B191B781800F6
:10644000BD4606B0B0BDC04690A902089811002014
:106450007C000020EC0900205C13002004020020D6
:1064600080B588B000AF02003960FB1D1A70172399
:10647000FB1800221A700023FB610023BB6100237C
:10648000FB6129E0FA6913009B009B185B005B4AE3
:106490009A183B6811001800F9F736FE031E18D150
:1064A000FB1D1B785A1E564B5200D35A1AB20121BB
:1064B000FB6999400B001BB2134319B2FB1D1B78FB
:1064C0005A1E89B24E4B5200D1521723FB181B782B
:1064D00090E0FB690133FB61FB69092BD2DD0023EE
:1064E000BB610FE0BB699A00464BD2183B681100B4
:1064F0001800F9F709FE031E01D106237AE0BB69F3
:106500000133BB61BB69032BECDD0123BB6112E0EE
:10651000BA6913009B009B185B003B4A9A183B68C2
:1065200011001800F9F7F0FD031E01D1072361E007
:10653000BB690133BB61354B1B781A00BB699342C1
:10654000E6DB334B334A1A6019E0314B1B681B689A
:106550001B683B613B691800F9F7E0FD0300FB6035
:10656000FA6839693B6818001FF0FFFB031E01D170
:1065700008233FE0264B1B685A68254B1A60244BC2
:106580001B68002BE1D10023FB6118E01B49FA696D
:1065900013009B009B185B005B5C002B0CD1FA691D
:1065A00013009B009B185B00144A9B183A6811006B
:1065B00018001FF0CEFC05E0FB690133FB61FB69AD
:1065C000092BE3DDFB1D1B785A1E0D4B5200D35ADD
:1065D0001AB20121FB6999400B001BB2134319B297
:1065E000FB1D1B785A1E89B2054B5200D15217234E
:1065F000FB181B781800BD4608B080BDEC090020D0
:10660000C412002090A90208981100207C000020EC
:10661000601300200402002080B586B000AFB9608E
:106620007A6019000F23FB18021C1A700E203B1809
:106630000A1C1A701623FB1820221A807A688023FD
:106640001B059A4200D3D4E07B68DAB2E54B1A709E
:10665000E44B3A1812785A703B181B78082B00D973
:10666000BDE19A00E04BD3181B689F46BB681B78BE
:10667000DAB2DC4B9A700F23FB181B78032220211F
:10668000180005F049F8B4E1BB681B785BB2DAB2D8
:10669000D44B9A700F23FB181B780322202118007B
:1066A00005F03AF8A5E1BB681B889BB2DAB2CD4B86
:1066B0009A70BB681B889BB21B0A9BB2DAB2C94BAB
:1066C000DA700F23FB181B7804222021180005F034
:1066D00023F88EE1BB681B881BB2DAB2C14B9A70FB
:1066E000BB681B881BB21B121BB2DAB2BD4BDA703F
:1066F0000F23FB181B7804222021180005F00CF84A
:1067000077E1BB681B68DAB2B64B9A70BB681B684E
:106710001B0ADAB2B34BDA70BB681B681B0CDAB227
:10672000B04B1A71BB681B681B0EDAB2AD4B5A71C5
:106730000F23FB181B7806222021180004F0ECFF21
:1067400057E1BB681B68DAB2A64B9A70BB681B683E
:106750001B12DAB2A34BDA70BB681B681B14DAB2E7
:10676000A04B1A71BB681B681B16DAB29D4B5A719D
:106770000F23FB181B7806222021180004F0CCFF01
:1067800037E1BB681B78DAB2964B9A70BB6801336D
:106790001B78DAB2934BDA70BB6802331B78DAB23B
:1067A000904B1A71BB6803331B78DAB28D4B5A7168
:1067B000BB6804331B78DAB28A4B9A71BB68053325
:1067C0001B78DAB2874BDA71BB6806331B78DAB212
:1067D000844B1A72BB6807331B78DAB2814B5A724A
:1067E0000F23FB181B780A222021180004F094FFC5
:1067F000FFE07C4B00221A707A4B0E217A18127837
:106800005A707B681B0EDAB2764B9A707B681B0C51
:10681000DAB2744BDA707B681B0ADAB2714B1A7108
:106820007B68DAB26F4B5A717B181B78082B00D942
:10683000DEE09A006D4BD3181B689F46BB681B783F
:10684000DAB2684B9A711623FB1819880F23FB18CC
:106850001B780722180004F05FFFCAE0BB681B78B2
:106860005BB2DAB25F4B9A711623FB1819880F23BB
:10687000FB181B780722180004F04EFFB9E0BB6834
:106880001B889BB2DAB2574B9A71BB681B889BB2CC
:106890001B0A9BB2DAB2534BDA711623FB18198824
:1068A0000F23FB181B780822180004F035FFA0E026
:1068B000BB681B881BB2DAB24A4B9A71BB681B8853
:1068C0001BB21B121BB2DAB2464BDA711623FB184D
:1068D00019880F23FB181B780822180004F01CFFEE
:1068E00087E0BB681B68DAB23E4B9A71BB681B68D5
:1068F0001B0ADAB23B4BDA71BB681B681B0CDAB2BD
:10690000384B1A72BB681B681B0EDAB2354B5A72D1
:106910001623FB1819880F23FB181B780A2218006E
:1069200004F0FAFE65E0BB681B68DAB22D4B9A7181
:10693000BB681B681B12DAB22A4BDA71BB681B6892
:106940001B14DAB2274B1A72BB681B681B16DAB22B
:10695000244B5A721623FB1819880F23FB181B7837
:106960000A22180004F0D8FE43E0BB681B78DAB2B4
:106970001C4B9A71BB6801331B78DAB2194BDA7180
:10698000BB6802331B78DAB2164B1A72BB6803334A
:106990001B78DAB2134B5A72BB6804331B78DAB235
:1069A000104B9A72BB6805331B78DAB20D4BDA7262
:1069B000BB6806331B78DAB20A4B1A73BB6807331D
:1069C0001B78DAB2074B5A731623FB1819880F236A
:1069D000FB181B780E22180004F09EFE09E0C0464A
:1069E00007E0C046F00B0020C8B00208ECB0020877
:1069F000C0463B6A002B13D016F090FA03003B61AF
:106A0000C0460A4B1B78002B07D016F087FA02000D
:106A10003B69D31A3A6A9A42F3D8044B1B7800E0D8
:106A200000231800BD4606B080BDC0464D130020AF
:106A3000B0B584B002AF1E201DF074FD03007B6072
:106A40007B681E22002118001FF06CF90C4B1B7D87
:106A50005A1E0C4B9200D258094B9B7D1D00084BCF
:106A60005B7D1C00064B1B8B0749786801930094E3
:106A70002B001FF0D7F87B681800BD4602B0B0BDF0
:106A8000301300200000002024B1020890B587B028
:106A900004AF0200FB1D1A70BB1D0A1C1A700D4BBF
:106AA00019780C4B1C78BB1D1A78FB1D1878012334
:106AB000039301235B42029301235B420193022370
:106AC0000093230005F074F903001800BD4603B0DD
:106AD00090BDC0462C13002080B588B006AF0200E0
:106AE000FB1D1A70BB1D0A1C1A700023049300239F
:106AF00003930023029300230193002300930023B8
:106B0000002200210020FDF707FCFB1D1B785A1E08
:106B10001F4B9200D3581B68002B14D0BB1D1B7851
:106B20005A1E1B4B9200D3581B68002B0BD0FB1D29
:106B30001B7818000BF0C6FBBB1D1B7818000BF070
:106B4000C1FB002320E0FB1D1B785A1E104B920056
:106B5000D3581B68002B06D0FB1D1B7818000BF0C8
:106B6000B1FB002310E0BB1D1B785A1E084B92009E
:106B7000D3581B68002B06D0BB1D1B7818000BF0E8
:106B8000A1FB002300E068231800BD4602B080BDD1
:106B9000602B002080B584B000AFF860B960FB1DA9
:106BA0001A70FB68002B2FD0BB68002B2CD0FB1D6C
:106BB0001B78033B042B29D89A00164BD3181B686B
:106BC0009F46F968BB68022218001FF0CAF91EE050
:106BD000F968BB68022218001FF0C3F917E0F968D2
:106BE000BB68042218001FF0BCF910E0F968BB680C
:106BF000042218001FF0B5F909E0F968BB68042207
:106C000018001FF0AEF902E0C04600E0C046BD46E5
:106C100004B080BD10B1020880B584B000AFF86048
:106C2000B960FB1D1A70BB68002B2BD0FB68002BD2
:106C300028D0FB1D1B78072B1DD025DC062B13D07D
:106C400022DC032B02D0052B07D01DE0B968FB68BE
:106C5000022218001FF085F917E0B968FB680422CA
:106C600018001FF07EF910E0B968FB6804221800D4
:106C70001FF077F909E0B968FB68042218001FF0DB
:106C800070F902E0C04600E0C046BD4604B080BDD9
:106C9000B0B588B002AF78600D23FB1800221A70DF
:106CA0001723FB1800221A7000233B610E23FB18E8
:106CB00000221A8001235B421900012015F064FBB9
:106CC00012F068FF03003B61784B9A68E1231B03D5
:106CD0009A421ED01623FB1801221A7014E0744B3E
:106CE0001B7816217A1812789A4207D0E1231A03EA
:106CF0007B181B78110018000EF088FF16217B18F6
:106D00001A787B1801321A701623FB181B78062B91
:106D1000E5D9684B1B781C00674B1B881A001300D1
:106D20005B009B185B00654A9A18614B1B786449AD
:106D300064480093130022001EF074FF5C4B1C7823
:106D4000614B1D68604B1B681800F9F7E7F90300F9
:106D50009AB20A23290020000EF018FF544B1C7829
:106D6000584B1800F9F7DAF903009AB255490A238B
:106D700020000EF00BFF554B1B78012B00D091E04B
:106D8000534B1A780D217B181A70514B00221A7040
:106D90004E4B00221A70464B18780C0079180A23C3
:106DA00001220EF0F3FE3B191B787F2B3CD050DC08
:106DB0000D2B05D04DDC082B36D00A2B6DD048E0CA
:106DC0003B4B1C78434B1D68424B1B681800F9F77E
:106DD000A5F903009AB20A23290020000EF0D6FE7E
:106DE0001723FB181B785BB2002B05D13A4A3B4BAB
:106DF000110018001FF0ADF82D4B18783B69374A89
:106E0000012100F06FF8354A334B110018001FF0D4
:106E1000A0F81723FB1800221A70304B32220021F1
:106E200018001EF07FFF3DE017217B181B785BB236
:106E3000002B34DD7B181B785BB2DBB2013BDAB28E
:106E40007B181A707B181B785BB2244A0021D1543E
:106E500025E00D203B181B785A1C214BD3181B78BA
:106E60001A00972313401CD017217B181B785BB2A4
:106E7000312B16DC3B181A7808007B181B785BB2A4
:106E800051B2164AD15401007B181B785BB2DBB2B9
:106E90000133DAB27B181A7003E0C04602E0C04644
:106EA00000E0C04613F0ECF865E7C0463013002060
:106EB000880A00202C1300207A00002070A8020805
:106EC00024B40208B41300209C0000208E0A002085
:106ED000EA230020A00000207814002044140020A1
:106EE000F0DE0208F0B58DB002AFBA607B600F2310
:106EF000FB18021C1A700E23FB180A1C1A701423AC
:106F0000FB18180009231A0000211EF00BFF0023B4
:106F10003B621E23FB1800221A80BB68180000F099
:106F20009DFAC94B1B78002B22D1C849BB680322AC
:106F300018001EF01AFF031E1AD1BB680333190094
:106F4000012000F0C1FA031E09D0C14A7B6811007C
:106F500018001EF067FEBC4B00221A7005E0BA4B09
:106F600002221A707B680D221A7000237B6217E2DE
:106F7000B54B1B78002B18D0B649BB680622180009
:106F80001EF0F3FE031E10D1AF4B00221A70B24B5D
:106F90001900032000F098FAB04A7B68110018002D
:106FA0001EF040FE00237B62FAE1A74B1B78022B08
:106FB00013D1BB681900022000F086FA031E06D028
:106FC000A34A7B68110018001EF02CFE02E07B68CB
:106FD0000D221A7000237B62E2E1BB682E211800AB
:106FE0001EF0B5FE03003B623B6A002B00D1CEE1F0
:106FF0003B6A033B9A49032218001EF0B6FE031EAB
:1070000000D1C4E13B6A01331B785A1C954BD3185D
:107010001B781A000423134000D0B8E13A6ABB6819
:10702000D31A1A00B96814257B1918001EF0AEFE99
:107030001E26BC197B191800FFF7C2F80300238035
:10704000BB1900229B5E884A127893420AD13B6AA0
:107050000133992292007968180012F00DFD0300A7
:107060007B629DE11E23FB1800229B5E642B08D1EE
:107070007E4A7B68110018001EF0D4FD00237B625D
:107080008EE11E23FB1800229B5E662B08D1784AF6
:107090007B68110018001EF0C5FD00237B627FE1B4
:1070A0001E23FB1800229B5EFF2B48D1714B1A2236
:1070B000002118001EF036FE3B6A5C1CBB681800FD
:1070C000F9F72CF805001426BB191800F9F726F873
:1070D0000300EB1A5A1E684B210018001EF056FEE2
:1070E000614B1D78BB681800F9F718F803009CB2D3
:1070F000BB191800F9F712F803009BB2E31A9BB210
:107100001722FF21280004F0BDFA3B6A01339922BF
:1071100092007968180012F0AFFC03007B627B6874
:107120001800F8F7FBFF03001A007B689A18534B0E
:10713000100019001D231A001EF013FF30E11E225B
:10714000BB181B88DBB2FE2B59D1BB1800229B5EFB
:107150001B121BB2DAB24A4B1A70464B1A2200219C
:1071600018001EF0DFFD3B6A5C1CBB681800F8F7D6
:10717000D5FF05001423FB181800F8F7CFFF030014
:10718000EB1A5A1E3C4B210018001EF0FFFD364B37
:107190001D783B4B1E78BB681800F8F7BFFF030053
:1071A0009CB21423FB181800F8F7B8FF03009BB239
:1071B000E31A9BB217223100280004F063FA2A4B2D
:1071C0001B785A1E2F4B5200D35A1A002C4B1B7897
:1071D0001A4113000122134009D03B6A013399225E
:1071E00092007968180012F047FC03007B621423B8
:1071F000FB187A68244978681EF014FDD0E03B6AD9
:1072000001332249062218001EF0AFFD031E43D1B0
:107210001F4B1A7860218A431A701E243B191B8861
:10722000DBB200221921180004F076FA642012F073
:1072300039FB0D4B18783B191B88D9B2154B1A78BE
:10724000002309F0B7FE7FE0AA14002050B4020822
:1072500054B40208A8B40208B0B40208B4B40208D6
:10726000F8B40208F0DE02082C130020FCB4020877
:1072700024B50208A8120020F00B00204CB502082B
:10728000AB140020C41200206CB5020898B50208A7
:107290004C130020880A00203B6A5C1CBB68180065
:1072A000F8F73CFF05001426BB191800F8F736FF65
:1072B0000300EB1A5A1E614B210018001EF066FDF8
:1072C0001E23FB181B88DDB2BB681800F8F726FFE9
:1072D00003009CB2BB191800F8F720FF03009BB213
:1072E000E31A9BB2013B9BB21A001721280004F05D
:1072F00013FA1E23FB1800229A5E51497B6818007E
:107300001EF090FC7B681B78002B13D00E23FB181B
:107310001B78002B0ED07B681800F8F7FFFE0300E7
:107320009AB279680F23FB1818780123009332234F
:107330000EF0D6FB7B681800F8F7F0FE02007B68C1
:10734000002118001EF0EEFC3E4B1B78602213401B
:10735000DBB2602B18D1FA239B001900012015F035
:1073600013F8394B1B78002B0ED0384B1B88013398
:107370009AB2364B1A801E23FB1800229B5E7A6855
:10738000334978681EF04EFC00237B6208E09923A5
:107390009A007968BB68180012F06EFB03007B62EC
:1073A0007B681B78002B14D00E23FB181B78002B56
:1073B0000FD07B681800F8F7B1FE03009AB2796825
:1073C0000F23FB18187801235B42009332230EF041
:1073D00087FB7B681800F8F7A1FE02007B6800219C
:1073E00018001EF09FFC7B6A002B00D095E514234B
:1073F000FB180922002118001EF094FC154B1B7885
:10740000002B17D10E23FB181B78002B12D0124B28
:107410001C68114B1B681800F8F780FE03009AB235
:107420000F23FB18187801235B42009332232100BD
:107430000EF056FBC046BD460BB0F0BDF00B002071
:10744000A0B502084C1300204D130020DC130020CF
:10745000C4B50208AA140020A400002080B584B09E
:1074600000AF78600023FB6020E0FB687A68D218E8
:107470000B217B1812781A707B181B785A1C114B41
:10748000D3181B781A0003231340012B03D17B1858
:107490001B78203302E00B23FB181B78FA6879680D
:1074A0008A18DBB21370FB680133FB60FB687A68F3
:1074B000D3181B78002BD8D1C046C046BD4604B0B7
:1074C00080BDC046F0DE020890B587B000AF020074
:1074D0003960FB1D1A7000237B6100233B613E4B2A
:1074E0001B785A1E13009B009B189B003B4A9B185D
:1074F000FB60FB1D1B78032B05D065DC012B08D03E
:10750000022B0CD060E0FB6801221A7409F03CFCED
:107510005CE03B68180000F063F8030057E0FB688C
:10752000DB68002B2FD0FB68DB681800F8F7F6FD4E
:1075300003003B61FB68DC683B681800F8F7EEFD70
:1075400002003B69D3180233190020001DF038FAFD
:107550000300BB60BB68002B01D10E2337E0FB6842
:10756000BA68DA60FB68DA683B69D31813221A70CC
:10757000FB68DA683B690133D3183A6811001800D8
:107580001EF0E7FC22E03B681800F8F7C7FD030097
:10759000013318001CF0C6FF03001A00FB68DA6014
:1075A000FB68DB68002B07D1FB6814220021180060
:1075B0001EF0B8FB0E230AE0FB68DB683A68110096
:1075C00018001EF0C6FC01E0FF2300E000231800B5
:1075D000BD4607B090BDC0468D0A0020E0130020D4
:1075E000B0B58AB000AF78602723FB1800221A706C
:1075F00000233B620023FB610023BB611723FB18C0
:1076000000221A701623FB1800221A701523FB188B
:1076100000221A70914B1B78042B01D90E2319E11B
:107620008E4B1B781A0013009B009B189B008C4A02
:107630009B183B613B690A22002118001EF072FB77
:107640007B681B78622B00D06AE07B6802331B7872
:107650002E2B65D17B6801331B782F2B60D97B687B
:1076600001331B78362B5BD87B6801331A781724DB
:107670003B19303A1A703B6901221A703B693A197A
:1076800012789A707B6803337649072218001EF03F
:107690006CFB031E18D13B690522DA7020003B18F1
:1076A0001A78714913005B009B18CB1802331B78C2
:1076B0001A00012313402BD13B181B78012205210E
:1076C00018000BF0D1FF23E07B68033367490E22DB
:1076D00018001EF04AFB031E18D13B690622DA701F
:1076E00017203B181A78604913005B009B18CB18D1
:1076F00002331B781A000223134009D13B181B7870
:107700000122062118000BF0AFFF01E06723A1E082
:10771000524B1B780133DAB2504B1A70002399E0B8
:107720007968534B312218001EF030FB504B312248
:10773000002199544F4A4E4B110018001EF03AFB9D
:1077400003003B624B4B190000201EF033FB03008B
:10775000FB61484B190000201EF02CFB0300BB61AD
:107760003B6A002B01D1672374E016257C193B6A24
:107770001800FCF751FF0300237029007B181B78C9
:10778000002B14D0FB69002B11D1BB69002B0ED14B
:107790003B6902221A703B697A181278DA702F4B13
:1077A0001B780133DAB22D4B1A70002352E0FB69CB
:1077B000002B4ED0BB69002B4BD015257C19BB6923
:1077C0001800FCF729FF0300237029007B181B78A1
:1077D000002B0CD03B6904221A703B691622BA18A0
:1077E0001278DA703B697A181278DA711BE03B691B
:1077F00003221A703B691622BA181278DA70BB6934
:1078000018001CF07DFE02000B0010001900FBF7B1
:1078100059FE031CFB603B6906330C22B918042295
:1078200018001EF09EFBFB691800FCF727FF030001
:107830001A003B695A703B695B78002B01D16723C2
:1078400008E0064B1B780133DAB2044B1A700023B0
:1078500000E067231800BD460AB0B0BD8D0A0020C5
:10786000E0130020E4B50208302C0020ECB502083B
:10787000AC140020FCB5020890B587B000AF020040
:10788000FB1D1A701723FB1800221A7000233B619E
:107890000023FB60FB1D1A78674913009B009B18AF
:1078A0009B005B5C042B00D1BCE000DDBCE0032B43
:1078B0002BD000DDB8E0012B03D0022B00D1B5E0C6
:1078C000B2E0FB1D1A78172439195B4813009B009E
:1078D0009B189B00C31802331B780B70FB1D1A7892
:1078E000554913009B009B189B00CB180333197854
:1078F0003B191A78514813005B009B181B5C994296
:1079000001D1012394E0002392E0FB1D1A784A493B
:1079100013009B009B189B00CB1803331B7810228D
:10792000BA181100180009F06BFDFB1D1A7813003E
:107930009B009B189B00404A9B18991D0C23FB1829
:10794000042218001EF00DFBFB1D1A783A491300A3
:107950009B009B189B00CB1801331B78062B00D98A
:107960005EE09A00364BD3181B689F463B69FA6865
:10797000111C181CF8F7AEFD031E00D151E00123C5
:1079800056E03B69FA68111C181CF8F7BDFD031E90
:1079900000D146E001234BE03B69FA68111C181C3A
:1079A000F8F79EFD031E00D13BE03B690021181C47
:1079B000F8F790FD031E00D033E0012338E03B6967
:1079C000FA68111C181CF8F7A9FD031E00D128E065
:1079D00001232DE03B69FA68111C181CF8F78AFD99
:1079E000031E00D11DE03B690021181CF8F772FD51
:1079F000031E00D015E001231AE03B69FA68111C50
:107A0000181CF8F767FD031E00D00AE03B6900214F
:107A1000181CF8F75FFD031E00D002E0012307E009
:107A2000C04604E0C04602E0C04600E0C046002375
:107A30001800BD4607B090BDE0130020302C002098
:107A400000B6020880B582B000AF7B1D00221A701C
:107A5000BB1D00221A8000233B6012F09BF803003C
:107A60003B60BB1D00221A8043E0BB1D1A882749DA
:107A700013009B009B189B00CB1810331B78002B26
:107A800032D0BB1D1B88DBB21800FFF7F5FE031ECA
:107A90002AD01F4B1A7860218A43111C20220A43E6
:107AA0001A7010E01B4B18783B681B4A0021FFF747
:107AB00019FA3B681800F8F731FB02003B68002117
:107AC00018001EF02FF9BB1D1A88104913009B00E7
:107AD0009B189B00CB180C331B680F4A1100180031
:107AE00000F01EF8031EDDD1BB1D1A88BB1D01323C
:107AF0001A800A4B1B781A00BB1D1B889342B4D313
:107B00007B1D1B781800BD4602B080BDE01300202D
:107B10004C130020880A0020E01400208D0A002069
:107B200090B583B000AF78603960314B1B785A1E36
:107B3000304913009B009B189B00CB180C331B682B
:107B4000002B01D100234FE02B4B1B68002B02D1EF
:107B5000294B7A681A60284B1B681B78002B04D1CC
:107B6000254B00221A6000233EE0234B1B681321A3
:107B700018001EF0ECF80200204B1A601F4B1B6827
:107B8000002B1BD01C4B19681C4B1A681A4B1B6826
:107B9000D31A1A003B6818001EF0F8F8174B1A6841
:107BA000154B1B68D31A1A003B689B1800221A70E9
:107BB000124B1B685A1C104B1A6014E00E4B1968CC
:107BC0003B68312218001EF0E1F83B683133002297
:107BD0001A70094B1C683B681800F8F79FFA0300FD
:107BE000E218054B1A6001231800BD4603B090BD92
:107BF0008D0A0020E0130020141500201815002025
:107C000080B500AFBFF34F8FC046044B044ADA6023
:107C1000BFF34F8FC046C046FDE7C04600ED00E011
:107C20000400FA0580B500AFC046BD4680BD000027
:107C300080B500AF464B180011F0F6FE454B18001A
:107C400011F0F2FE444B180011F0EEFE434B180009
:107C500011F0EAFE424B180011F0E6FE414B18000D
:107C600011F0E2FE404B180011F0DEFE3F4B180011
:107C700011F0DAFE3E4B180011F0D6FE3D4B180015
:107C800011F0D2FE3C4B180011F0CEFE3B4B180019
:107C900011F0CAFE3A4B180011F0C6FE394B18001D
:107CA00011F0C2FE384B180011F0BEFE374B180021
:107CB00011F0BAFE364B180011F0B6FE354B180025
:107CC00011F0B2FE344B180011F0AEFE334B180029
:107CD00011F0AAFE324B180011F0A6FE314B18002D
:107CE00011F0A2FE304B180011F09EFE2F4B180031
:107CF00011F09AFE2E4B180011F096FE2D4B180035
:107D000011F092FE2C4B180011F08EFE2B4B180038
:107D100011F08AFE2A4B180011F086FE294B18003C
:107D200011F082FE284B180011F07EFE274B180040
:107D300011F07AFE264B22221A70254B23221A704C
:107D400009F040FBFFF76EFFC046BD4680BDC04650
:107D500014B70208ACB6020848B7020828B90208EE
:107D600078B90208B0B9020800BA020870BA02086D
:107D7000ACBA0208ECBA0208ACBB020828BC020884
:107D800080BC0208D0BC020868BD0208BCBD020865
:107D900014BE020894BE0208D0BE020820BF02082A
:107DA00070BF0208D0BF020818C0020860C00208F5
:107DB000A8C00208E8C0020830C1020810C20208C8
:107DC0008CC20208D4C2020824C3020890C302086D
:107DD0008C0A002080B586B000AFF860B9607A6088
:107DE0000B4B7B617A69FB68110018001EF0B1F83B
:107DF0007B691800F8F792F90200FB689B181800DD
:107E000014F07EF900231800BD4606B080BDC046C0
:107E1000A0C3020880B586B000AFF860B9607A6090
:107E20000B4B7B617A69FB68110018001EF091F81A
:107E30007B691800F8F772F90200FB689B181800BC
:107E400014F004FA00231800BD4606B080BDC046F9
:107E5000F0C3020890B585B000AFF860B9607A60F1
:107E60001E4B1B7819001E4A0B009B005B185B0021
:107E70009B5C002B09D11B4B1968184B1B781A000F
:107E8000FB6818001DF0CEFE11E0174B1968134B6C
:107E90001B781C00114B1B781A0013009B009B18C9
:107EA0005B000F4A9B18F86822001DF0BBFE802380
:107EB0001B020E480122190017F077F9C82011F0B3
:107EC000F1FC80231B0209480022190017F06DF90C
:107ED00000231800BD4605B090BDC0462C130020FD
:107EE00098110020A8000020AC00002000040050E1
:107EF000B0B588B002AFF860B9607A601523FB189E
:107F000000221A70694A7B680121180011F04AFEAC
:107F10000200674B1A60664B1B68002B2AD1654B29
:107F20001968654B1B781A00FB6818001DF07AFE73
:107F3000624B1A68FB68110018001DF0FBFE604BD5
:107F40001C78FB681800F8F7E9F803009AB2F968A2
:107F500001235B420093322320000DF0C1FD594BF9
:107F6000594A1A60594B01221A700A2011F09AFCE2
:107F7000FFF746FE4E4B18684C4B1B681A00544BDB
:107F800019001DF0F2FE031E00D07AE0514A7B6812
:107F90000221180011F006FE02004F4B1A604F4AF2
:107FA0007B680321180011F0FDFD02004C4B1A60A4
:107FB000494B1B681B785BB2232B0AD1464B1B68CD
:107FC000013318001CF0A7FA02001723FB181A70DF
:107FD00003E01523FB1868221A70414B1B681B78BD
:107FE0005BB2702B0AD13E4B1B68013318001CF0AA
:107FF00092FA02001623FB181A7003E01523FB18EF
:1080000068221A702C4B1B7817257A1912789A421D
:108010001FD0344B1A7860218A431A70324B1624D1
:108020003A1912781A707B191B7801221A2118004C
:1080300003F072FB642011F035FC1F4B1878204BC5
:108040001A783B191C787B191978230008F0B2FFC5
:108050001BE016243B1918780023009319230022F3
:10806000002103F031FC642011F01CFC124B187845
:10807000114B1978124B1A783B191B7808F09AFFAC
:1080800003E01523FB1868221A701523FB181B78D0
:10809000682B06D1154B1A68FB68110018001DF0FB
:1080A00058FF00231800BD4606B0B0BD6C15002077
:1080B00070150020B00000202C1300206800002064
:1080C000880A0020F03F0220EFBEADDE8A0A0020C1
:1080D00034C4020874150020781500207C15002097
:1080E000801500204C130020F00B0020B40000206D
:1080F000B0B588B002AFF860B9607A6017257B1917
:1081000000221A70324B1A68FB68110018001DF02B
:1081100020FF304B1C78FB681800F7F7FFFF0300C7
:108120009AB2F96801235B420093322320000DF0DC
:10813000D7FC7C19FCF7B2FB030023707B191B787A
:10814000002B23D1244B1968244B1B781A00FB68A1
:1081500018001DF067FD1F4B1C78FB681800F7F72F
:10816000DDFF03009AB2F96801235B4200933223DA
:1081700020000DF0B5FC174B1B781800FDF78EFCA6
:10818000144B1B781800FDF7B5FD16E0144B1A6868
:10819000FB68110018001DF0DCFE0E4B1C78FB681C
:1081A0001800F7F7BBFF03009AB2F96801235B429E
:1081B0000093322320000DF093FC0A4AFB68110063
:1081C00018001DF02FFD00231800BD4606B0B0BDFD
:1081D000B8000020880A0020BC0000207C0000209D
:1081E000C000002038C4020880B584B000AFF86039
:1081F000B9607A60FFF704FDB0B586B000AFF860F3
:10820000B9607A601723FB1800221A702D4A7B6828
:108210000121180011F0C6FC02002B4B1A60294BFB
:108220001B68092B04DD284B1B68093300221A70D8
:10823000264B1A78244B1B6817257C19190010004F
:10824000FEF76EF8030023707B191B78002B0AD110
:108250001F4B19681D4B1B781A001B4B1B68F868D5
:108260001DF0E0FC28E01723FB181B78062B08D133
:10827000184B1968144B1A68FB6818001DF0D2FCE3
:108280001AE01723FB181B78072B08D1124B19682B
:108290000D4B1A68FB6818001DF0C4FC0CE0172396
:1082A000FB181B78082B07D10C4B1968064B1A6872
:1082B000FB6818001DF0B6FC00231800BD4606B090
:1082C000B0BDC04684150020881500202C13002066
:1082D000C4000020C8000020CC000020D0000020F6
:1082E000B0B594B000AFF860B9607A604F23FB1866
:1082F00000221A702023FB18180027231A000021DF
:108300001DF010FD4C23FB1800221A804A243B1953
:1083100000221A8014257B1918000A231A00002154
:108320001DF000FD9C4A7B680121180011F03AFC09
:1083300002009A4B1A60994B1968974B1B681A00F8
:108340007B1918001DF022FD3B1901221A804923D8
:10835000FB1800221A701BE04923FB181A7813003F
:108360009B009B185B008E4A9A181423FB1811007F
:108370001800F7F7C9FE031E04D14A23FB18002298
:108380001A800AE049217B181A787B1801321A708A
:108390004923FB181B78092BDED9824B02221A7065
:1083A000FA68814B100019000A231A001DF0D9FD4C
:1083B0007C4B1B785BB219007C4A7B68180011F07B
:1083C000F1FB02007A4B1A605DE0794B1968774B3C
:1083D0001B681A0020243B1918001DF0D7FC734BB2
:1083E0001B6820003A180021D1544C257C193B18F9
:1083F0001800FDF7E5FE030023807B1900229B5E39
:10840000002B45DB7B191B88DBB24F257C1914221E
:10841000BA1811001800FEF723F8030023707B1927
:108420001B78002B36D15F4B1B785BB2022B0EDD25
:10843000FB681800F7F772FE03001A00FB689A1831
:108440005C4B1000190003231A001DF08AFD202345
:10845000FA18FB68110018001DF06CFC514B1B78DA
:108460005BB2DBB20133DBB25AB24E4B1A704D4BEA
:108470001B785BB219004D4A7B68180011F092FB23
:1084800002004B4B1A604A4B1B68002B9DD102E047
:10849000C04600E0C0464C23FB1800229B5E002B28
:1084A00008DA454B19682023FA18FB6818001DF0FC
:1084B000B9FB6CE03B4B1B785BB2022B08D13F4B06
:1084C00019681423FA18FB6818001DF0ABFB5EE076
:1084D0004F23FB181B78002B15D14A23FB180022D1
:1084E0009B5E002B0FD0364B19681423FA182024FA
:1084F0003B1918001DF096FB3A19FB681100180093
:108500001DF018FC43E04F23FB181B78002B15D1FE
:108510004A23FB1800229B5E002B0FD1294B1968C0
:108520001423FA1820243B1918001DF07BFB3A197C
:10853000FB68110018001DF0FDFB28E04F23FB181D
:108540001B78062B08D1204B19681423FA18FB68F6
:1085500018001DF067FB1AE04F23FB181B78072B50
:1085600008D11A4B19681423FA18FB6818001DF07B
:1085700059FB0CE04F23FB181B78082B07D1144B39
:1085800019681423FA18FB6818001DF04BFB002330
:108590001800BD4614B0B0BD8C1500209015002009
:1085A000EC090020941500203CC402089815002016
:1085B0009C15002048C40208D4000020D8000020E8
:1085C000DC000020E0000020E4000020E8000020A3
:1085D000EC00002080B584B000AFF860B9607A602C
:1085E0000020FDF713FC00231800BD4604B080BD39
:1085F00090B589B002AFF860B9607A6017217B1836
:1086000000221A70334B1B78012B04D97C180DF013
:10861000D7FB030023702F4B1B781A002E49FB68F1
:1086200018001DF0FFFA2D4B1C78FB681800F7F7B7
:1086300075FD03009AB2F96801235B42009332236F
:1086400020000DF04DFA264AFB68110018001DF0BD
:10865000E9FA224B1C78FB681800F7F75FFD03006E
:108660009AB2F96801235B420093322320000DF097
:1086700037FA1A4B1B781800FDF710FA174B1B78C6
:108680001800FDF737FB1723FB181B78022B15D1B9
:10869000144AFB68110018001DF0C4FA0F4B1C7837
:1086A000FB681800F7F73AFD03009AB2F968012356
:1086B0005B420093322320000DF012FA0A4AFB6855
:1086C000110018001DF0AEFA00231800BD4607B0D7
:1086D00090BDC0467C0000204CC40208880A0020DF
:1086E00068C402087CC4020838C40208F0B58BB024
:1086F00002AFF860B9607A601D23FB1800221A707F
:108700000023BB6100237B611F23FB1800221A702A
:108710001E243B1900221A701823FA187B680121C5
:10872000180011F03FFA02003D4B1A603C4B1B68E9
:10873000BA693C4918001DF018FB031E03D13B1910
:1087400001221A7028E0364B1B68BA6936491800B6
:108750001DF00BFB031E04D11E23FB1802221A700E
:108760001AE02F4B1B68BA69304918001DF0FDFA5A
:10877000031E04D11E23FB1803221A700CE0284BA1
:108780001B68BA692A4918001DF0EFFA031E03D1CD
:108790001E23FB1804221A701423FA187B68022186
:1087A000180011F0FFF90200224B1A60214B1B68E0
:1087B0001B785BB2702B09D11E4B1B68013318006C
:1087C0001BF0A9FE02001F23FB181A701D26BC19FE
:1087D0001F257B191A781E23FB181B78110018001F
:1087E0000AF03CFD03002370BB191B78002B12D14B
:1087F0000B4B1B68BA699B1800221A700E4B196844
:10880000074B1A687B191C787B191B78F868009352
:1088100023001DF007FA00231800BD4609B0F0BD83
:10882000A0150020C0C40208D0C40208E0C4020899
:10883000ECC40208A4150020F0000020F0B587B0B9
:1088400000AFF860B9607A601623FB1800221A7036
:1088500000233B6117243B1900221A701023FA18D9
:108860007B680121180011F09DF90200164B1A6077
:10887000154B1B681B785BB2702B08D1124B1B6821
:10888000013318001BF047FE02003B191A70162630
:10889000BC1917257B191B7818000AF017FE030076
:1088A0002370BB191B78002B08D1084B19687B1962
:1088B0001A787B191B78F8681DF0B4F900231800AA
:1088C000BD4607B0F0BDC046A8150020F40000204A
:1088D000F0B5C64600B592B004AFF860B9607A60F2
:1088E0003723FB1800221A7000237B6200233B62AF
:1088F0000023FB610023BB6100237B613023FB1855
:1089000000221A800023FB623623FB1800221A7013
:108910003523FB1800221A703423FB1800221A702A
:108920002B23FB1800221A703323FB1800221A7025
:108930002423FA187B680121180011F033F9020092
:10894000CD4B1A60CC4B1B68CC49042218001DF09B
:108950000CFA031E00D026E22023FA187B680221BD
:10896000180011F01FF90200C54B1A60C24B1B68BA
:10897000181D7B6A043B1A00C24B19001DF0F5F963
:10898000031E00D0A7E0BE4B1B683A6ABE49180020
:108990001DF0EBF9031E1DD1BC4B1A7860210A4370
:1089A0001A70BA4B1B785B07DB0FDBB21BB21B02E2
:1089B0001AB2B64B1B785B069B0FDBB21BB213439C
:1089C0001BB29AB28A235B001100180009F020FE46
:1089D00000F002FDAA4B1B683A6AAD4918001DF071
:1089E000C4F9031E20D1A94B1A7860218A43111CB7
:1089F00020220A431A70A54B1B785B07DB0FDBB202
:108A00001BB21B021AB2A14B1B785B069B0FDBB299
:108A10001BB213431BB29AB28A235B0011001800E9
:108A200009F0F6FD00F0D8FC954B1B683A6A9949AD
:108A300018001DF09AF9031E20D1944B1A7860217A
:108A40008A43111C40220A431A70904B1B785B0723
:108A5000DB0FDBB21BB21B021AB28C4B1B785B061E
:108A60009B0FDBB21BB213431BB29AB28A235B008B
:108A70001100180009F0CCFD00F0AEFC804B1B6823
:108A80003A6A854918001DF070F9031E1DD17F4B0D
:108A90001A7860218A431A707C4B1B785B07DB0FC6
:108AA000DBB21BB21B021AB2784B1B785B069B0F22
:108AB000DBB21BB213431BB29AB28A235B001100D4
:108AC000180009F0A5FD00F087FC3723FB18682289
:108AD0001A7000F081FC684B1B68181D7B6A043B10
:108AE0001A006E4B19001DF040F9031E2CD1644B87
:108AF0001B683A6A644918001DF037F9031E1DD13E
:108B0000624B1A7804210A431A70604B1B785B078A
:108B1000DB0FDBB21BB21B021AB25C4B1B785B068D
:108B20009B0FDBB21BB213431BB29AB28A235B00CA
:108B30001100180009F06CFD00F04EFC3723FB1803
:108B400068221A7000F048FC4B4B1B68181D7B6AAA
:108B5000043B1A00524B19001DF007F9031E2DD1DA
:108B6000474B1B6818001BF0D0FC0300FB62FA6A3D
:108B7000E1231B039A421BD84A4BFA6A9A60494B7D
:108B80009B689AB28C235B001100180009F040FD2D
:108B9000444B9B681B0C9AB21A23FF331100180038
:108BA00009F036FD3623FB1801221A7000F014FC80
:108BB0003723FB1868221A7000F00EFC2E4B1B683E
:108BC000181D7B6A043B1A00374B19001DF0CDF8C5
:108BD000031E22D12A4B1B6818001BF096FC0200D2
:108BE00030217B181A800A00BB181B88002B0ED07E
:108BF0002C4B1100BA1812881A807B181A88162379
:108C0000FF331100180009F003FD00F0E5FB3723E6
:108C1000FB1868221A7000F0DFFB174B1B68181D49
:108C20007B6A043B1A00214B19001DF09EF8031EBD
:108C30003ED1134B1B6818001BF067FC020030216B
:108C40007B181A800A00BB181B88002B0ED0154B0E
:108C50001100BA1812885A807B181A888B235B007F
:108C60001100180009F0D4FC00F0B6FB3723FB1804
:108C700068221A7000F0B0FBAC150020F8C402089E
:108C8000B015002000C502080CC502084C130020D6
:108C900010C5020818C502081CC5020824C5020830
:108CA0002CC502083013002038C5020844C502084C
:108CB000D84B1B68181D7B6A043B1A00D64B190061
:108CC0001DF053F8031E2FD1D44B1B6818001BF066
:108CD0001CFC020030217B181A800A00BB181B887C
:108CE000002B1BD0BB181B88FF2B17D8BB181B8869
:108CF000DAB2CB4B1A71CA4B5B791BB21B021AB2A8
:108D0000C74B1B791BB213431BB29AB21823FF3314
:108D10001100180009F07CFC00F05EFB3723FB1803
:108D200068221A7000F058FBBA4B1B68181D7B6A4A
:108D3000043B1A00BB4B19001DF017F8031E2DD180
:108D4000B64B1B6818001BF0E0FB020030217B18BB
:108D50001A800A00BB181B88002B1AD0BB181B886E
:108D6000FF2B16D8BB181B88DAB2AD4B5A71AC4B2F
:108D70005B791BB21B021AB2A94B1B791BB21343BE
:108D80001BB29AB21823FF331100180009F040FCFF
:108D900022E33723FB1868221A701DE33723FB18E0
:108DA00067221A7018E39B4B1B689F490422180026
:108DB0001CF0DBFF031E00D0A2E02023FA187B6822
:108DC0000221180010F0EEFE0200944B1A601C23E2
:108DD000FA187B680321180010F0E4FE0200934BA0
:108DE0001A601823FA187B680421180010F0DAFEC4
:108DF00002008F4B1A601423FA187B6805211800B3
:108E000010F0D0FE02008B4B1A60844B1B681800D8
:108E10001BF07BFB02003523FB181A70834B1B6889
:108E200018001BF072FB02003423FB181A70804BF1
:108E30001B6818001BF069FB02002B23FB181A703B
:108E40007C4B1B68002B1FD07A4B1B687A4902228F
:108E500018001CF08AFF031E04D13323FB180122E3
:108E60001A7011E0734B1B687449022218001CF041
:108E70007CFF031E04D13323FB1802221A7003E087
:108E80003723FB1868221A703723FB181B78002B36
:108E900000D0A1E23523FB181B78172B09D8342307
:108EA000FB181B783B2B04D82B23FB181B783B2B80
:108EB00004D93723FB1868221A708DE20BF082FC6C
:108EC000574B987D564B597D554B1A8B544B1D7DF6
:108ED0003723FC183323FB181B7803933523FB1827
:108EE0001B7802933423FB181B7801932B23FB1868
:108EF0001B7800932B000BF09BFB030023706BE2AD
:108F0000444B1B684E49042218001CF02EFF031E20
:108F100000D05DE22023FA187B680221180010F0CF
:108F200041FE02003D4B1A601C23FA187B680321A6
:108F3000180010F037FE02003C4B1A601823FA1894
:108F40007B680421180010F02DFE0200384B1A60D7
:108F50001423FA187B680521180010F023FE020084
:108F6000344B1A60324B1B6818001BF0CEFA02001B
:108F70002B23FB181A702F4B1B6818001BF0C5FA27
:108F800002003023FB181A80244B1B682D4906224F
:108F900018001CF0EAFE031E04D13523FB18012241
:108FA0001A7079E01D4B1B682749072218001CF036
:108FB000DCFE031E04D13523FB1802221A706BE07D
:108FC000164B1B682149092218001CF0CEFE031E17
:108FD00004D13523FB1803221A705DE00F4B1B6888
:108FE0001B49082218001CF0C0FE031E04D13523C3
:108FF000FB1804221A704FE0084B1B681549062223
:1090000018001CF0B2FE031E26D13523FB180522E2
:109010001A7041E0AC15002054C50208B0150020BC
:109020003013002068C5020878BD0208B41500207E
:10903000B8150020BC1500207CC5020880C50208B8
:10904000CCBD020884C502088CC5020894C502087C
:10905000A0C50208ACC50208BF4B1B68BF49082267
:1090600018001CF082FE031E04D13523FB180622D3
:109070001A7011E0B84B1B68B949062218001CF0A1
:1090800074FE031E04D13523FB1807221A7003E077
:109090003723FB1868221A70B24B1B68B2490722AB
:1090A00018001CF062FE031E08D0AE4B1B68AF49CF
:1090B000022218001CF059FE031E04D13423FB18B1
:1090C00001221A7000E1A74B1B68A9490822180069
:1090D0001CF04BFE031E08D0A24B1B68A5490222C0
:1090E00018001CF042FE031E04D13423FB18022298
:1090F0001A70E9E09B4B1B689F49052218001CF081
:1091000034FE031E08D0974B1B689C4902221800AE
:109110001CF02BFE031E04D13423FB1803221A700B
:10912000D2E0904B1B689649052218001CF01DFEEA
:10913000031E08D08B4B1B689249022218001CF0BA
:1091400014FE031E04D13423FB1804221A70BBE062
:10915000844B1B688C49032218001CF006FE031E7A
:1091600008D0804B1B688949022218001CF0FDFDC5
:10917000031E04D13423FB1805221A70A4E0794B96
:109180001B688349042218001CF0EFFD031E08D061
:10919000744B1B687F49022218001CF0E6FD031E79
:1091A00004D13423FB1806221A708DE06D4B1B6826
:1091B0007949042218001CF0D8FD031E08D0694B21
:1091C0001B687649022218001CF0CFFD031E04D153
:1091D0003423FB1807221A7076E0624B1B68704933
:1091E000052218001CF0C1FD031E08D05D4B1B6852
:1091F0006C49022218001CF0B8FD031E04D1342370
:10920000FB1808221A705FE0564B1B68664909225A
:1092100018001CF0AAFD031E08D0524B1B686349BE
:10922000022218001CF0A1FD031E04D13423FB18F8
:1092300009221A7048E04B4B1B685D490722180051
:109240001CF093FD031E08D0464B1B6859490222AF
:1092500018001CF08AFD031E04D13423FB180A22D7
:109260001A7031E03F4B1B685349082218001CF06C
:109270007CFD031E08D03B4B1B685049022218009E
:109280001CF073FD031E04D13423FB180B221A704B
:109290001AE0344B1B684A49082218001CF065FD8F
:1092A000031E08D02F4B1B684649022218001CF0F1
:1092B0005CFD031E04D13423FB180C221A7003E05A
:1092C0003723FB1868221A703723FB181B78002BF2
:1092D00000D081E02B22BB181B78002B0FD0BB18CD
:1092E0001B781F2B0BD830217B181A88FA23DB0040
:1092F0009A4204D37B181B88334A934204D93723FC
:10930000FB1868221A7067E00BF05CFA2F4B1B7C8D
:109310002E4A527C2D49897C2C48C07C37243C192C
:1093200035257D192D78A84630257D192D88AC4628
:109330002B257D192E7834257D192D7803900291E7
:109340000192009343466246310028000BF070F909
:109350000300237040E0C046B0150020B4C50208E9
:10936000C0C50208B4150020C8C50208D0C502084F
:10937000D4C50208E0C50208E4C50208ECC502082D
:10938000F0C50208F8C50208FCC5020800C60208BC
:1093900004C602080CC6020810C6020818C6020855
:1093A0001CC6020824C6020828C6020834C60208E1
:1093B00038C6020840C6020844C6020850C6020861
:1093C00054C6020860C602083408000030130020AA
:1093D0003723FB1867221A703723FB181B78002BE2
:1093E00022D1214B1B687A6A9B1800221A701F4BEE
:1093F00019681D4B1A681E4B1B68F8681CF012FC9C
:109400003623FB181B78012B27D11A4B1A68FB68EF
:10941000110018001CF08EFC174B1A68FB68110035
:1094200018001CF087FC18E03723FB181B78672B0B
:1094300007D1124B1A68FB68110018001CF089FD57
:109440000BE03723FB181B78682B06D10C4B1A68EE
:10945000FB68110018001CF07CFD00231800BD46BD
:109460000EB080BCB846F0BDAC150020F80000205E
:10947000B0150020FC0000200001002004010020A5
:109480000801002080B588B000AFF860B9607A604C
:109490001F23FB1800221A700023BB6100237B618D
:1094A0001E23FB1800221A701D23FB1800221A70BD
:1094B0001C23FB1800221A701823FA187B6801215C
:1094C000180010F06FFB0200BB4B1A60BA4B1B6810
:1094D000BA49042218001CF048FC031E00D0CAE060
:1094E000B54B1B68181DBB69043B1A00B44B19002F
:1094F0001CF03BFC031E31D1B24B1B7860221340A1
:10950000DBB2602B07D1B04B1968B04AFB6818007A
:109510001CF088FB31E1AB4B1B7860221340DBB2BF
:10952000202B07D1A84B1968A94AFB6818001CF02A
:1095300079FB22E1A34B1B7860221340DBB2002BA6
:1095400007D1A14B1968A34AFB6818001CF06AFBFD
:1095500013E11F23FB1868221A700EE1964B1B685B
:10956000181DBB69043B1A009B4B19001CF0FDFB46
:10957000031E13D1934B1B7804221340DBB2002B44
:1095800007D0914B1968914AFB6818001CF04AFB00
:10959000F3E01F23FB1868221A70EEE0864B1B686D
:1095A000181DBB69043B1A008C4B19001CF0DDFB35
:1095B000031E07D18A4B9A688A49FB6818001CF081
:1095C00031FBDAE07C4B1B68181DBB69043B1A00B9
:1095D000854B19001CF0C9FB031E08D1804B1B886A
:1095E0001A008049FB6818001CF01CFBC5E0724B98
:1095F0001B68181DBB69043B1A007C4B19001CF04A
:10960000B4FB031E08D1764B5B881A007549FB68D2
:1096100018001CF007FBB0E0674B1B68181DBB6906
:10962000043B1A00724B19001CF09FFB031E08D16B
:109630006B4B1B791A006B49FB6818001CF0F2FA9F
:109640009BE05D4B1B68181DBB69043B1A00694B0E
:1096500019001CF08AFB031E08D1614B5B791A00CC
:109660006049FB6818001CF0DDFA86E01F23FB1838
:1096700067221A7081E0504B1B685F490522180071
:109680001CF073FB031E00D073E01423FA187B68F0
:109690000221180010F086FA0200584B1A601E23AF
:1096A000FB1800221A701D23FB1800221A701AE002
:1096B000524B18681D23FB181A7813009B009B1847
:1096C0005B004F4A9B181900F6F71EFD031E04D1DC
:1096D0001E23FB1801221A700AE01D217B181A783C
:1096E0007B1801321A701D23FB181B78092BDFD958
:1096F0001E23FB181B78002B09D1424B19683F4BE6
:109700001A68FB6818001CF08DFA002350E03E4BED
:1097100019683A4B1A68FB6818001CF083FA1C237E
:10972000FB1801221A701CE01C217B181B785A1EA2
:10973000364B5200D35A1A001D23FB181B781A41CE
:1097400013000122134006D07B181B78FA683049B9
:10975000F8681CF067FA1C217B181A787B18013214
:109760001A702C4B1B781C22BA1812789A42DBD93B
:1097700003E01F23FB1867221A701F23FB181B78B6
:10978000672B07D1244B1A68FB68110018001CF0E6
:10979000E0FB0CE01F23FB181B78682B07D11F4B45
:1097A0001968054B1A68FB6818001CF03BFA002387
:1097B0001800BD4608B080BDC0150020F8C40208DE
:1097C00000C502084C1300200C0100200CC5020843
:1097D00064C602081CC5020824C502082CC502087C
:1097E0003013002068C6020838C5020844C50208C4
:1097F00054C5020868C5020810BA0208C415002042
:10980000EC0900201001002014010020C4120020E7
:1098100070C602087C000020180100201C010020F6
:1098200090B587B000AFF860B9607A601723FB1875
:1098300000221A7000233B611023FA187B68012173
:10984000180010F0AFF902002A4B1A60294B1B6870
:109850003A69294918001CF088FA031E11D1274BD8
:10986000274A13CA13C313CA13C312681A60FAF73C
:10987000C1FD244B1A68FB68110018001CF069FB3D
:1098800026E01C4B1B683A691F4918001CF06DFA52
:10989000031E19D100221621FF2001F03DFF1B4BB2
:1098A00002221A7064200FF0FDFFFAF7FFFD07F0A7
:1098B00065FB64200FF0F6FF154B1A68FB6811007A
:1098C00018001CF046FB03E01723FB1868221A70EF
:1098D0001723FB181B78682B06D10E4B1A68FB6800
:1098E000110018001CF035FB00231800BD4607B01E
:1098F00090BDC046C815002078C60208301300206D
:10990000800000202001002080C602088A0A002072
:109910002401002028010020F0B589B004AFF860D0
:10992000B9607A600AF04EFF2C4B5B7B182B14D188
:109930002B4B1968294B9B7C1C00284B5B7C1D0022
:10994000264B1B7C1A00254BDB89F868019300929B
:109950002B0022001CF066F93AE0204B5B7B0C2BBD
:1099600036D11E4BDB7C012B17D11E4B19681B4BCC
:109970009B7C1D00194B5B7C1E00184B1B7C1A0046
:10998000164BDB891C00F868174B02930194009278
:1099900033002A001CF046F91AE0104BDB7C022B46
:1099A00016D1104B19680D4B9B7C1D000B4B5B7C3B
:1099B0001E000A4B1B7C1A00084BDB891C00F86850
:1099C0000A4B02930194009233002A001CF02AF9FA
:1099D00000231800BD4605B0F0BDC046301300207E
:1099E0002C0100203001002088C602088CC6020825
:1099F00090B585B000AFF860B9607A600AF0E2FE19
:109A0000074B1C68FDF714F80200FB6821001800E2
:109A10001CF008F900231800BD4605B090BDC046F3
:109A20003401002090B58BB000AFF860B9607A6067
:109A30002723FB1800221A7000237B6100233B615F
:109A40001423FA187B680121180010F0ABF803000A
:109A50003B623B6A1B785BB2702B09D13B6A0133D6
:109A600018001AF058FD02002623FB181A7003E0B4
:109A70002723FB1868221A701023FA187B6802212A
:109A8000180010F08FF80300FB61FB6918001AF052
:109A900042FD0300BB612723FB181B78682B07D10D
:109AA0000E4B1A68FB68110018001CF052FA0FE008
:109AB000BA6926243B191B78110018000CF0A6F88F
:109AC000074B19683B191B78BA69F8681CF0AAF8AB
:109AD00000231800BD460BB090BDC04638010020E1
:109AE0003C01002090B587B000AFF860B9607A60A3
:109AF0001B4B1A681B49FB6818001CF093F81723CE
:109B0000FB1800221A7011E017243B191B789B00E8
:109B1000154A944663441B68FA681449F8681CF0B7
:109B200081F83B191A783B1901321A701723FB1878
:109B30001B78022BE8D9FB681800F6F7EFFA030050
:109B40001A00FB689A180A4B1000190003231A0028
:109B50001CF007FA00231800BD4607B090BDC046B0
:109B60004001002090C602089075FF1F94C60208AD
:109B70009CC6020890B587B000AFF860B9607A6003
:109B800016243B1900221A8013F002FA02003B1936
:109B90001A803B191B88114A934207D1104B196850
:109BA000104AFB6818001CF03DF807E00C4B1968E0
:109BB0000D4AFB6818001CF035F8C0460B4B1C68BA
:109BC00013F0DAF903001B0BFA68F86821001CF0A7
:109BD00029F800231800BD4607B090BD67040000B7
:109BE00044010020A0C60208ACC6020848010020BB
:109BF00080B584B000AFF860B9607A60074B19682F
:109C0000074B1B681B041A0CFB6818001CF00AF8B1
:109C100000231800BD4604B080BDC0464C010020A2
:109C2000E075FF1FF0B58FB004AFF860B9607A60DF
:109C30001823FB18A34A13CA13C312881A80A24B15
:109C40001C78A24B1D68A14B1B681800F6F766FA3A
:109C500003009AB201235B420093322329002000C3
:109C60000BF03EFF2723FB1801221A702623FB1856
:109C700000221A7011E126203B181A78944913002B
:109C80009B009B189B005B5C002B1AD0914B1C68BF
:109C90002723FB181D783B181A788D4913009B0069
:109CA0009B189B00CB1810331B7819001823FA1847
:109CB0000B00DB005B1AD318F8682A0021001BF0A8
:109CC000B1FF2623FB181A78814913009B009B18CB
:109CD0009B005B5C012B02D0032B51D097E0262325
:109CE000FB181A787A4913009B009B189B00CB182D
:109CF00003331B78052B02D0062B20D03FE0764B98
:109D00001C6826203B181A78714913009B009B1889
:109D10009B00CB1802331B781D003B181A786C4946
:109D200013009B009B189B00CB180C331B68FA6830
:109D3000F86800932B0021001BF074FF1FE0674BB5
:109D40001C6826203B181A78614913009B009B1859
:109D50009B00CB1802331B781D003B181A785C4916
:109D600013009B009B189B00CB180C331B68FA68F0
:109D7000F86800932B0021001BF054FFC04646E01A
:109D800026243B191A7813009B009B189B00504A0D
:109D90009B18991D1423FB18042218001CF0E1F8ED
:109DA0004F4B1D6820003B181A78494913009B004F
:109DB0009B189B00CB1803331B785A1E494913008C
:109DC0005B009B189B00CB1808331E683B181A7861
:109DD0003F4913009B009B189B00CB1801331B7855
:109DE0005A1E13005B009B183F4A9C187B69181C85
:109DF000F9F720FB02000B00F968F8680292039360
:109E0000009433000A0029001BF00CFFC04610E04C
:109E1000364B1968364BFA68F8681BF003FF344B71
:109E20001800F6F77BF90200314B002118001BF0F7
:109E300079FF26257B191A78254913009B009B186A
:109E40009B00CB180C331B68294A11001800FDF742
:109E500067FE031EDCD1274B1A68FB68110018004F
:109E60001BF068FF184B1C78FB681800F6F756F9D2
:109E700003009AB2F96801235B4200933223200069
:109E80000BF02EFE2722BB18BA18127801321A7076
:109E90007B191A787B1901321A70174B1B7826220E
:109EA000BA1812789A4200D2E5E6144B1A68FB6899
:109EB000110018001CF04DF800231800BD460BB02F
:109EC000F0BDC046B4C60208880A00205001002038
:109ED000E013002054010020580100205C01002004
:109EE00060010020042B002024B602086401002039
:109EF000CC150020680100208D0A00206C01002094
:109F000080B588B000AFF860B9607A6000233B612B
:109F10001F23FB1800221A701023FA187B680121F6
:109F200018000FF03FFE0300BB61BB6918001AF078
:109F3000ECFA020017217B181A700A00BB181B7874
:109F4000002B05D0184B1B78BA1812789A4203D907
:109F50001F23FB18FF221A701F23FB181B78002BEE
:109F600016D11723FB181B785A1E104913009B00AB
:109F70009B189B00CB18103301221A7006F004FFC7
:109F80000B4B1A68FB68110018001BF0E2FF06E09B
:109F9000084B1A68FB68110018001BF0DAFF002359
:109FA0001800BD4608B080BD8D0A0020E0130020D7
:109FB000780100207C01002080B588B000AFF860F7
:109FC000B9607A6000233B611F23FB1800221A70DE
:109FD0001023FA187B68012118000FF0E3FD03003D
:109FE000BB61BB6918001AF090FA020017217B18B8
:109FF0001A700A00BB181B78002B05D0184B1B7871
:10A00000BA1812789A4203D91F23FB18FF221A703C
:10A010001F23FB181B78002B16D11723FB181B7866
:10A020005A1E104913009B009B189B00CB1810333D
:10A0300000221A7006F0A8FE0B4B1A68FB6811008C
:10A0400018001BF086FF06E0084B1A68FB68110039
:10A0500018001BF07EFF00231800BD4608B080BD2D
:10A060008D0A0020E01300208001002084010020E0
:10A0700090B589B000AFF860B9607A6000233B61A9
:10A080001F23FB1800221A701023FA187B68012185
:10A0900018000FF087FD0300BB61BB6918001AF0C0
:10A0A00034FA020017217B181A700A00BB181B78BB
:10A0B000002B05D05F4B1B78BA1812789A4203D94F
:10A0C0001F23FB18FF221A701F23FB181B78002B7D
:10A0D00000D096E017243B191B785A1E56491300EE
:10A0E0009B009B189B0000225A543B191B785A1E58
:10A0F000514913009B009B189B00CB180133002291
:10A100001A703B191B785A1E13009B009B189B006A
:10A11000494A9B1802330422002118001BF002FE5A
:10A120003B191B785A1E444913009B009B189B0047
:10A13000CB18103300221A703B191B785A1E3E4967
:10A1400013009B009B189B00CB180C331B68180056
:10A150001AF0F2F920003B181B785A1E36491300FA
:10A160009B009B189B00CB180C3300221A601E2307
:10A17000FB183A1812781A7034E01E203B181A782F
:10A180002D4913009B009B189B005B5C002B23D088
:10A1900001007B181B785A1E13009B009B189B0024
:10A1A000254A98180C007B181A7813009B009B18FE
:10A1B0009B00214A9B18142219001BF0D2FE3B1968
:10A1C0001A7813009B009B189B001B4A9B181422B3
:10A1D000002118001BF0A6FD1E217B181A787B18A1
:10A1E00001321A70134B1B781E22BA1812789A4249
:10A1F000C3D3104B1B78013BDAB20E4B1A7006F03A
:10A20000C3FD1F23FB181B78002B07D10B4B1A68CB
:10A21000FB68110018001BF09CFE06E0084B1A6852
:10A22000FB68110018001BF094FE00231800BD46C7
:10A2300009B090BD8D0A0020E013002088010020A5
:10A240008C01002090B58BB000AFF860B9607A60E7
:10A250000023BB6100237B612723FB1800221A70B7
:10A260001823FA187B68012118000FF09BFC0300EB
:10A270003B623B6A1B785BB2702B09D13B6A0133AE
:10A2800018001AF048F902002623FB181A7003E0A0
:10A290002723FB1867221A701423FA187B680221FF
:10A2A00018000FF07FFC0300FB61FB691B785BB2B9
:10A2B000702B09D1FB69013318001AF02CF9020048
:10A2C0002523FB181A7003E02723FB1867221A7056
:10A2D0002722BB181B78002B0DD1BC182523FB1897
:10A2E0001A782623FB181B7811001800FCF7CEFB08
:10A2F0000300237003E02723FB1867221A7027232B
:10A30000FB181B78002B0BD1124B19682623FB1866
:10A310001A782523FB181B78F8681BF083FC13E0E0
:10A320002723FB181B78672B07D10B4B1A68FB6898
:10A33000110018001BF00DFE06E0084B1A68FB68C0
:10A34000110018001BF005FE00231800BD460BB0DD
:10A3500090BDC0469001002094010020980100208B
:10A3600090B58BB000AFF860B9607A600023BB6134
:10A3700000237B612723FB1800221A701823FA1888
:10A380007B68012118000FF00DFC03003B623B6A63
:10A390001B785BB2702B09D13B6A013318001AF0AD
:10A3A000BAF802002623FB181A7003E02723FB18D3
:10A3B00067221A701423FA187B68022118000FF024
:10A3C000F1FB0300FB61FB691B785BB2702B09D1C9
:10A3D000FB69013318001AF09EF802002523FB18D0
:10A3E0001A7003E02723FB1867221A702722BB1874
:10A3F0001B78002B0DD1BC182523FB181A782623B7
:10A40000FB181B7811001800FCF766FB0300237093
:10A4100003E02723FB1867221A702723FB181B78F9
:10A42000002B0BD1124B19682623FB181A78252311
:10A43000FB181B78F8681BF0F5FB13E02723FB18CB
:10A440001B78672B07D10B4B1A68FB6811001800AB
:10A450001BF07FFD06E0084B1A68FB68110018002E
:10A460001BF077FD00231800BD460BB090BDC04621
:10A470009C010020A0010020A4010020B0B58EB0F6
:10A4800002AFF860B9607A600023FB612F23FB18EC
:10A4900000221A701823FB18A54A12781A7000239C
:10A4A000BB621C23FA187B68012118000FF07AFBAD
:10A4B00003007B629F4A7B6A11001800F5F724FEB7
:10A4C000031E00D0AEE0BB6A002B00D02BE12E2390
:10A4D000FB1801221A709EE0974B1B782E243A1924
:10A4E00012789A4200D190E01AF050FA0300DAB2E2
:10A4F00018257B191A7079193B1918786423009371
:10A500000A2301220BF0ECFA3B191B7818000BF020
:10A510009DFB03001B685B6ADAB214217B181A707A
:10A520007B191A787B181B789A4204D12F23FB18C9
:10A5300000221A7003E02F23FB1806221A702F2323
:10A54000FB181B78002B18D17C4B19682E23FB18A5
:10A550001A78FB6818001BF065FB774B1C78FB68CA
:10A560001800F5F7DBFD03009AB2F9686423009345
:10A570000A2320000BF0B4FA1CE02F23FB181B78F1
:10A58000062B17D16E4B19682E23FB181A78FB681F
:10A5900018001BF047FB684B1C78FB681800F5F7A8
:10A5A000BDFD03009AB2F968642300930A232000DA
:10A5B0000BF096FA634B1A68FB68110018001BF049
:10A5C000C8FC5D4B1C78FB681800F5F7A7FD03007D
:10A5D0009AB2F968642300930A2320000BF080FAF2
:10A5E00002E0012012F0A4FC534B1B785A1EBB6AF8
:10A5F000591C554813005B009B189B01C3185B5CFA
:10A60000002BEED0BB6A0133BB622E217B181A7877
:10A610007B1801321A702E23FB181B78062B00D8EA
:10A620005AE780E07B6A1B785BB2702B00D073E046
:10A630007B6A0133180019F06EFF020023243B19D6
:10A640001A703B191B78002B37D03B191B78062B4F
:10A6500033D82F23FB181B78002B1CD11AF096F946
:10A660000300DAB218217B181A7079183B19187890
:10A6700064230093322301220BF032FA2E23FB18BD
:10A680001B7818000BF0E2FA03001B685B6ADAB271
:10A690001423FB181A701823FB181A781423FB18BC
:10A6A0001B789A4204D12F23FB1800221A7008E06D
:10A6B0002F23FB1806221A7003E02F23FB186622B3
:10A6C0001A702F23FB181B78002B09D11B4B19681C
:10A6D0002323FB181A78FB6818001BF0A3FA22E06A
:10A6E0002F23FB181B78662B07D1184B1A68FB68C1
:10A6F000110018001BF02DFC15E02F23FB181B7810
:10A70000062B10D10E4B19682323FB181A78FB680F
:10A7100018001BF087FA06E00D4B1A68FB68110061
:10A7200018001BF016FC00231800BD460CB0B0BD8D
:10A73000C4C602080CC50208880A0020A80100202F
:10A74000AC010020B001002050160020B401002010
:10A75000B8010020B0B58CB000AFF860B9607A6085
:10A760000023BB6100237B612B23FB1800221A709E
:10A7700000233B611823FA187B68012118000FF0B1
:10A7800011FA03007B621423FA187B680221180077
:10A790000FF008FA03003B627B6A1B785BB2322B36
:10A7A00004D07B6A1B785BB2332B53D17B6A1800D1
:10A7B00019F0B1FE02001F23FB181A702B4A3B6AE6
:10A7C00011001800F5F7A0FC031E07D0284A3B6AC9
:10A7D00011001800F5F798FC031E33D1234A3B6A99
:10A7E00011001800F5F790FC031E02D11F4BFB620D
:10A7F00009E01F4A3B6A11001800F5F785FC031EAB
:10A8000001D11B4BFB621F243B191B78180008F079
:10A81000E5FF10257A19F96A3B191B78180009F031
:10A8200023F87A19FB68110018001BF092FB3B69B2
:10A83000181CF8F7FFFD02000B000E49F8681BF02A
:10A84000F1F90EE00C4B1A68FB68110018001BF0C0
:10A8500080FB06E0094B1A68FB68110018001BF02A
:10A8600078FB00231800BD460CB0B0BDC8C6020876
:10A87000CCC60208D4C60208BC010020C0010020DA
:10A8800090B587B000AFF860B9607A6000237B6153
:10A8900000233B611023FA1814243B1911001800FF
:10A8A00009F08CF83A19FB68110018001BF051FBF5
:10A8B0007B69181CF8F7BEFD02000B000449F8681C
:10A8C0001BF0B0F900231800BD4607B090BDC0468C
:10A8D000ECC6020890B587B000AFF860B9607A6046
:10A8E00000237B6100233B611023FA1814243B19D9
:10A8F0001100180009F062F83A19FB6811001800FD
:10A900001BF027FB3B69181CF8F794FD02000B00B5
:10A910000449F8681BF086F900231800BD4607B00B
:10A9200090BDC04610C7020880B58CB000AFF8607B
:10A93000B9607A600023BB6100237B612B23FB1885
:10A9400000221A7000233B611823FA187B6801214A
:10A9500018000FF027F903007B621423FA187B68B4
:10A96000022118000FF01EF903003B627B6A1B787E
:10A970005BB2322B04D07B6A1B785BB2332B40D1A5
:10A980007B6A180019F0C7FD02001F23FB181A701C
:10A99000224A3B6A11001800F5F7B6FB031E07D0E8
:10A9A0001F4A3B6A11001800F5F7AEFB031E14D1D5
:10A9B0001A4A3B6A11001800F5F7A6FB031E02D1E4
:10A9C000164BFB6209E0164A3B6A11001800F5F7C6
:10A9D0009BFB031E01D1124BFB621023FA18F96A8C
:10A9E0001F23FB181B78180009F0D0F83B69181CCE
:10A9F000F8F720FD02000B000A49F8681BF012F975
:10AA000006E0094B1A68FB68110018001BF0A1FA58
:10AA100000231800BD460CB080BDC046C8C6020861
:10AA2000CCC602083CC70208C4010020B0B586B0FD
:10AA300000AFF860B960BB1D1A8017257C19FB6850
:10AA4000180006F07FFC030023707B191B78204A56
:10AA5000D35C002B0BD07B191B781D4AD35C012BD8
:10AA600005D07B191B781A4AD35C032B22D11724FB
:10AA70003B191B78180007F0FBFB20003B181B78E4
:10AA80005A1E144B9200B968D1503B181B78104ADB
:10AA90000221D1543B181B785A1E0F4B9200002103
:10AAA000D150BB1D1A88B968FB68180007F01CFB61
:10AAB000002309E01723FB181B78054AD35C022BFF
:10AAC00001D1172300E017231800BD4606B0B0BD22
:10AAD000980A0020D01A0020E81A002080B584B01F
:10AAE00000AF0200FB1D1A70FB1D1B783B4AD35CB4
:10AAF000022B09D0FB1D1B785A1E394B9200D358EC
:10AB0000180013F09FFE64E0FB1D1B785A1E344BA7
:10AB10009200D358180013F095FEFB1D1B785A1EA7
:10AB2000304B9200D358002B09D0FB1D1B78013B02
:10AB30002D4A99008A58511C2B4A9B009950FB1DA5
:10AB40001B785A1E284B9200D258FB1D1B78591EA9
:10AB5000244B8900CB589A4208D2FB1D1B785A1E01
:10AB6000224B5200D35ADBB20D2B32D1FB1D1B7886
:10AB70005A1E1E4B5200D35A1B0A9AB20F217B1841
:10AB80001A70FB1D1B785A1E184B5200D25A0E2306
:10AB9000FB181A707B181B78002B03D07B181B78CE
:10ABA000012B08D1FB1D1B78180007F08BFB104B05
:10ABB00001221A700DE0FB1D1B78180007F082FBC4
:10ABC0000E23FB181B78180007F07CFB084B0122B2
:10ABD0001A70C046BD4604B080BDC046980A002029
:10ABE000602B0020001B0020E81A0020601C0020C1
:10ABF000C801002080B500AF0D4B1B6808221A6207
:10AC00000C4B1B6808221A620B4B1B6808221A6245
:10AC10000A4B1B6808221A62094B1B6808221A6239
:10AC2000084B1B6808221A62C046BD4680BDC0465C
:10AC3000F4250020882600201C270020B0270020B3
:10AC400044280020D828002080B58EB002AFFA2317
:10AC50009A007A497A487B4B01930323009300239F
:10AC600010F05FF9FA239A0077497848784B0193FE
:10AC700005230093002310F054F9FA239A00754934
:10AC80007548764B019303230093002310F049F994
:10AC9000FCF7CEFFFA239A0071497248724B019378
:10ACA00003230093002310F03CF9FA239A006F4924
:10ACB0006F48704B019304230093012310F031F986
:10ACC000FA239A006C496A486C4B01930423009361
:10ACD000022310F026F9FA239A0069496448694B67
:10ACE000019304230093032310F01BF9FA239A0025
:10ACF00065495F48654B019304230093042310F0DA
:10AD000010F9FA239A0062495948624B01930423CF
:10AD10000093052310F005F9FA239A005E49544880
:10AD20005E4B019304230093062310F0FAF80023EE
:10AD3000FB622C23FB18012118000EF0C7FD020056
:10AD4000574B5A600023BB622823FB1801211800CF
:10AD50000EF0BCFD0200534B5A6000237B6224239B
:10AD6000FB18012118000EF0B1FD02004C4B9A6057
:10AD700000233B622023FB18012118000EF0A6FDE2
:10AD80000200484B9A600023FB611C23FB18012141
:10AD900018000EF09BFD0200414BDA600023BB61FE
:10ADA0001823FB18012118000EF090FD02003D4B06
:10ADB000DA6000237B611423FB18012118000EF0D8
:10ADC00085FD0200364B1A6100233B611023FB18FE
:10ADD000012118000EF07AFD0200324B1A610023A7
:10ADE000FB600C23FB18012118000EF06FFD020020
:10ADF0002B4B5A610023BB600823FB18012118006C
:10AE00000EF064FD0200274B5A6100237B603B1D5E
:10AE1000012118000EF05AFD0200214B9A61002317
:10AE20003B603B00012118000EF050FD02001D4B5D
:10AE30009A61C046BD460CB080BDC046F0D0020845
:10AE4000A9AE0008901B0020FCD00208E9C0000851
:10AE5000981B002008D102084B440208941B0020D4
:10AE600014D10208916C00089C1B00201CD1020820
:10AE7000A9CC0008781B002028D102087C1B0020E8
:10AE800034D10208801B002040D10208841B00201E
:10AE90004CD10208881B002058D102088C1B0020CE
:10AEA000A01B0020BC1B002080B582B000AF7860E2
:10AEB0003A4B1B78032B2FD043DC012B02D0022B03
:10AEC00015D03EE080231B0235480122190014F002
:10AED0006CF950200EF0E6FC80231B023048002263
:10AEE000190014F062F92D4B00221A702AE0802319
:10AEF0001B022B480122190014F057F964200EF0B0
:10AF0000D1FC80231B0226480022190014F04DF9C1
:10AF1000224B00221A7015E080231B0220480122D8
:10AF2000190014F042F91E200EF0BCFC80231B0215
:10AF30001B480022190014F038F9184B00221A702F
:10AF400000E0C04607F0CAFEFCF77CFD154B1B78FD
:10AF5000002B15D005F004FD124B00221A7080233F
:10AF60001B020F480122190014F01FF9C82011F02C
:10AF7000DFFF80231B020A480022190014F015F994
:10AF8000094B1B7801225340DBB2002B02D0074B48
:10AF900000221A700FF074F88AE7C0468A0A00206F
:10AFA00000040050701B0020ED2B0020EC2B002033
:10AFB00080B500AF064B1B6806491800F5F7CAF8C4
:10AFC00003001A00044B1A60C046BD4680BDC0464F
:10AFD000FC01002010270000741B002080B588B001
:10AFE00000AF0023FB610023BB6100237B611E4B8C
:10AFF0001B68FA2291001800F5F7ACF80300013B3A
:10B000003B611A4BFB601A4BBB608023DB047B6007
:10B01000FB681B683A69D31AFB6110F0BBFA0300A6
:10B02000BB61BB681B687A68134007D0BB690133FA
:10B03000BB61FB681B683A69D31AFB61BA691300EC
:10B040009B009B185B007B610A4B1B681900F86929
:10B05000F5F780F803001A007B699B187B617B6918
:10B060001800BD4608B080BDFC01002018E000E0DB
:10B0700004ED00E0741B0020F0B589B002AFB960A8
:10B080007A6019000F23FB18021C1A700E203B185F
:10B090000A1C1A7000237B6101007B181A78282390
:10B0A00008201B18DB191B789A4207D17B181B78E4
:10B0B0001A00DD4B022199546723B0E10E23FB18DF
:10B0C0001B78002B06D0282308229B18DB191B783D
:10B0D000002B01D16723A2E10F23FB181B78002B63
:10B0E0005BD128250826AB19DB191B780D2B18D14D
:10B0F0000E23FB181B7818000AF0A8FD0400AB19FA
:10B10000DB191B7818000AF0A1FD0100BB689BB297
:10B110001A002000FFF78AFC0300172B1BD117230E
:10B120007DE10E23FB181B7818000AF08FFD040048
:10B13000282308229B18DB191B7818000AF086FDCB
:10B140000300012219002000FFF770FC0300172BF9
:10B1500001D1172363E17A6813005B019B1A9B00FE
:10B160009B18DB001A00FA2399001000F4F7F2FF95
:10B17000030019000E243A19AC48AD4B009313009C
:10B18000002211F04BFB03007B613B191B785A1E18
:10B19000A84B9200B968D150C1E00F23FB181B786F
:10B1A000012B3DD1282308229B18DB191B7818009E
:10B1B0000AF04CFD04000E23FB181B7818000AF05F
:10B1C00045FD0300012219002000FFF72FFC0300BA
:10B1D000172B01D1172322E17A6813005B019B1A18
:10B1E0009B009B18DB001A00FA2399001000F4F76B
:10B1F000B1FF03001900282408256319DB198B48C7
:10B200008B4A0092002211F009FB03007B61631955
:10B21000DB191B785A1E874B9200B968D1507EE02B
:10B220000F23FB181B78022B77D10E23FB181B78FA
:10B2300018000AF00BFD0400282308229B18DB19D4
:10B240001B7818000AF002FD0300012219002000FB
:10B25000FFF7ECFB0300172B01D11723DFE07A681F
:10B2600013005B019B1A9B009B18DB001A00FA235A
:10B2700099001000F4F76EFF030019000E257A19EB
:10B280006A486B4B00931300002211F0C7FA0300C9
:10B290007B617B191B785A1E664B9200B968D150AE
:10B2A000282308229B18DB191B7818000AF0CEFC13
:10B2B00004007B191B7818000AF0C8FC0300012267
:10B2C00019002000FFF7B2FB0300172B01D1172351
:10B2D000A5E07A6813005B019B1A9B009B18DB00BA
:10B2E0001A00FA2399001000F4F734FF0300190044
:10B2F000282408256319DB194C484D4A0092002286
:10B3000011F08CFA03007B616319DB191B785A1E5C
:10B31000484B9200B968D15001E067237FE00F22CB
:10B32000BB181B78002B14D1BB181B789BB21B02D7
:10B3300099B2282308229B18DB191B7818000E23CA
:10B34000FB181B785A1E0B1899B23B4B5200D15276
:10B3500044E00F22BB181B78012B14D1BB181B78BB
:10B360009BB21B0299B20E23FB181B7818002823EE
:10B3700008229B18DB191B785A1E0B1899B22E4B0A
:10B380005200D1522AE00F243B191B78022B25D101
:10B390003B191B789BB21B0299B228250823EA1897
:10B3A000D3191B7818000E26BB191B785A1E0B18D0
:10B3B00099B2214B5200D1523B191B789BB21B0210
:10B3C00099B2BB191B7818000823EB18DB191B78FE
:10B3D0005A1E0B1899B2184B5200D1520F23FB186A
:10B3E0001B781A04282308215B18DB191B781B0221
:10B3F000D3180E22BA1812789B181A000F4B1A6035
:10B400007B69002B0AD010F0B7F80200786901239D
:10B410005B4200930023012111F050FA0023180031
:10B42000BD4607B0F0BDC046980A00206CD10208A6
:10B4300041B40008001B0020601C00206C1C002090
:10B4400090B585B000AF78600F203B1800221A70CD
:10B450000E243B1900221A700D217B1800221A704D
:10B460001E4B1B681A0C7B181A701C4B1B681A0A9F
:10B470003B191A70194B1A683B181A707B181B7805
:10B48000022B16D025DC002B02D0012B07D020E0A8
:10B490000F23FB181B78180006F014FF1AE00E2388
:10B4A000FB181B78180006F00DFF0D4B01221A70D7
:10B4B00010E00F23FB181B78180006F003FF0E2383
:10B4C000FB181B78180006F0FDFE054B01221A70D0
:10B4D00000E0C046C046BD4605B090BD6C1C0020D3
:10B4E000C8010020F0B587B002AF0200FB1D1A7042
:10B4F0000F23FB1800221A700E243B1900221A7029
:10B500000D257B1900221A70164B00221A70FB1DA4
:10B510001B785A1E791914481300DB009B1ADB00B4
:10B520001B5C0B70114B1A7826003C197B191B7899
:10B5300019001000FAF7DCF803002370FB1D1B78DC
:10B540009BB27A191178BA191078009300230A0077
:10B55000002100F0B9F90F23FB181B781800BD4635
:10B5600005B0F0BDEA090020A00A00202C1300203D
:10B5700080B586B002AF0200FB1D1A70BB1D0A1C0D
:10B580001A700F23FB1800221A70134B00221A7036
:10B59000124BFA1D12781A70FB1D1B78FF2B0AD173
:10B5A000BB1D1B789BB200930023FF2200210020CB
:10B5B00000F08AF909E0BB1D1B789BB200930023C1
:10B5C000FE220021002000F07FF90F23FB181B78DA
:10B5D0001800BD4604B080BDEA09002078000020B4
:10B5E00080B582B000AF0200FB1D1A70FB1D1B78F6
:10B5F000062B34D89A001C4BD3181B689F461B4B54
:10B60000186800230222002110F000FF28E0184BE8
:10B61000186800230222002110F0F8FE20E0154BEC
:10B62000186800230222002110F0F0FE18E0124BEF
:10B63000186800230222002110F0E8FE10E00F4BF2
:10B64000186800230222002110F0E0FE08E00C4BF5
:10B65000186800230222002110F0D8FE00E0C04646
:10B66000C046BD4602B080BD78D10208781B0020DC
:10B670007C1B0020801B0020841B0020881B0020D6
:10B680008C1B0020B0B584B002AF05000C00100088
:10B690001900FB1D2A1C1A70BB1D221C1A703B1DB1
:10B6A000021C1A80BB1C0A1C1A80184B01221A703B
:10B6B000174BBA1D12781A70BB1D1B78FF2B0CD1CB
:10B6C0003B1D1A88FB1D1978BB1C1B8800931300B7
:10B6D000FF22002000F0F8F80BE03B1D1A88FB1D4C
:10B6E0001978BB1C1B8800931300FE22002000F079
:10B6F000EBF8BB1C1A88074B002118001AF012FB4C
:10B7000000231800BD4602B0B0BDC046EA090020C3
:10B7100078000020F00B0020B0B586B002AF040026
:10B7200008001100FB1D221C1A703B1D021C1A8010
:10B73000BB1C0A1C1A800F23FB1800221A700E254E
:10B740007B1900221A70FB1D1B78FF2B20D0194B90
:10B750001A787C19FB1D1B7819001000F9F7C8FF37
:10B7600003002370134B19783B1D1C88FB1D1A78AE
:10B770007B191878BB1C1B880093230000F0A4F8E9
:10B78000BB1C1A880C4B002118001AF0CBFA09E0F8
:10B79000084B1878BB1C19883B1D1A880B00FF2129
:10B7A000FFF770FF0F23FB181B781800BD4604B08D
:10B7B000B0BDC0462C130020F00B0020F0B587B0C0
:10B7C00000AF04000800BA6019000F257B19221C85
:10B7D0001A700C23FB18021C1A80BB1D0A1C1A804D
:10B7E0001623FB18BA1D12881A801423FB18002296
:10B7F0001A801223FB1800221A8011217B180022C4
:10B800001A701023FB1800221A702C4B1A787C181F
:10B810007B191B7819001000F9F76AFF03002370E9
:10B8200041E01223FA181623FB181B8899B22E291F
:10B8300000D92E23138014243B191B88BA68D11811
:10B8400012257B191A881E4B18001AF08AFB16263F
:10B85000BB19B91928003A18098812888A1A1A805F
:10B860003B1939193A18098812888A181A80BB19A5
:10B870001B88002B06D0134B1A78802149420A43BB
:10B880001A7004E00F4B1A787F210A401A701223B5
:10B89000FB181A880C23FB1819880F23FB181B7838
:10B8A0001800FFF739FF1623FB181B88002BB8D1AF
:10B8B00000231800BD4607B0F0BDC0462C13002081
:10B8C000F00B00204C130020B0B586B000AF05008F
:10B8D0000C0010001900FB1D2A1C1A70BB1D221C35
:10B8E0001A707B1D021C1A70BB1C0A1C1A801023C4
:10B8F000FB1800221A700F23FB1800221A700E2367
:10B90000FB1800221A701723FB1800221A70162346
:10B91000FB1800221A701523FB1800221A70FB1D59
:10B920001B78002B03D17B1D1B78002B17D0FB1D30
:10B930001B78002B07D17B1D1B78FF2B03D07B1DB1
:10B940001B78FE2B0BD1FB1D1B78002B09D0BB1DD8
:10B950001B78002B05D07B1D1B78002B01D16723A2
:10B9600018E200200FF09AFC0300BB6005210020C4
:10B970000FF0AEFCCA4B48221A70C94B5A225A70BB
:10B98000FB1D1B78002B0BD1BB1D1B78002B07D197
:10B990007B1D1B78FF2B07D07B1D1B78FE2B03D054
:10B9A000BB1C1B88002B18D128203B181B885A1E53
:10B9B00016243B19BB498A5C1A703B181B885A1E17
:10B9C0001300DB009B1ADB00B74A99183B191A7861
:10B9D000B64B18001AF0C5FA29E1BB1D1B78002BE5
:10B9E00003D1BB1DB24A12781A70B24B1B780122E8
:10B9F0001340DBB2002B05D01722BB18BA181278FF
:10BA000001321A70BB1C1B88FF2B04D9A94B1A7872
:10BA100002210A431A70A24B1622BA1812789A70A1
:10BA20009F4B7A1D1278DA709D4BBA1D12781A71ED
:10BA3000A04B1A789A4B5A7117203B181B78063383
:10BA4000BA1C1288D1B2964AD1549A4B1B78022262
:10BA50001340DBB2002B0ED03B183A18127801329B
:10BA60001A70BB1C1B881B0A9AB23B181B78063342
:10BA7000D1B28B4AD15428243B191B882E2B1AD8BB
:10BA800017257B191B78DA1D854BD0188A4B1B882C
:10BA90001A008A4BD1183B191B881A001AF061FA58
:10BAA0003B191B88DAB27B191B78D318DAB216233C
:10BAB000FB1804321A70824B1B78002B00D1B6E0C1
:10BAC000804B1B78FF2B52D01223FB1801221A80C7
:10BAD00035E012203B181B885A1E7B4B5200D35A6C
:10BAE0001A00784B1B781A4113000122134020D012
:10BAF00015217B187A18127801321A7028243B1904
:10BB00001A887B181B78D3182C2B10DC1723FB18F2
:10BB10001B78DA1D3B191B88D2187B181B78D318A9
:10BB2000013B3A181288D1B25D4AD15401E0692331
:10BB300030E112217B181A887B1801321A80634B7E
:10BB40001B781A001223FB181B889342C1D91723B4
:10BB5000FB181B78DA1D2823FB181B88D218152127
:10BB60007B181B78D3184E4A79180978D154554B55
:10BB70001B78FF2B16D128217B181B882C2B11D862
:10BB8000534B1B780133DAB2514B1A701723FB1851
:10BB90001B78DA1D7B181B88D3184D4A1178404A50
:10BBA000D1542EE0474B1B78FF2B01D16923F1E0E4
:10BBB000444B1B78FF2B1ED028217B181A88152098
:10BBC0003B181B78D3182B2B15DC414B1B7801330A
:10BBD000DAB23F4B1A701723FB181B78DA1D7B185B
:10BBE0001B88D2183B181B78D3180133384A1178B8
:10BBF0002B4AD15405E0334B1B78FF2B01D069232E
:10BC0000C8E0304B1B78FF2B06D11622BB18BA18A0
:10BC1000127801321A700AE01523FA1816217B18DF
:10BC200012781B78D318DAB27B1802321A701C4BC8
:10BC300016257A1912789A707B191B7803331A002B
:10BC40001749244B18001AF08CF97B191B789BB20A
:10BC500003339AB27B191B78DC1C1E4B11001800B1
:10BC600006F0CEFB03001A000D4B1A55194B382273
:10BC7000002118001AF056F87B1D1B78FF2B2BD0E3
:10BC80007B1D1B78FE2B27D07B191B789BB20433BE
:10BC90009AB20349FB1D1878322309F077FF6AE056
:10BCA000500A0020900A0020A00A0020530A002019
:10BCB0002C1300204C1300209E1C0020F00B0020B1
:10BCC000EA09002078000020C41200207C00002037
:10BCD000890A0020281C0020BB1C1B88002B07D1D0
:10BCE000BB1D1B78002B03D1BB1D2C4A12791A7087
:10BCF000BB1D1B781800F9F723FB1123FB18012249
:10BD00001A7033E0264B1B785A1E264B5200D35A2A
:10BD10001A0011203B181B78013B1A411300012225
:10BD200013401AD016243B191B789BB204339AB2E5
:10BD30001A493B181878322309F028FF1A4B1B7850
:10BD4000002B0AD03B191B789BB204339AB21349DB
:10BD5000FB1D1878322309F019FF0A2009F056FA62
:10BD600011217B181A787B1801321A701123FB18E5
:10BD70001B78062BC6D9BB68190000200FF0A8FA63
:10BD80000A4B1B78002B02D0084B02221A7010239A
:10BD9000FB181B781800BD4606B0B0BD500A002045
:10BDA0002C130020500E0020E90900204D13002024
:10BDB000F0B58BB006AF05000C0010001900FB1D9C
:10BDC0002A1C1A70BB1D221C1A707B1D021C1A70C3
:10BDD0003B1D0A1C1A700B243B1900221A700F23FA
:10BDE000FB1800221A700E23FB1800221A700D2374
:10BDF000FB1800221A70B04B1B78BA1D12789A42B9
:10BE000048D0FB6A1B0EDAB2AC4B1A70FB6A1B0CF3
:10BE1000DAB2AA4B5A70FB6A1B0ADAB2A74B9A70C5
:10BE2000FB6ADAB2A54BDA703B6B1B0EDAB2A34B9E
:10BE30001A713B6B1B0CDAB2A04B5A713B6B1B0A9D
:10BE4000DAB29E4B9A713B6BDAB29C4BDA719B4A29
:10BE5000202308215B18DB191B781372974BFA1DFE
:10BE600012785A72954B3A1D12789A72934B7A1D3A
:10BE70001278DA722C235B18DB191A788F4B1A733D
:10BE8000BB1D1B780D221C211800FFF745FC3B1938
:10BE90001B780CE10C23FB1800221A70B6E03B1D46
:10BEA0001A78BB1D1B7811001800F9F721FC0C2132
:10BEB0007B181B78824AD35C002B00D1A0E07B1852
:10BEC0001B7801337E4AD35C002B10D07B181B7883
:10BED0007B4AD05C7B181B780133794AD35C0E22F5
:10BEE000BC181900F9F704FC030023700EE00C23C2
:10BEF000FB181B78724AD25C0E23FC18BB1D1B7802
:10BF000019001000F9F7F4FB030023703B1D1A78A9
:10BF1000BB1D1B7811001800F9F7EAFB0C23FB1876
:10BF20001B78674AD35C3A1D12789A4205D10D23DB
:10BF3000FB187A1D12781A7010E00C217B181B7800
:10BF40005F4AD05C7B181B78013B5D4AD35C0D22B5
:10BF5000BC181900F9F7CCFB03002370FB6A1B0E19
:10BF6000DAB2564B1A70FB6A1B0CDAB2534B5A709A
:10BF7000FB6A1B0ADAB2514B9A70FB6ADAB24F4B7A
:10BF8000DA703B6B1B0EDAB24C4B1A713B6B1B0C1D
:10BF9000DAB24A4B5A713B6B1B0ADAB2474B9A71C1
:10BFA0003B6BDAB2454BDA71444A202308215B1817
:10BFB000DB191B781372414B0E22BA1812785A7291
:10BFC0003E4B0D22BA1812789A722C235B18DB199B
:10BFD0001A783A4BDA723B1D1A78BB1D1B78110098
:10BFE0001800F9F785FB0C23FB181B78344AD35C47
:10BFF0000C221B211800FFF78FFB0A200DF052FCCA
:10C000000C217B181A787B1801321A700C23FB184C
:10C010001B78192B00D842E7FB1D1B780D2B43D052
:10C02000BA1D3B1D12781B789A4205D10F23FB18CD
:10C030007A1D12781A700BE00F23FC183B1D1A783A
:10C04000BB1D1B7811001800F9F752FB0300237089
:10C05000FB1D1C783A6BF96A202508202B18DB1988
:10C0600018780F26BB191B7800932300FFF704F8FC
:10C070002C2308201B18DB191B78002B14D0FB1D68
:10C080001C783A6BF96A2B18DB1918780023049393
:10C09000002303930023029300230193BB191B7811
:10C0A00000932300F8F738F90B23FB181B781800CE
:10C0B000BD4605B0F0BDC0462C130020F00B00209B
:10C0C000841C002080B500AFBFF34F8FC046044BE7
:10C0D000044ADA60BFF34F8FC046C046FDE7C04652
:10C0E00000ED00E00400FA05F0B58DB000AF786017
:10C0F0002F23FB1800221A701423FB1818000623A4
:10C100001A00002119F00EFE0C23FB18180006235C
:10C110001A00002119F006FE2223FB1800221A70D3
:10C1200001235B421900012010F02EF9D54B0022AB
:10C130001A7000F0A8FD2123FB18D24A12781A7059
:10C14000D04B1B781A00D04B9200D3581B68DBB23F
:10C15000CC4A1278110040225242D31ADAB2CB4BA9
:10C160005A54C84B1B781A00C84B9A5CC54B1B78B5
:10C170001900C74B5B5C9A4200D125E2C14B1A788B
:10C1800020243B1901321A703B191B785A1EBD4BF3
:10C190001B781900BE4B5B5C1800BE4913005B00A6
:10C1A0009B189B01CB181B5C0D2B4BD13B191B78AB
:10C1B000B94AD35C002B45D10023BB620DE0B64ADF
:10C1C000BB6AD3181B78032B04D1B34ABB6AD318BC
:10C1D00000221A70BB6A0133BB62BB6A062BEEDD1C
:10C1E00020203B181B78AC4A0321D154AB4B3A18A2
:10C1F00012781A70AA4B3A1812781A703B181B78EA
:10C200005A1EA04B1B781900A14B5B5C1800A1497A
:10C2100013005B009B189B01CB181A5CA14B1A7092
:10C22000A14B186800230222002110F0EFF89F4B69
:10C230001B78012B02D19E4B01221A709B4B0122CD
:10C240001A70ABE120217B181B78934AD35C032B37
:10C2500015D17B181B785A1E8A4B1B7819008C4B02
:10C260005B5C18008B4913005B009B189B01CB188B
:10C270001A5C8C4B1A708E4B01221A708EE12024AE
:10C280003B191B785A1E7F4B1B781900804B5B5C57
:10C290001800804913005B009B189B01CB181B5CA6
:10C2A000482B0BD13B191B787B4AD35C002B05D163
:10C2B0003B191B78784A0721D1546FE120243B19A0
:10C2C0001B785A1E6F4B1B781900714B5B5C180072
:10C2D000704913005B009B189B01CB181B5C5A2B09
:10C2E0000BD13B191B786C4AD35C072B05D13B194A
:10C2F0001B78694A0821D15450E120243B191B784E
:10C300005A1E604B1B781900614B5B5C1800614939
:10C3100013005B009B189B01CB181B5C5A2B0BD0A6
:10C320003B191B785C4AD35C072B05D13B191B7862
:10C33000594A0021D15431E12026BB191B78564AB5
:10C34000D35C082B4CD1BB191B78534A0121D15423
:10C35000BB191B785A1E4B4B1B7819004C4B5B5C6E
:10C360001D0021243B1919783B191B785148C35CE7
:10C370001C00484813005B009B189B01C3185D5DBF
:10C380004D482300DB001B1BDB000A009200521803
:10C39000D100891ACA0011005B18C31802332A1C85
:10C3A0001A7021243B191B780C22BA180321D1548E
:10C3B000BB191B785A1E334B1B781900344B5B5C3E
:10C3C0001800344913005B009B189B01CB181A5CC2
:10C3D0003B191B780132D1B21422BA18D154DDE0D6
:10C3E00020217B181B782C4AD35C012B00D0D5E090
:10C3F00021203B181B781422BA18D35C012B5DD97D
:10C400007B181B785A1E1F4B1B781900204B5B5C56
:10C410001E003B18197805003B181B782548C35CA3
:10C420001C007B191B780C257819C35C1D0019486A
:10C4300013005B009B189B01C3189E5D1E482300E0
:10C44000DB001B1BDB000A0092005218D100891A86
:10C45000CA0011005B18C318321C5A5521203B1822
:10C460001B780C243A19D25C0132D1B23A19D1545A
:10C470003B181B7814203A18D25C013AD1B23A1812
:10C48000D1548BE0EB230020FC0E0020E42300209D
:10C49000DC23002050160020980A0020880A002083
:10C4A00051130020EA2300209C1B0020301D002097
:10C4B0008E0A00203C1D0020441D00202023FB1874
:10C4C0001B785A1EE04B1B781900E04B5B5C1E008A
:10C4D00021257B1919787B191B78DD48C35C1C006A
:10C4E0007B191B780C203818C35C1D00D948130039
:10C4F0005B009B189B01C3189E5DD7482300DB009F
:10C500001B1BDB000A0092005218D100891ACA00D6
:10C5100011005B18C318321C5A5521203B181B7898
:10C520000C243A19D25C0132D1B23A19D1543B18D9
:10C530001B7814243A19D25C013AD1B23A19D15479
:10C540003B181B78C24AD25C0132D1B2C04AD154E6
:10C550003B181B78BE4AD35C052B04D13B181B78D3
:10C56000BB4A0021D154BD4B1B781900BC4B202283
:10C57000BA1812785A54B94B1B780133DAB2B74B58
:10C580001A70B64B1B78052B02D1B44B00221A70DF
:10C590002023FB181B78B34A0021D154AA4B1B78E7
:10C5A000AA4AD25C0132D1B2A84AD154A64B1B7818
:10C5B0001A00A64B9B5CC02B18D1A34B1B781A000A
:10C5C000A24B0021995411E09F4B1B781A00A64BF7
:10C5D0009A5C9D4B1B7819009C4B5B5C9A4205D181
:10C5E000994B1B780133DAB2974B1A709B4B1A7830
:10C5F0009E4B1B789A4200D145E39C4B1B78190057
:10C6000020203B18964A525C1A7021257B193A1853
:10C610001278013A1A707B1919787B191B78944AA1
:10C62000D35C1A008C481300DB009B1ADB000A0065
:10C6300092005218D100891ACA0011005B184822D2
:10C640001A547B1919787B191B78894AD35C1A0014
:10C6500081481300DB009B1ADB000A00920052188D
:10C66000D100891ACA0011005B18C31801335A227D
:10C670001A707B1919787B191B787D4AD35C1A00D4
:10C680001F243819744C1300DB009B1ADB000A00CE
:10C6900092005218D100891ACA0011005B18E318E1
:10C6A00002331B7803707B1919787B191B78704A49
:10C6B000D35C1A001E26B819674C1300DB009B1AC6
:10C6C000DB000A0092005218D100891ACA0011003A
:10C6D0005B18E31803331B780370664B1B78BA1999
:10C6E00012789A4263D0BB191B78002B5FD0BB191C
:10C6F0001B78FF2B5BD0BB191B78FE2B57D07B1907
:10C700001B785D4A1F2439190978D1547B191A788E
:10C710001300DB009B1ADB00584A98187B19197824
:10C720007B191B78524AD35C1A001300DB009B1A5A
:10C73000DB000A0092005218D100891ACA001100C9
:10C740005B18DA1C444BD1183B191B781A0019F0FE
:10C7500008FC20203B181B785A1E48491300DB00B8
:10C760009B1ADB00CB1802331B789B08DBB21A1C28
:10C7700001231340DAB2424B01210A4090001A789B
:10C7800004218A43111C021C0A431A703C4B1B787B
:10C7900004221340DBB2002B02D03A4B03221A7062
:10C7A0002023FB181B781800FEF79CFE4AE2212488
:10C7B0003B1919783B191B782D4AD35C1A0026487F
:10C7C0001300DB009B1ADB000A0092005218D10014
:10C7D000891ACA0011005B181A5C2B4B1A703B199E
:10C7E00019783B191B78224AD35C1A001A481300A7
:10C7F000DB009B1ADB000A0092005218D100891A54
:10C80000CA0011005B18C31801331A781E4B5A7006
:10C810003B1919783B191B78154AD35C1A000E484E
:10C820001300DB009B1ADB000A0092005218D100B3
:10C83000891ACA0011005B18C31802331A78124B08
:10C840009A7000237B6241E0EB230020DC23002070
:10C850003C1D002050160020441D0020DA2300203B
:10C86000D4230020980A0020E4230020D9230020AC
:10C87000341D00202C130020900A0020A00A002064
:10C880004C1300208A0A0020F81C00202122BB182B
:10C890001978BB181B78DE4AD35C1A007B6ADC1C53
:10C8A0007B6AD81CDB4D1300DB009B1ADB000A00FF
:10C8B00092005218D100891ACA0011005B18EB18B7
:10C8C0001A5DD54B1A547B6A01337B621F26BB1954
:10C8D0001B787A6A9A42D9DBBB191B789BB2033367
:10C8E0009AB21D23FC18CC4B1100180005F088FDEE
:10C8F00003002370C94B1B8801339AB2C74B1A80BF
:10C9000021257B1919787B191B78C14AD35C1A0041
:10C91000BB191B78D81CBF4C1300DB009B1ADB0033
:10C920000A0092005218D100891ACA0011005B183F
:10C93000E3181B5C1D22BA1812789A4200D07BE1E2
:10C94000B74B1B8801339AB2B54B1A807B191B7801
:10C95000B44A3400B9190978D1547B191A781300F4
:10C96000DB009B1ADB00B04A98187B1919787B19F9
:10C970001B78A74AD35C1A001300DB009B1ADB006C
:10C980000A0092005218D100891ACA0011005B18DF
:10C99000DA1CA04BD1183B191B781A0019F0E1FAE8
:10C9A0002F23FB1800221A701E22BB181B78FF2BA6
:10C9B00004D0BB181B78FE2B00D01CE11E23FB18F3
:10C9C0001B78FF2B42D120243B191B785A1E3B19A0
:10C9D0001B78013B9349CB5C591E93481300DB0045
:10C9E0009B1ADB00C3185A5C904B1B78DBB29A424F
:10C9F0002CD03B191B785A1E3B191B78013B8949E7
:10CA0000CB5C591E88481300DB009B1ADB00C3185F
:10CA10005A5C864B111C1970854B1A703B191B7898
:10CA20001900FF20FEF7A4FD3B191B785A1E3B1985
:10CA30001B78013B7B49CB5C591E7B481300DB0014
:10CA40009B1ADB00C31800225A541EE01E23FB1859
:10CA50001B78FF2B19D120217B181B785A1E7B18BD
:10CA60001B78013B6F49CB5C591E6F481300DB00FC
:10CA70009B1ADB00C3185A5C6C4B1B78DBB29A42E2
:10CA800003D12F23FB1803221A701E23FB181B78D7
:10CA9000FE2B00D090E020243B191B785A1E3B1936
:10CAA0001B78013B5F49CB5C591E5F481300DB00DC
:10CAB0009B1ADB00C3185A5C5C4B1B78DBB29A42B2
:10CAC00000D179E03B191B785A1E3B191B78013BBA
:10CAD0005449CB5C591E54481300DB009B1ADB0001
:10CAE000C3185A5C514B111C1970514B1A703B19E9
:10CAF0001B781900FE20FEF73BFD3B191B785A1EE0
:10CB00003B191B78013B4749CB5C591E4648130033
:10CB1000DB009B1ADB00C31800225A543B191B7818
:10CB20005A1E3B191B78013B3E49CB5C981E2223C1
:10CB3000F9183D4C1300DB009B1ADB00E3181B5C6B
:10CB40000B702F23FB1866221A702323FB18002278
:10CB50001A7028E020217B181B785A1E7B181B783E
:10CB6000013B3049CB5C991E2223FB181B78C91A64
:10CB70002323FB181B78C9182B481300DB009B1AD2
:10CB8000DB00C3185A5C2B4B1B789A4205D12F232C
:10CB9000FB1800221A70C0462DE023217B181A785A
:10CBA0007B1801321A702323FA182223FB181278FB
:10CBB0001B789A42CED31EE01E23FB181B78FE2B57
:10CBC00019D120217B181B785A1E7B181B78013B3A
:10CBD0001449CB5C591E14481300DB009B1ADB0080
:10CBE000C3185A5C114B1B78DBB29A4203D12F2336
:10CBF000FB1803221A702F23FB181B78002B21D15E
:10CC00002023FB181B781800FEF7EAFC1AE0C04648
:10CC1000341D0020441D0020F81C0020F0230020BB
:10CC2000EC230020900A0020A00A0020DB23002033
:10CC3000890A00202C130020174B1B8801339AB25D
:10CC4000154B1A8021203B181B78144AD25C013204
:10CC5000D1B2124AD1543B181B78104AD35C052B31
:10CC600004D13B181B780D4A0021D1540C4B1B7882
:10CC70000133DAB20A4B1A70094B1B78052B02D12B
:10CC8000074B00221A70074B1B78052B01D8FFF7C2
:10CC900052FAFFF745FAC046EE230020341D00206B
:10CCA000D9230020EB230020B0B586B000AF786018
:10CCB0001723FB1800221A701123FB1800221A7088
:10CCC0007A681023FB181A701723FB1800221A70B9
:10CCD00001235B42190001200FF056FB10243B1981
:10CCE0001B78013BE34AD35C002B00D112E33B19D4
:10CCF0001B785A1E0F23F918DF481300DB009B1A1C
:10CD0000DB001B5C0B703B191B785A1E1623F918AD
:10CD1000D9481300DB009B1ADB00C31801331B78D2
:10CD20000B7015257B1900221A703B191B785A1EAF
:10CD3000D249D1481300DB009B1ADB00C318023331
:10CD40001B780B70CD4B1B7801221340DBB2002BFC
:10CD500008D01123FB1801221A707B197A19127856
:10CD600001321A70C54B1B7802221340DBB2002B34
:10CD700029D010257B191B785A1E15243B191B78C6
:10CD8000191DBD481300DB009B1ADB00C3185B5C58
:10CD90001B0299B27B191B785A1E25003B191B7880
:10CDA000D81CB54C1300DB009B1ADB00E3181B5C9E
:10CDB0001A001223FB188A181A807B197A19127824
:10CDC00001321A7011E01023FB181B785A1E15232C
:10CDD000FB181B78D91CA8481300DB009B1ADB004A
:10CDE000C3185A5C1223FB181A80A44B1B78082224
:10CDF0001340DBB2002B0CD0A04B1A7808218A43D9
:10CE00001A701623FB181B7800222C211800FEF73D
:10CE100083FC1522BB18BA18127804321A70172333
:10CE2000FB181B78002B00D074E21223FB181B8820
:10CE3000302B0ADC002B00DA5AE2302B00D957E203
:10CE40009A008F4BD3181B689F468E4A93425CD042
:10CE50004EE21723FC181523FB181A781023FB1831
:10CE600019781623FB181B78180000F0BBFA030092
:10CE700023704FE21723FC181523FB181A78102390
:10CE8000FB1819781623FB181B78180000F0E4FA39
:10CE9000030023703EE280231B027B48012219001D
:10CEA00012F083F936E280231B0277480022190032
:10CEB00012F07BF92EE280231B02734A1900100046
:10CEC00012F090F926E21723FC181523FB181A78A4
:10CED0001023FB1819781623FB181B78180000F094
:10CEE00025FB0300237015E21723FC181523FB18FC
:10CEF0001A781023FB1819781623FB181B781800D2
:10CF000000F09CFB0300237004E21723FC18152398
:10CF1000FB181A781023FB1819781623FB181B78B6
:10CF2000180000F0EFFB03002370F3E11723FC1857
:10CF30001523FB181A781023FB1819781623FB18F1
:10CF40001B78180000F0D2FD03002370E2E11723E4
:10CF5000FC181523FB181A781023FB1819781623D0
:10CF6000FB181B78180000F033FE03002370D1E19A
:10CF70001723FC181523FB181A781023FB181978AF
:10CF80001623FB181B78180000F0A0FE0300237086
:10CF9000C0E11723FC181523FB181A781023FB187F
:10CFA00019781623FB181B78180000F0F5FE030013
:10CFB0002370AFE11723FC181523FB181A781023F0
:10CFC000FB1819781623FB181B78180000F05AFF7D
:10CFD000030023709EE11723FC181623FB181B780F
:10CFE000180008F041FF0300237093E11723FC1899
:10CFF0001523FB181A781023FB1819781623FB1831
:10D000001B78180000F0D2FF0300237082E1172381
:10D01000FC181523FB181A781023FB18197816230F
:10D02000FB181B78180001F029F80300237071E148
:10D030001723FC181523FB181A781023FB181978EE
:10D040001623FB181B78180001F0B8F803002370B2
:10D0500060E11723FC181523FB181A781023FB181E
:10D0600019781623FB181B78180001F0CDF803007F
:10D0700023704FE1900A0020A00A00204C130020EA
:10D080009CD10208B2050000000400501723FC18D0
:10D090001523FB181A781023FB1819781623FB1890
:10D0A0001B78180001F0D8F80300237032E1172331
:10D0B000FC181523FB181A781023FB18197816236F
:10D0C000FB181B78180001F09BF90300237021E185
:10D0D0001723FC181523FB181A781023FB1819784E
:10D0E0001623FB181B78180001F014FA03002370B4
:10D0F00010E11723FC181523FB181A781023FB18CE
:10D1000019781623FB181B78180001F027FA030082
:10D110002370FFE01723FC181523FB181A7810233F
:10D12000FB1819781623FB181B78180001F060FA19
:10D1300003002370EEE01723FC181523FB181A7860
:10D140001023FB1819781623FB181B78180001F020
:10D1500013FD03002370DDE01723FC181523FB18D3
:10D160001A781023FB1819781623FB181B7818005F
:10D1700001F0A8FD03002370CCE01723FC18152351
:10D18000FB181A781023FB1819781623FB181B7844
:10D19000180001F0E5FF03002370BBE01723FC1823
:10D1A0001523FB181A781023FB1819781623FB187F
:10D1B0001B78180002F086F903002370AAE01723F9
:10D1C000FC181523FB181A781023FB18197816235E
:10D1D000FB181B78180002F08DFE0300237099E005
:10D1E0001723FC181523FB181A781023FB1819783D
:10D1F0001623FB181B78180002F0A8FE030023700A
:10D2000088E01723FC181523FB181A781023FB1845
:10D2100019781623FB181B78180002F0EBFE0300A8
:10D22000237077E01723FC181523FB181A781023B6
:10D23000FB1819781623FB181B78180002F044FF1E
:10D240000300237066E01723FC181523FB181A78D7
:10D250001023FB1819781623FB181B78180002F00E
:10D2600057FF0300237055E01723FC181523FB1804
:10D270001A781023FB1819781623FB181B7818004E
:10D2800002F064FF0300237044E01723FC18152309
:10D29000FB181A781023FB1819781623FB181B7833
:10D2A000180002F071FF0300237033E01723FC180D
:10D2B0001523FB181A781023FB1819781623FB186E
:10D2C0001B78180003F042FA0300237022E01723B2
:10D2D000FC181523FB181A781023FB18197816234D
:10D2E000FB181B78180003F06BFA0300237011E0A1
:10D2F0001723FC181523FB181A781023FB1819782C
:10D300001623FB181B78180003F094FA030023700F
:10D3100000E0C04617243B191B78012B0AD11623C5
:10D32000FB181B78002200211800FEF7F5F93B19C5
:10D3300000221A7010217B181B785A1E1300DB0084
:10D340009B1ADB00154A98180C007B181B78013BD0
:10D35000134AD35C1A00002118F0E4FC3B191B7837
:10D36000013B0F4A0021D1543B191B780D4AD35C75
:10D37000022B10D03B191B780A4AD35C032B0AD02E
:10D380003B191B78074AD35C042B04D03B191B784C
:10D39000044A0021D1540CF073FE95E4A00A002049
:10D3A000900A0020980A0020B0B584B000AF0500B4
:10D3B0000C0010001900BB1D2A1C1A807B1D221CAA
:10D3C0001A703B1D021C1A70FB1C0A1C1A700F21DC
:10D3D0007B1801221A707B181B781800BD4604B018
:10D3E000B0BD000090B585B000AF0400080011008A
:10D3F000FB1D221C1A70BB1D021C1A707B1D0A1C0F
:10D400001A700F23FB1800221A70114B01221A7098
:10D41000104B1B7860221340DBB2602B06D00D4B03
:10D420001B7860221340DBB2202B0AD10F23FC189B
:10D43000FB1D1B78002202211800FEF76DF9030086
:10D4400023700F23FB181B781800BD4605B090BD54
:10D450008A0A00204C13002090B587B002AF040068
:10D4600008001100FB1D221C1A70BB1D021C1A7043
:10D470007B1D0A1C1A700F23FB1800221A70244B04
:10D480001B78002B3AD1234B1B781900224A0B0042
:10D490009B005B185B009B5C002B07D1FB1D1A787F
:10D4A0001E491F4B180018F0BDFB0EE0FB1D1C7839
:10D4B000FB1D1A7813009B009B185B00164A9B18F3
:10D4C00018491748220018F0ADFB114B1C78144B7B
:10D4D0001800F2F723FE03009AB2114901235B42C0
:10D4E00000933223200008F0FBFA031E06D00F2120
:10D4F0007B18FF221A707B181B7805E00A4B00226C
:10D500001A700F23FB181B781800BD4605B090BD9C
:10D51000880A00202C1300209811002060D20208F5
:10D52000A81C002074D202084D130020B0B586B0AC
:10D5300002AF040008001100FB1D221C1A70BB1D65
:10D54000021C1A707B1D0A1C1A700F257B19002201
:10D550001A70FB1D1B789BB21B0299B2BB1D1B7876
:10D560005A1E7B1D1B78981C2F4C1300DB009B1A46
:10D57000DB00E3181B5C1800BB1D1B785A1E0B1840
:10D5800099B22A4B9200D152BB1D1B785A1E7B1DAB
:10D59000197825481300DB009B1ADB00C3185B5C7D
:10D5A0001B0299B2BB1D1B785A1E7B1D1B78581C91
:10D5B0001D4C1300DB009B1ADB00E3181B5C1A00F8
:10D5C000BB1D1B78013B8A1891B2184A9B00D318E7
:10D5D00002330A1C1A80164B02221A70154B1B8844
:10D5E0001B0A9BB2DAB2144B1A70124B1B88DAB2C8
:10D5F000114B5A70104BBA1D12789A7002200CF021
:10D6000051F97C19BB1D1878032300930B230022CA
:10D610000021FEF759F9030023707B191B781800CD
:10D62000BD4604B0B0BDC046A00A0020200E0020B8
:10D630008A0A00207A000020F00B0020B0B584B0E8
:10D6400000AF040008001100FB1D221C1A70BB1D56
:10D65000021C1A707B1D0A1C1A700F257B190022F0
:10D660001A70FB1D1B789BB21B0299B2BB1D1B7865
:10D670005A1E7B1D1B78981C1F4C1300DB009B1A45
:10D68000DB00E3181B5C1800BB1D1B785A1E0B182F
:10D6900099B21A4B9200D152BB1D1B785A1E7B1DAA
:10D6A000197815481300DB009B1ADB00C3185B5C7C
:10D6B0001B0299B2BB1D1B785A1E7B1D1B78581C80
:10D6C0000D4C1300DB009B1ADB00E3181B5C1A00F7
:10D6D000BB1D1B78013B8A1891B2084A9B00D318E6
:10D6E00002330A1C1A80064B00221A707B191B7821
:10D6F0001800BD4604B0B0BDA00A0020200E0020D6
:10D700004D13002090B585B000AF04000800110053
:10D71000FB1D221C1A70BB1D021C1A707B1D0A1CEB
:10D720001A700F243B1900221A70BB1D1B785A1E59
:10D730007B1D1978EB481300DB009B1ADB00C31834
:10D740005A5CE94B1A70BB1D1B785A1E7B1D1B7857
:10D75000591CE4481300DB009B1ADB00C3185A5C19
:10D76000E14B5A70BB1D1B785A1E7B1D1B78991C00
:10D77000DC481300DB009B1ADB00C3185A5CDA4B51
:10D780009A70BB1D1B785A1E7B1D1B78D91CD5486F
:10D790001300DB009B1ADB00C3185A5CD24BDA7013
:10D7A000BB1D1B785A1E7B1D1B78191DCD4813000D
:10D7B000DB009B1ADB00C3185A5CCB4B1A71BB1DF4
:10D7C0001B785A1E7B1D1B78591DC6481300DB00B1
:10D7D0009B1ADB00C3185A5CC34B5A71BB1D1B78E4
:10D7E0005A1E7B1D1B78991DBE481300DB009B1A37
:10D7F000DB00C3185A5CBC4B9A71BB1D1B785A1EC8
:10D800007B1D1B78D91DB7481300DB009B1ADB007A
:10D81000C3185A5CB44BDA71BB1D1B785A1E7B1DB2
:10D820001B7808331900AF481300DB009B1ADB009C
:10D83000C3185A5CAC4B1A72BB1D1B785A1E7B1D59
:10D840001B7809331900A7481300DB009B1ADB0083
:10D85000C3185A5CA44B5A72BB1D1B785A1E7B1D01
:10D860001B780A3319009F481300DB009B1ADB006A
:10D87000C3185A5C9C4B9A72BB1D1B785A1E7B1DA9
:10D880001B780B33190097481300DB009B1ADB0051
:10D89000C3185A5C944BDA72BB1D1B785A1E7B1D51
:10D8A0001B780C3319008F481300DB009B1ADB0038
:10D8B000C3185A5C8C4B1A73BB1D1B785A1E7B1DF8
:10D8C0001B780D33190087481300DB009B1ADB001F
:10D8D000C3185A5C844B5A73BB1D1B785A1E7B1DA0
:10D8E0001B780E3319007F481300DB009B1ADB0006
:10D8F000C3185A5C7C4B9A73BB1D1B785A1E7B1D48
:10D900001B780F33190077481300DB009B1ADB00EC
:10D91000C3185A5C744BDA73BB1D1B785A1E7B1DEF
:10D920001B78103319006F481300DB009B1ADB00D3
:10D93000C3185A5C6C4B1A74BB1D1B785A1E7B1D96
:10D940001B781133190067481300DB009B1ADB00BA
:10D95000C3185A5C644B5A74BB1D1B785A1E7B1D3E
:10D960001B78123319005F481300DB009B1ADB00A1
:10D97000C3185A5C5C4B9A74BB1D1B785A1E7B1DE6
:10D980001B781333190057481300DB009B1ADB0088
:10D99000C3185A5C544BDA74BB1D1B785A1E7B1D8E
:10D9A0001B78143319004F481300DB009B1ADB006F
:10D9B000C3185A5C4C4B1A75BB1D1B785A1E7B1D35
:10D9C0001B781533190047481300DB009B1ADB0056
:10D9D000C3185A5C444B5A75BB1D1B785A1E7B1DDD
:10D9E0001B78163319003F481300DB009B1ADB003D
:10D9F000C3185A5C3C4B9A75BB1D1B785A1E7B1D85
:10DA00001B781733190037481300DB009B1ADB0023
:10DA1000C3185A5C344BDA75BB1D1B785A1E7B1D2C
:10DA20001B78183319002F481300DB009B1ADB000A
:10DA3000C3185A5C2C4B1A76BB1D1B785A1E7B1DD3
:10DA40001B781933190027481300DB009B1ADB00F1
:10DA5000C3185A5C244B5A76BB1D1B785A1E7B1D7B
:10DA60001B781A3319001F481300DB009B1ADB00D8
:10DA7000C3185A5C1C4B9A76BB1D1B785A1E7B1D23
:10DA80001B781B33190017481300DB009B1ADB00BF
:10DA9000C3185A5C144BDA76BB1D1B785A1E7B1DCB
:10DAA0001B781C3319000F481300DB009B1ADB00A6
:10DAB000C3185A5C0C4B1A77BB1D1B785A1E7B1D72
:10DAC0001B781D33190007481300DB009B1ADB008D
:10DAD000C3185A5C044B5A773B191B781800BD4693
:10DAE00005B090BDA00A002008240020B0B584B085
:10DAF00000AF040008001100FB1D221C1A70BB1DA2
:10DB0000021C1A707B1D0A1C1A700D23FB180022C0
:10DB10001A700F23FB1800221A70BB1D1B78180007
:10DB2000F7F7C6FB274B02221A7032200BF0BAFE21
:10DB30000E23FB1801221A702AE00E217B181B7895
:10DB40005A1E214B9200D35A002B1BD00F243B1995
:10DB50001B781E4A0D0079180978D1543B191B789F
:10DB60005A1C1A4BD0187B191B78013B9A00164B94
:10DB7000D3180422190018F0F4F93B193A19127855
:10DB800005321A700E217B181A787B1801321A7030
:10DB90000E23FB181B78062BCFD90F23FB181B78FD
:10DBA0009AB20D257C19FB1D1B780D211800FDF77D
:10DBB000B3FD030023707B191B781800BD4604B029
:10DBC000B0BDC0468A0A0020200E0020F00B0020C5
:10DBD000B0B584B000AF040008001100FB1D221C8A
:10DBE0001A70BB1D021C1A707B1D0A1C1A700E23B2
:10DBF000FB1800221A700D203B1800221A70BB1D62
:10DC00001B78013B2D4AD15C0C257B197A1D1278BB
:10DC10008A1A1A703C187B191B7805211800F2F734
:10DC200099FA030023700F23FB1800221A7033E0C7
:10DC3000BB1D1B785A1E7B1D18780F257B19197880
:10DC40000B009B005B18C1181D481300DB009B1ADA
:10DC5000DB00C3185B5C013B9A001A4BD418BB1D58
:10DC60001B785A1E7B1D1B78581C7B1919780B00DA
:10DC70009B005B18C1181300DB009B1ADB005A18CD
:10DC80000F4BD31804221900200018F06AF97B19F1
:10DC90001A787B1901321A700F23FA180D23FB181A
:10DCA00012781B789A42C3D3074B00221A700E23B6
:10DCB000FB181B781800BD4604B0B0BD900A0020C8
:10DCC000A00A0020380E00204D130020B0B584B00B
:10DCD00000AF040008001100FB1D221C1A70BB1DC0
:10DCE000021C1A707B1D0A1C1A700E23FB180022DE
:10DCF0001A700F23FB1801221A7026E00F257A19DB
:10DD0000BB1D12781B789A4219D07B191B7818001A
:10DD100007F09CFF0400BB1D1B785A1E7B1D197861
:10DD20007B191B78CB18591E1A481300DB009B1A6D
:10DD3000DB00C3185B5C1900200007F0B5FF0F2162
:10DD40007B181A787B1801321A700F23FB181B7886
:10DD5000062BD3D9BB1D1B78180007F077FF0400F2
:10DD6000BB1D1B785A1E7B1D1B780A3319000948FE
:10DD70001300DB009B1ADB00C3185B5C190020005A
:10DD800007F092FF0E23FB181B781800BD4604B065
:10DD9000B0BDC046A00A002090B587B002AF040015
:10DDA00008001100FB1D221C1A70BB1D021C1A70FA
:10DDB0007B1D0A1C1A700F23FB1800221A70BB1D52
:10DDC0001B785A1E7B1D19782B481300DB009B1A09
:10DDD000DB00C3185B5C002B0FD1BB1D1B785A1EE8
:10DDE0007B1D1B78591C24481300DB009B1ADB00A9
:10DDF000C3185A5C214B1A7037E0BB1D1B785A1EA2
:10DE00007B1D19781C481300DB009B1ADB00C3182C
:10DE10005B5C012B29D11A4B00221A70BB1D1B78A9
:10DE20005A1E7B1D1B78591C13481300DB009B1ADC
:10DE3000DB00C3185A5C124B5A70BB1D1B785A1E6C
:10DE40007B1D1B78991C0C481300DB009B1ADB0020
:10DE5000C318585C0F23FC180323009310230022DF
:10DE60000021FDF731FD030023700F23FB181B7801
:10DE70001800BD4605B090BDA00A00202C1300205C
:10DE8000F00B0020B0B584B000AF04000800110012
:10DE9000FB1D221C1A70BB1D021C1A707B1D0A1C64
:10DEA0001A700F23FB1800221A700C243B19002251
:10DEB0001A80BB1D1B78013B354AD15C0B257B19B1
:10DEC0007A1D12788A1A1A70324B1B787F2293437C
:10DED000DBB2002B1DD03B191A882F4BD018BB1D6D
:10DEE0001B785A1E7B1D19781300DB009B1ADB0080
:10DEF0005A182A4BD1187B191B781A0018F031F8E0
:10DF00007B191B7899B23B193A1912888A181A8022
:10DF100036E00C243B191A881F4BD018BB1D1B7808
:10DF20005A1E7B1D19781300DB009B1ADB005A1860
:10DF30001A4BD1180B257B191B781A0018F011F811
:10DF40007B191B7899B23B193A1912888A181A80E2
:10DF50003B191B8816211800F2F7FCF803009BB24E
:10DF6000DAB20F4B1A703B191A880B490D4B180087
:10DF700017F0F7FF3B1900221A800B4B02221A7090
:10DF80000F23FB181B781800BD4604B0B0BDC04677
:10DF9000900A00204C13002050240020A00A0020EA
:10DFA0007C000020240F00208A0A0020B0B584B035
:10DFB00000AF040008001100FB1D221C1A70BB1DDD
:10DFC000021C1A707B1D0A1C1A700E23FB180022FB
:10DFD0001A70BB1D1B78013B244AD15C0D23FB1832
:10DFE0007A1D12788A1A1A700F23FB1800221A70F1
:10DFF0002AE0FB1D1B785A1E1D4B5200D35A19B242
:10E00000BB1D1B785A1E7B1D18780F257B191B78AA
:10E01000C018184C1300DB009B1ADB00E3181B5CD4
:10E02000013B802212021A4113001BB20B4319B2AA
:10E03000FB1D1B785A1E89B20D4B5200D1527B1921
:10E040001A787B1901321A700F23FA180D23FB1866
:10E0500012781B789A42CCD3074B00221A700E23F9
:10E06000FB181B781800BD4604B0B0BD900A002014
:10E07000F8120020A00A00204D130020B0B586B091
:10E0800000AF040008001100FB1D221C1A70BB1D0C
:10E09000021C1A707B1D0A1C1A701523FB18002223
:10E0A0001A70BB1D1B78013B424AD15C1423FB183C
:10E0B0007A1D12788A1A1A700023FB601323FB184A
:10E0C00000221A70BB1D1B785A1E7B1D1978130085
:10E0D000DB009B1ADB005A18374BD1180C23FB18B6
:10E0E00005221800F8F798FDBB1D1B785A1E7B1DF2
:10E0F0001B78191D30481300DB009B1ADB00C31886
:10E100005B5CFF2B18D11723FB1801221A700DE05E
:10E11000FA6817243B191B781100180007F076FDE8
:10E1200021007B181A787B1801321A701723FB180C
:10E130001B78062BECD935E01623FB1800221A7049
:10E1400028E0BB1D1B785A1E7B1D1B78191D16234A
:10E15000FB181B78C81813257919174C1300DB001E
:10E160009B1ADB00E3181B5C0B707B191B78002BE0
:10E170000AD07B191B78062B06D8FA687B191B7806
:10E180001100180007F042FD16217B181A787B1841
:10E1900001321A701623FA181423FB1812781B7810
:10E1A0009A42CED31523FB181B781800BD4606B043
:10E1B000B0BDC046900A0020A00A0020B0B584B0CF
:10E1C00000AF040008001100FB1D221C1A70BB1DCB
:10E1D000021C1A707B1D0A1C1A700F257B19002265
:10E1E0001A7002F0F3FC7C19F5F7F2FF03002370BC
:10E1F000044B01221A707B191B781800BD4604B02D
:10E20000B0BDC0468A0A0020B0B584B000AF04009B
:10E2100008001100FB1D221C1A70BB1D021C1A7085
:10E220007B1D0A1C1A700F257B1900221A707C199D
:10E23000F6F73CF90300237002F0A0FE64200BF017
:10E2400031FB044B02221A707B191B781800BD4663
:10E2500004B0B0BD8A0A0020B0B588B000AF040099
:10E2600008001100FB1D221C1A70BB1D021C1A7035
:10E270007B1D0A1C1A701F23FB1800221A701C2316
:10E28000FB1800221A80BB1D1B78013B564AD15C4B
:10E290001B243B197A1D12788A1A1A70BB1D1B7831
:10E2A0005A1E1A25791951481300DB009B1ADB000E
:10E2B0001B5C0B700BF06EFC03007B617B191B7801
:10E2C000FF2B14D1BB1D1B785A1E7B1D1978130020
:10E2D000DB009B1ADB005A18444BD1183B191B7802
:10E2E000013B1A00424B180017F03BFE31E01A23A5
:10E2F000FB181B78FE2B19D1BB1D1B785A1E7B1DEA
:10E3000019781300DB009B1ADB005A18374BD11821
:10E310001B23FB181A781323FB181B78D31A023B14
:10E320001A00334B180017F01CFE12E0BB1D1B78BF
:10E330005A1E7B1D19781300DB009B1ADB005A184C
:10E340002A4BD1181B23FB181A78294B180017F0F9
:10E3500008FE13243B19274A12781A70254BBA1D60
:10E3600012781A7099239A007969214B18000BF0E2
:10E3700083FB0300FB601F4B3A1912781A701E4B87
:10E380001B7860221340DBB2602B1DD17B69180023
:10E39000F1F7C4FE02007969184B180017F0E1FD8F
:10E3A0007B691800F1F7BAFE030099B21F23FC182D
:10E3B0007A69FB1D18780B001821FDF7FFF903009F
:10E3C00023700A200BF06EFAFB68002BC1D1084BBA
:10E3D00032220021180017F0A5FC1F23FB181B7820
:10E3E0001800BD4608B0B0BD900A0020A00A002069
:10E3F00070250020880A00204C130020F00B00201C
:10E40000B0B586B000AF040008001100FB1D221C4F
:10E410001A70BB1D021C1A707B1D0A1C1A70172370
:10E42000FB1800221A7014243B1900221A80BB1D0D
:10E430001B78013B324AD15C13257B197A1D127877
:10E440008A1A1A700BF0A6FB0300FB60FB68180029
:10E45000F1F764FE0200FB680021180017F062FC6F
:10E46000284B1B787F229343DBB2002B1DD03B1936
:10E470001B88FA68D018BB1D1B785A1E7B1D1978A3
:10E480001300DB009B1ADB005A181F4BD1187B19B5
:10E490001B781A0017F065FD7B191B7899B23B19A0
:10E4A0003A1912888A181A8023E014243B191B8811
:10E4B000FA68D018BB1D1B785A1E7B1D19781300F3
:10E4C000DB009B1ADB005A180F4BD1181323FB18E3
:10E4D0001B781A0017F045FD3B1900221A800B4BE0
:10E4E00000221A700A4B18680023002200210DF048
:10E4F0008DFF1723FB181B781800BD4606B0B0BD72
:10E50000900A00204C130020A00A00204D13002088
:10E510009C1B002090B585B000AF040008001100DE
:10E52000FB1D221C1A70BB1D021C1A707B1D0A1CCD
:10E530001A700F23FB1800221A70054B054A1A6047
:10E54000054B01221A700A200BF0ACF9FDF7BAFD59
:10E55000F03F0220EFBEADDE8A0A0020B0B586B0E3
:10E5600002AF040008001100FB1D221C1A70BB1D25
:10E57000021C1A707B1D0A1C1A700F257B190022C1
:10E580001A70BB1D1B785A1E7B1D19781648130084
:10E59000DB009B1ADB00C318585C0023009319238F
:10E5A00000220021FDF790F964200BF07BF90F4B5E
:10E5B0001C78BB1D1B785A1E7B1D19780A48130056
:10E5C000DB009B1ADB00C318595CBB1D1A78FB1DCE
:10E5D00018780B00210002F0EDFC7B191B78180065
:10E5E000BD4604B0B0BDC046A00A00202C130020D8
:10E5F000F0B589B002AF040008001100FB1D221C19
:10E600001A70BB1D021C1A707B1D0A1C1A7016237F
:10E61000FB1800221A70BB1D1B78013BC74AD15C56
:10E6200015257B197A1D12788A1A1A70BB1D1B7862
:10E630005A1E7B1D1B780B3318001726B919C04CC6
:10E640001300DB009B1ADB00E3181B5C0B707B19CB
:10E650001B780F2B0FD1BB1D1B785A1E7B1D1B78FF
:10E660000D331800B919B64C1300DB009B1ADB0000
:10E67000E3181B5C0B701523FB181B78112B10D1B2
:10E68000BB1D1B785A1E7B1D1B780F3318001723E8
:10E69000F918AB4C1300DB009B1ADB00E3181B5C82
:10E6A0000B70BB1D1B785A1E7B1D19781300DB00F5
:10E6B0009B1ADB005A18A24BD11810243B190522D3
:10E6C0001800F8F7A9FABB1D1B785A1E7B1D1B7892
:10E6D000191D1300DB009B1ADB005A18984BD11848
:10E6E0000C257B1905221800F8F796FA1723FB185A
:10E6F0001B78002B00D025E1BB1D1B785A1E7B1D0B
:10E7000019781300DB009B1ADB005A188C4BD118C8
:10E710003B1905221800F8F77FFABB1D1B785A1E1B
:10E720007B1D1B78191D1300DB009B1ADB005A1898
:10E73000834BD1187B1905221800F8F76DFABB1D21
:10E740001B785A1E7B1D1B78093319007C48130067
:10E75000DB009B1ADB00C3185B5C002B43D0BB1DA6
:10E760001B785A1E7B1D1B780A331900744813004E
:10E77000DB009B1ADB00C3185B5C002B33D0BB1D96
:10E780001B785A1E7B1D1B78083319006C48130038
:10E79000DB009B1ADB00C3185C5C3D69FE68BB1D97
:10E7A0001B785A1E7B1D1B7809331900644813001F
:10E7B000DB009B1ADB00C3185B5C9C46BB1D1B780F
:10E7C0005A1E7B1D1B780A3319005D481300DB00BD
:10E7D0009B1ADB00C3185B5C009363463200290080
:10E7E0002000FCF749FCBB1D1B785A1E7B1D1B78C3
:10E7F0000B33190052481300DB009B1ADB00C318CF
:10E800005B5C002B43D0BB1D1B785A1E7B1D1B7805
:10E810000C3319004A481300DB009B1ADB00C318B5
:10E820005B5C002B33D0BB1D1B785A1E7B1D1B78F5
:10E830000833190042481300DB009B1ADB00C318A1
:10E840005C5C3D69FE68BB1D1B785A1E7B1D1B78F6
:10E850000B3319003A481300DB009B1ADB00C31886
:10E860005B5C9C46BB1D1B785A1E7B1D1B780C33C2
:10E87000190033481300DB009B1ADB00C3185B5CF4
:10E8800000936346320029002000FCF7F5FBBB1D16
:10E890001B785A1E7B1D1B780D3319002848130066
:10E8A000DB009B1ADB00C3185B5C002B00D15AE134
:10E8B000BB1D1B785A1E7B1D1B780E331900204888
:10E8C0001300DB009B1ADB00C3185B5C002B00D13C
:10E8D00049E1BB1D1B785A1E7B1D1B7808331900AC
:10E8E00017481300DB009B1ADB00C3185C5C3D6912
:10E8F000FE68BB1D1B785A1E7B1D1B780D3319004B
:10E900000F481300DB009B1ADB00C3185B5C9C46BE
:10E91000BB1D1B785A1E7B1D1B780E33190008483F
:10E920001300DB009B1ADB00C3185B5C009363469B
:10E93000320029002000FCF79FFB14E1900A002020
:10E94000A00A0020BB1D1B785A1E7B1D1B780833B4
:10E95000190088481300DB009B1ADB00C3185B5CBE
:10E960001900E42003F054FEBB1D1B785A1E7B1DCA
:10E97000197880481300DB009B1ADB00C3185B5C2E
:10E980001B0299B2BB1D1B785A1E7B1D1B78581C9D
:10E99000784C1300DB009B1ADB00E3181B5CCB18E0
:10E9A0009BB21900E52003F033FEBB1D1B785A1EF5
:10E9B0007B1D1B78991C6F481300DB009B1ADB0042
:10E9C000C3185B5C1B0299B2BB1D1B785A1E7B1DD2
:10E9D0001B78D81C674C1300DB009B1ADB00E31884
:10E9E0001B5CCB189BB21900E62003F011FEBB1D87
:10E9F0001B785A1E7B1D1B78191D5E481300DB0017
:10EA00009B1ADB00C3185B5C1B0299B2BB1D1B7811
:10EA10005A1E7B1D1B78581D564C1300DB009B1A99
:10EA2000DB00E3181B5CCB189BB21900E72003F056
:10EA3000EFFDBB1D1B785A1E7B1D1B78991D4D4891
:10EA40001300DB009B1ADB00C3185B5C1B0299B24E
:10EA5000BB1D1B785A1E7B1D1B78D81D454C13000F
:10EA6000DB009B1ADB00E3181B5CCB189BB2190080
:10EA7000E82003F0CDFDBB1D1B785A1E7B1D1B78C3
:10EA8000093319003B481300DB009B1ADB00C31855
:10EA90005B5C1B0299B2BB1D1B785A1E7B1D1B7849
:10EAA0000A331800334C1300DB009B1ADB00E31819
:10EAB0001B5CCB189BB21900E92003F0A9FD1523BC
:10EAC000FB181B78132B23D1BB1D1B785A1E7B1DF3
:10EAD0001B780B33190027481300DB009B1ADB005F
:10EAE000C3185B5C1B0299B2BB1D1B785A1E7B1DB1
:10EAF0001B780C3318001F4C1300DB009B1ADB0043
:10EB0000E3181B5CCB189BB21900EA2003F080FDD0
:10EB10001523FB181B78152B23D1BB1D1B785A1E00
:10EB20007B1D1B780D33190012481300DB009B1A64
:10EB3000DB00C3185B5C1B0299B2BB1D1B785A1E1D
:10EB40007B1D1B780E3318000A4C1300DB009B1A48
:10EB5000DB00E3181B5CCB189BB21900EB2003F021
:10EB600057FDFDF7AFFA1623FB181B781800BD46BA
:10EB700007B0F0BDA00A0020F0B5D6464F46464685
:10EB8000C0B58AB004AF040008001100FB1D221CB0
:10EB90001A70BB1D021C1A707B1D0A1C1A701723E9
:10EBA000FB1800221A70BB1D1B785A1E7B1D19789A
:10EBB0001300DB009B1ADB005A18404BD1181022BF
:10EBC000BB1805221800F8F727F8BB1D1B785A1E42
:10EBD0007B1D1B78191D1300DB009B1ADB005A18E4
:10EBE000364BD1180C22BB1805221800F8F714F880
:10EBF000BB1D1B785A1E7B1D1B78190009312F483D
:10EC00001300DB009B1ADB00C3185A5C94462C4BA4
:10EC10001A789046BB1D1B785A1E7B1D1B78190065
:10EC20000B3126481300DB009B1ADB00C3185A5C2B
:10EC30009146BB1D1B785A1E7B1D1B7819000A319B
:10EC40001E481300DB009B1ADB00C3185A5C924677
:10EC5000BB1D1B785A1E7B1D1B78190008311748F5
:10EC60001300DB009B1ADB00C318595C3869FC6891
:10EC7000BB1D1B785A1E7B1D1B781D000C350F4ECB
:10EC80001300DB009B1ADB00F3185B5D5A1E9341F7
:10EC9000DBB2039302940190009153464A464146E9
:10ECA0006046FDF785F81723FB181B781800BD4652
:10ECB00006B0E0BCBA46B146A846F0BDA00A0020A6
:10ECC0002C130020B0B584B000AF04000800110080
:10ECD000FB1D221C1A70BB1D021C1A707B1D0A1C16
:10ECE0001A700F23FB1800221A70BB1D1B785A1EC6
:10ECF0007B1D1978EB481300DB009B1ADB00C3185F
:10ED00005B5C002B00D08CE0BB1D1B785A1E7B1D6A
:10ED10001B78991C1300DB009B1ADB005A18E14B8F
:10ED2000D1180823FB1805221800F7F775FFBB1D43
:10ED30001B785A1E7B1D1B78591CDA481300DB0018
:10ED40009B1ADB00C3185B5C082B00D9FAE19A0020
:10ED5000D54BD3181B689F46BB681A78D34B1A70E3
:10ED6000FB1D1B7801221F211800FCF7D5FCEEE1EA
:10ED7000BB681B785BB2DAB2CC4B1A70FB1D1B78F8
:10ED800001221F211800FCF7C7FCE0E1C749082356
:10ED9000FB1803221800F7F7FDFEFB1D1B7802226B
:10EDA0001F211800FCF7B8FCD1E1C0490823FB186B
:10EDB00004221800F7F7EEFEFB1D1B7802221F212C
:10EDC0001800FCF7A9FCC2E1B8490823FB1805228A
:10EDD0001800F7F7DFFEFB1D1B7804221F21180027
:10EDE000FCF79AFCB3E1B1490823FB18062218008E
:10EDF000F7F7D0FEFB1D1B7804221F211800FCF73B
:10EE00008BFCA4E1A9490823FB1807221800F7F797
:10EE1000C1FEFB1D1B7808221F211800FCF77CFC9B
:10EE200095E1BB1D1B785A1E7B1D19789D48130068
:10EE3000DB009B1ADB00C3185B5C022B00D0B7E041
:10EE4000BB1D1B785A1EBB1D1B78013B9849CB5C30
:10EE5000591E94481300DB009B1ADB00C3180022E4
:10EE60005A54BB1D1B785A1E7B1D1B78591C13005E
:10EE7000DB009B1ADB005A188A4BD3180E257C192D
:10EE80001800F5F7C9FB030023707B191B78002BD2
:10EE900007D1FB1D1B7801221F211800FCF73CFC49
:10EEA00055E10E203B181B785A1E824913005B0067
:10EEB0009B189B005B58BB603B181B785A1E7D4912
:10EEC00013005B009B189B00CB1804331A78774B18
:10EED0001A70764B1B78082B00D935E19A00764BD7
:10EEE000D3181B689F46BB681A78704B5A70FB1D7D
:10EEF0001B7802221F211800FCF70EFC27E1BB68DB
:10EF00001B785BB2DAB2694B5A70FB1D1B78022288
:10EF10001F211800FCF700FC19E168490823FB18C1
:10EF200003221800F7F736FEFB1D1B7803221F2172
:10EF30001800FCF7F1FB0AE160490823FB180422E2
:10EF40001800F7F727FEFB1D1B7803221F2118006E
:10EF5000FCF7E2FBFBE059490823FB1805221800E7
:10EF6000F7F718FEFB1D1B7805221F211800FCF780
:10EF7000D3FBECE051490823FB1806221800F7F7F1
:10EF800009FEFB1D1B7805221F211800FCF7C4FB9E
:10EF9000DDE04A490823FB1807221800F7F7FAFDBD
:10EFA000FB1D1B7809221F211800FCF7B5FBCEE0E2
:10EFB000BB1D1B785A1E7B1D19783A481300DB00D5
:10EFC0009B1ADB00C3185B5C022B00D8BFE0BB1DA3
:10EFD0001B785A1E7B1D197832481300DB009B1AE0
:10EFE000DB00C3185B5C1A1F354B9200D358DBB2B1
:10EFF0000F221340DAB22D4B1A702C4B1B78002BCA
:10F0000007D1FB1D1B7801221F211800FCF784FB90
:10F010009DE0BB1D1B785A1E7B1D197821481300EB
:10F02000DB009B1ADB00C3185B5C1A1F244B9200A9
:10F03000D3581B0C234A94466344BB601B4B1B787C
:10F04000082B00D982E09A001F4BD3181B689F46FB
:10F05000BB681A78154B5A70FB1D1B7802221F21C2
:10F060001800FCF759FB72E0BB681B785BB2DAB2A0
:10F070000E4B5A70FB1D1B7802221F211800FCF753
:10F080004BFB64E009490823FB1803221800F7F73B
:10F0900081FDFB1D1B7803221F211800FCF73CFBA0
:10F0A00055E0C046A00A002090D20208F00B0020D4
:10F0B000900A0020042B0020B4D20208F10B00209B
:10F0C000840E002000000120D8D202082349082322
:10F0D000FB1804221800F7F75DFDFB1D1B780322C7
:10F0E0001F211800FCF718FB31E01C490823FB180E
:10F0F00005221800F7F74EFDFB1D1B7805221F2186
:10F100001800FCF709FB22E014490823FB1805222C
:10F110001800F7F73FFDFB1D1B7805221F21180083
:10F12000FCF7FAFA13E00D490823FB180722180030
:10F13000F7F730FDFB1D1B7809221F211800FCF793
:10F14000EBFA04E0C04602E0C04600E0C0460F23F0
:10F15000FB181B781800BD4604B0B0BDF00B0020B2
:10F16000F0B58BB000AF0600080011001F23FB189C
:10F17000321C1A701E23FB18021C1A701D23FB1868
:10F180000A1C1A700F2318229B18DB1900221A7010
:10F19000C54B1A685B68032A01D1002B08D0C24B0B
:10F1A0001A685B68022A00D0C6E0002B00D0C3E0DA
:10F1B0001E257B191B785A1E1D243B191978BB4844
:10F1C0001300DB009B1ADB00C3185A5CB84B1A70A3
:10F1D0007B191B785A1E3B191978B4481300DB00C1
:10F1E0009B1ADB00C3185B5C082B00D9A2E09A00D5
:10F1F000B04BD3181B689F46AF4B10221A709AE091
:10F200001E23FB181B785A1E1D23FB181B78591C44
:10F21000A6481300DB009B1ADB00C3185B5C3B6154
:10F2200000237B61A04B39697A6919605A6082E0DA
:10F230001E23FB181B785A1E1D23FB181B78591C14
:10F240009A481300DB009B1ADB00C3185B5C5BB2BF
:10F25000BB60DB17FB60944BB968FA6819605A60B1
:10F2600069E01E23FB181B785A1E1D23FB181B7810
:10F27000591C1300DB009B1ADB005A188B4BD1186A
:10F28000894B03221800F7F7C7FC54E01E23FB1834
:10F290001B785A1E1D23FB181B78591C1300DB001A
:10F2A0009B1ADB005A18814BD1187F4B042218009F
:10F2B000F7F7B2FC3FE01E23FB181B785A1E1D23F4
:10F2C000FB181B78591C1300DB009B1ADB005A1833
:10F2D000764BD118744B05221800F7F79DFC2AE0F5
:10F2E0001E23FB181B785A1E1D23FB181B78591C64
:10F2F0001300DB009B1ADB005A186C4BD1186A4BC9
:10F3000006221800F7F788FC15E01E23FB181B786F
:10F310005A1E1D23FB181B78591C1300DB009B1A77
:10F32000DB005A18614BD1185F4B07221800F7F722
:10F3300073FC00E0C046A7E05B4B1A685B681100F5
:10F34000194300D0A0E05D4B1B78082B00D99AE050
:10F350009A005B4BD3181B689F461E23FB181B7833
:10F360005A1E1D23FB18197850481300DB009B1A06
:10F37000DB00C3185B5C3B6000237B604A4B396851
:10F380007A6819605A607FE01E23FB181B785A1EAA
:10F390001D23FB18197845481300DB009B1ADB007E
:10F3A000C3185B5C5BB21C00DB171D003E4B1C608E
:10F3B0005D6069E01E23FB181B785A1E1D23FB1895
:10F3C0001B78591C1300DB009B1ADB005A18374BC3
:10F3D000D118354B03221800F7F71EFC54E01E230A
:10F3E000FB181B785A1E1D23FB181B78591C130091
:10F3F000DB009B1ADB005A182C4BD1182A4B042235
:10F400001800F7F709FC3FE01E23FB181B785A1E73
:10F410001D23FB181B78591C1300DB009B1ADB0013
:10F420005A18224BD118204B05221800F7F7F4FB8D
:10F430002AE01E23FB181B785A1E1D23FB181B787D
:10F44000591C1300DB009B1ADB005A18174BD1180C
:10F45000154B06221800F7F7DFFB15E01E23FB18FB
:10F460001B785A1E1D23FB181B78591C1300DB0048
:10F470009B1ADB005A180D4BD1180B4B07221800B2
:10F48000F7F7CAFB00E0C0460B4B1B78102B02D0ED
:10F49000094B00221A700F2318229B18DB191B78C6
:10F4A0001800BD460BB0F0BD180F0020A00A0020C8
:10F4B0007D000020FCD202084D130020200F002008
:10F4C00020D30208F0B587B000AF06000800110095
:10F4D0000F23FB18321C1A700E26BB19021C1A705F
:10F4E0000D203B180A1C1A700F2308229B18DB19E9
:10F4F00000221A70EB4B00221A70BB191B785A1E9F
:10F5000006003B181978E8481300DB009B1ADB0063
:10F51000C3185B5C002B00D1A8E30E257B191B7878
:10F520005A1E34003B191978DF481300DB009B1A80
:10F53000DB00C3185B5C1E2B00D989E37B191B78A9
:10F540005A1E3B191978D8481300DB009B1ADB00C0
:10F55000C3185B5C5A1ED54B9200D3581B0CD44A7F
:10F56000944663443B617B191B785A1E3B191B78F8
:10F57000591CCD481300DB009B1ADB00C3185B5CF1
:10F58000082B00D9F8E29A00CA4BD3181B689F4693
:10F590000E257B191B785A1E0D243B191978C24879
:10F5A0001300DB009B1ADB00C3185B5C5A1EBF4BC9
:10F5B0009200D3580F22134032D1012014F0B2FF31
:10F5C00003003B613B69002B27D03B69E022120618
:10F5D0009446634419047B191B785A1E26003B1974
:10F5E0001B78581CB04C1300DB009B1ADB00E3189F
:10F5F0001B5C1D000E23FB181B785A1EBB191878C4
:10F60000A94C1300DB009B1ADB00E3181B5C5A1E9D
:10F610004919A64B9200D15002E0A24B12221A7057
:10F62000A04B1B78122B00D1A8E20E23FB181B78ED
:10F630005A1E0D23FB181B78991C3B691C009A4825
:10F640001300DB009B1ADB00C3185B5C237095E2A0
:10F650000E257B191B785A1E0D243B1919789248E8
:10F660001300DB009B1ADB00C3185B5C5A1E8F4B38
:10F670009200D3580F22134032D1012014F052FFD0
:10F6800003003B613B69002B27D03B69E022120657
:10F690009446634419047B191B785A1E26003B19B3
:10F6A0001B78581C804C1300DB009B1ADB00E3180E
:10F6B0001B5C1D000E23FB181B785A1EBB19187803
:10F6C000794C1300DB009B1ADB00E3181B5C5A1E0D
:10F6D0004919764B9200D15002E0724B12221A70F7
:10F6E000704B1B78122B00D14AE20E23FB181B78BB
:10F6F0005A1E0D23FB181B78991C6B481300DB0066
:10F700009B1ADB00C3185A5C3B6952B21A7037E28D
:10F710000E257B191B785A1E0D243B191978624857
:10F720001300DB009B1ADB00C3185B5C5A1E5F4BA7
:10F730009200D3580F22134032D1022014F0F2FE6F
:10F7400003003B613B69002B27D03B69E022120696
:10F750009446634419047B191B785A1E26003B19F2
:10F760001B78581C504C1300DB009B1ADB00E3187D
:10F770001B5C1D000E23FB181B785A1EBB19187842
:10F78000494C1300DB009B1ADB00E3181B5C5A1E7C
:10F790004919464B9200D15002E0424B12221A7096
:10F7A000404B1B78122B00D1ECE10E23FB181B7889
:10F7B0005A1E0D23FB181B78991C1300DB009B1AA3
:10F7C000DB005A18384BD118082308229B18DB1984
:10F7D00003221800F7F720FAD4E10E257B191B78D5
:10F7E0005A1E0D243B1919782F481300DB009B1A71
:10F7F000DB00C3185B5C5A1E2C4B9200D3580F22BF
:10F80000134032D1022014F08DFE03003B613B69AE
:10F81000002B27D03B69E02212069446634419046A
:10F820007B191B785A1E26003B191B78581C1E4C4E
:10F830001300DB009B1ADB00E3181B5C1D000E238A
:10F84000FB181B785A1EBB191878174C1300DB00E5
:10F850009B1ADB00E3181B5C5A1E4919134B9200DC
:10F86000D15002E00F4B12221A700E4B1B78122B54
:10F8700000D189E10E23FB181B785A1E0D23FB18BB
:10F880001B78991C1300DB009B1ADB005A18064BEF
:10F89000D118082308229B18DB1903221800F7F758
:10F8A000BBF971E14D130020A00A0020840E002056
:10F8B0000000012044D302080E257B191B785A1E34
:10F8C0000D243B191978E4481300DB009B1ADB0078
:10F8D000C3185B5C5A1EE14B9200D3580F221340B1
:10F8E00032D1042014F01EFE03003B613B69002B63
:10F8F00027D03B69E02212069446634419047B1921
:10F900001B785A1E26003B191B78581CD24C13003A
:10F91000DB009B1ADB00E3181B5C1D000E23FB18A9
:10F920001B785A1EBB191878CB4C1300DB009B1AAE
:10F93000DB00E3181B5C5A1E4919C84B9200D150DA
:10F9400002E0C74B12221A70C54B1B78122B00D154
:10F950001CE10E23FB181B785A1E0D23FB181B7885
:10F96000991C1300DB009B1ADB005A18BA4BD11804
:10F97000082308229B18DB1905221800F7F74CF919
:10F9800004E10E257B191B785A1E0D243B191978AA
:10F99000B1481300DB009B1ADB00C3185B5C5A1EE6
:10F9A000AE4B9200D3580F22134032D1042014F0F2
:10F9B000B9FD03003B613B69002B27D03B69E02286
:10F9C00012069446634419047B191B785A1E2600BC
:10F9D0003B191B78581CA04C1300DB009B1ADB0062
:10F9E000E3181B5C1D000E23FB181B785A1EBB1965
:10F9F0001878994C1300DB009B1ADB00E3181B5CA2
:10FA00005A1E4919954B9200D15002E0944B122294
:10FA10001A70934B1B78122B00D1B9E00E23FB1800
:10FA20001B785A1E0D23FB181B78991C1300DB0052
:10FA30009B1ADB005A18884BD118082308229B1800
:10FA4000DB1906221800F7F7E7F8A1E00E257B196D
:10FA50001B785A1E0D243B1919787F481300DB00D0
:10FA60009B1ADB00C3185B5C5A1E7C4B9200D35878
:10FA70000F22134032D1042014F054FD03003B61E7
:10FA80003B69002B27D03B69E02212069446634471
:10FA900019047B191B785A1E26003B191B78581C29
:10FAA0006D4C1300DB009B1ADB00E3181B5C1D0090
:10FAB0000E23FB181B785A1EBB191878664C1300CE
:10FAC000DB009B1ADB00E3181B5C5A1E4919634BD1
:10FAD0009200D15002E0624B12221A70604B1B78E8
:10FAE000122B57D00E26BB191B785A1E0D257B19D9
:10FAF0001B78991C58481300DB009B1ADB00C318C5
:10FB00005B5C1C00BB191B785A1E7B191B78D91C27
:10FB100051481300DB009B1ADB00C3185B5C1B021F
:10FB2000E118BB191B785A1E7B191B78181D4A4C0B
:10FB30001300DB009B1ADB00E3181B5C1B04C918D5
:10FB4000BB191B785A1E7B191B78581D424C130099
:10FB5000DB009B1ADB00E3181B5C1B06CB183B6029
:10FB600000237B603F4B39687A6819605A603D4BCF
:10FB70003A691B6813600DE0C0460CE0C0460AE01D
:10FB8000C04608E0C04606E0C04604E0C04602E0C9
:10FB9000C04600E0C0460E257B191B785A1E0D2476
:10FBA0003B1919782C481300DB009B1ADB00C318A3
:10FBB0005B5C5A1E294B9200D3580F221340190048
:10FBC0007B191B785A1E2600BB191B78581C224C27
:10FBD0001300DB009B1ADB00E3181B5C994200D189
:10FBE00057E17B191B785A1EBB1919781A48130064
:10FBF000DB009B1ADB00C3185B5C5A1E174B92009C
:10FC0000D1587B191B785A1EBB191B78581C124CF3
:10FC10001300DB009B1ADB00E3181B5C124A9446BE
:10FC200063441D000E23FB181B785A1EBB1918785D
:10FC3000094C1300DB009B1ADB00E3181B5C5A1E07
:10FC40002940064B9200D150054B14221A7020E136
:10FC5000034B13221A701CE1A00A0020840E00201E
:10FC60004D130020180F0020F0FF00000E23FB189A
:10FC70001B785A1E0D26BB191B78991C1300DB003C
:10FC80009B1ADB005A18944BD118082308229A18A3
:10FC9000D31905221800F6F7BFFF3A6980239B05A8
:10FCA0009A4200D2F2E03B698C4A934200D9EDE0DF
:10FCB0000E23FB181B785A1EBB191B78591C86484B
:10FCC0001300DB009B1ADB00C3185B5C082B00D918
:10FCD000DAE09A00824BD3181B689F460E23FB186C
:10FCE0001B785A1E0D23FB181B78991D3B691C00BD
:10FCF00079481300DB009B1ADB00C3185B5C2370A0
:10FD0000C3E00E23FB181B785A1E0D23FB181B782B
:10FD1000991D71481300DB009B1ADB00C3185A5C65
:10FD20003B6952B21A70B0E00E23FB181B785A1EC2
:10FD30000D23FB181B78991D1300DB009B1ADB00B9
:10FD40005A18654BD118082308229B18DB19032287
:10FD50001800F6F761FF98E00E23FB181B785A1E77
:10FD60000D23FB181B78991D1300DB009B1ADB0089
:10FD70005A18594BD118082308229B18DB19042262
:10FD80001800F6F749FF80E00E23FB181B785A1E77
:10FD90000D23FB181B78991D1300DB009B1ADB0059
:10FDA0005A184D4BD118082308229B18DB1905223D
:10FDB0001800F6F731FF68E00E23FB181B785A1E77
:10FDC0000D23FB181B78991D1300DB009B1ADB0029
:10FDD0005A18414BD118082308229B18DB19062218
:10FDE0001800F6F719FF50E00E22BB181B785A1EB8
:10FDF0000D23FB181B78991D37481300DB009B1A55
:10FE0000DB00C3185B5C1E000E22BB181B785A1E59
:10FE10000D23FB181B78D91D2F481300DB009B1AFC
:10FE2000DB00C3185B5C1B02F1180E22BB181B78A9
:10FE30005A1E0D23FB181B7808331800264E13009A
:10FE4000DB009B1ADB00F3181B5C1B04C9180E2295
:10FE5000BB181B785A1E0D23FB181B78093318009A
:10FE60001D4E1300DB009B1ADB00F3181B5C1B0606
:10FE7000CB181C0000231D001A4B1C605D60194B41
:10FE80003A691B68136000E0C04602E0164B152279
:10FE90001A70164B1B7860221340DBB2602B06D021
:10FEA000124B1B7860221340DBB2202B0BD10E4B80
:10FEB0001A780F4B1A700F23FB181B78012221218F
:10FEC0001800FBF729FC0F2308229B18DB191B786D
:10FED0001800BD4607B0F0BDA00A0020FFFF0120BA
:10FEE00068D30208180F00204D1300204C13002087
:10FEF000F00B002090B585B000AF040008001100A1
:10FF0000FB1D221C1A70BB1D021C1A707B1D0A1CD3
:10FF10001A700F243B1900221A70BB1D1B785A1E41
:10FF20007B1D197807481300DB009B1ADB00C31800
:10FF30005A5C054B1A703B191B781800BD4605B07A
:10FF400090BDC046A00A00204D130020B0B586B079
:10FF500002AF040008001100FB1D221C1A70BB1D1B
:10FF6000021C1A707B1D0A1C1A700F243B190022F8
:10FF70001A70BB1D1B78013B1C4AD15C0E257B19F6
:10FF80007A1D12788A1A1A70BB1D1B785A1E7B1DA7
:10FF9000197817481300DB009B1ADB00C318585C64
:10FFA000BB1D1B785A1E7B1D1B78591C1300DB00E0
:10FFB0009B1ADB005A180E4BD1187B191B789BB289
:10FFC000013B9AB20A2300930A2305F089FD031E20
:10FFD00005D03B19FF221A703B191B7802E00F2352
:10FFE000FB181B781800BD4604B0B0BD900A002075
:10FFF000A00A002090B585B000AF040008001100F1
:020000040801F1
:10000000FB1D221C1A70BB1D021C1A707B1D0A1CD2
:100010001A700F23FB1800221A70BB1D1B785A1E82
:100020007B1D197822481300DB009B1ADB00C318E4
:100030005B5C1A001F4B1A80BB1D1B785A1E7B1D70
:100040001B78591C1A481300DB009B1ADB00C318ED
:100050005B5C1A00184B1A80174B1B88002B0ED1C3
:10006000144B1B88DBB2180003F0B8FB114B1B8844
:10007000DBB2124A1249180003F0F6FB11E00E4BF6
:100080001B88012B0DD10B4B1B88DBB2180003F032
:10009000A5FB084B1B88DBB2084A0A49180003F08D
:1000A000E3FB0F23FB181B781800BD4605B090BD7D
:1000B000A00A0020F4230020F6230020F8230020CB
:1000C0008CD3020890D3020890B585B000AF04002D
:1000D00008001100FB1D221C1A70BB1D021C1A70A7
:1000E0007B1D0A1C1A700F243B1900221A70064A45
:1000F000064B1100180003F061FC3B191B78180037
:10010000BD4605B090BDC046042400200024002058
:1001100090B585B000AF040008001100FB1D221C43
:100120001A70BB1D021C1A707B1D0A1C1A700F214D
:100130007B1800221A70044B01221A707B181B785E
:100140001800BD4605B090BDE809002090B585B007
:1001500000AF040008001100FB1D221C1A70BB1D1B
:10016000021C1A707B1D0A1C1A700F217B180022BA
:100170001A70044B01221A707B181B781800BD46B8
:1001800005B090BDE909002090B585B000AF04002E
:1001900008001100FB1D221C1A70BB1D021C1A70E6
:1001A0007B1D0A1C1A700F23FB1800221A70D94BF2
:1001B00001221A70BB1D1B785A1E7B1D1B78D91C8F
:1001C000D5481300DB009B1ADB00C3185B5C19B237
:1001D000BB1D1B785A1E7B1D1B78181DCE4C1300AF
:1001E000DB009B1ADB00E3181B5C1BB21B021BB27B
:1001F0000B431AB20C23FB181A80BB1D1B785A1E26
:100200007B1D1978C4481300DB009B1ADB00C31860
:100210005B5C082B00D987E29A00C04BD3181B689F
:100220009F46BB1D1B785A1E7B1D1B78591CBA4864
:100230001300DB009B1ADB00C3185B5C002B07D1AB
:100240000F23FB1800221A70B54B10221A706CE2B3
:100250000F23FB18FF221A7067E2BB1D1B785A1E82
:100260007B1D1B78591CAC481300DB009B1ADB007C
:10027000C3185B5C002B22D10F23FB1800221A70DD
:10028000BB1D1B785A1E7B1D1B78991CA2481300AE
:10029000DB009B1ADB00C3185A5CA24B1A70BB1D13
:1002A0001B785A1E7B1D1B78591D9B481300DB00D1
:1002B0009B1ADB00C3185A5C9B4B1A6035E20F2374
:1002C000FB18FF221A7030E2BB1D1B785A1E7B1DE3
:1002D0001B78591C90481300DB009B1ADB00C318E5
:1002E0005B5C002B40D10F23FB1800221A70BB1D52
:1002F0001B785A1E7B1D1B78991C87481300DB0056
:100300009B1ADB00C3185A5C864B1A70BB1D1B7806
:100310005A1E7B1D1B78591D7F481300DB009B1A5A
:10032000DB00C3185A5C804B1A60BB1D1B785A1E39
:100330007B1D1B78991D78481300DB009B1ADB009E
:10034000C3185A5C794B1A60BB1D1B785A1E7B1D63
:100350001B78D91D70481300DB009B1ADB00C31803
:100360005A5C734B1A60E0E10F23FB18FF221A70EE
:10037000DBE1BB1D1B785A1E7B1D1B78591C664890
:100380001300DB009B1ADB00C3185B5C002B22D13F
:100390000F23FB1800221A70BB1D1B785A1E7B1DF1
:1003A0001B78991C5C481300DB009B1ADB00C31808
:1003B0005A5C5C4B1A70BB1D1B785A1E7B1D1B7848
:1003C000591D55481300DB009B1ADB00C3185A5C0B
:1003D000554B1A60A9E10F23FB18FF221A70A4E104
:1003E000BB1D1B785A1E7B1D1B78591C4A481300E5
:1003F000DB009B1ADB00C3185B5C002B4AD10F2388
:10040000FB1800221A70BB1D1B785A1E7B1D1B781F
:10041000991C41481300DB009B1ADB00C3185A5C8F
:10042000404B1A70BB1D1B785A1E7B1D1B78591D33
:100430001300DB009B1ADB005A18374BD1183A4BDC
:1004400003221800F6F7E8FBBB1D1B785A1E7B1D24
:100450001B78D91D1300DB009B1ADB005A182E4BAA
:10046000D118324B03221800F6F7D6FBBB1D1B78C0
:100470005A1E7B1D1B78093319001300DB009B1AE1
:10048000DB005A18244BD118294B03221800F6F729
:10049000C3FB4AE10F23FB18FF221A7045E1BB1D85
:1004A0001B785A1E7B1D1B78591C1B481300DB0050
:1004B0009B1ADB00C3185B5C002B25D10F23FB18B4
:1004C00000221A70BB1D1B785A1E7B1D1B78991CBD
:1004D00011481300DB009B1ADB00C3185A5C114B58
:1004E0001A70BB1D1B785A1E7B1D1B78591D1300EB
:1004F000DB009B1ADB005A18074BD1180A4B03226A
:100500001800F6F789FB10E10F23FB18FF221A7081
:100510000BE1C046701C0020A00A002098D30208FE
:100520004D130020711C0020741C0020781C00203A
:100530007C1C0020BB1D1B785A1E7B1D1B78591C80
:100540007D481300DB009B1ADB00C3185B5C002BAB
:1005500025D10F23FB1800221A70BB1D1B785A1ED1
:100560007B1D1B78991C74481300DB009B1ADB0071
:10057000C3185A5C714B1A70BB1D1B785A1E7B1D29
:100580001B78591D1300DB009B1ADB005A186A4BBD
:10059000D1186B4B05221800F6F73EFBC5E00F2380
:1005A000FB18FF221A70C0E0BB1D1B785A1E7B1D72
:1005B0001B78591C60481300DB009B1ADB00C31832
:1005C0005B5C002B4BD10F23FB1800221A70BB1D64
:1005D0001B785A1E7B1D1B78991C57481300DB00A3
:1005E0009B1ADB00C3185A5C544B1A70BB1D1B7856
:1005F0005A1E7B1D1B78591D1300DB009B1ADB0064
:100600005A184D4BD1184E4B05221800F6F704FB33
:10061000BB1D1B785A1E7B1D1B7809331900130064
:10062000DB009B1ADB005A18434BD118454B0522BF
:100630001800F6F7F1FABB1D1B785A1E7B1D1B78BC
:100640000D3319001300DB009B1ADB005A183A4BDC
:10065000D1183D4B05221800F6F7DEFA65E00F23AE
:10066000FB18FF221A7060E0BB1D1B785A1E7B1D11
:100670001B78591C30481300DB009B1ADB00C318A1
:100680005B5C002B4BD10F23FB1800221A70BB1DA3
:100690001B785A1E7B1D1B78991C27481300DB0012
:1006A0009B1ADB00C3185A5C244B1A70BB1D1B78C5
:1006B0005A1E7B1D1B78591D1300DB009B1ADB00A3
:1006C0005A181D4BD1181E4B05221800F6F7A4FA34
:1006D000BB1D1B785A1E7B1D1B78093319001300A4
:1006E000DB009B1ADB005A18134BD118154B05225F
:1006F0001800F6F791FABB1D1B785A1E7B1D1B785C
:100700000D3319001300DB009B1ADB005A180A4B4B
:10071000D1180D4B05221800F6F77EFA05E00F23DD
:10072000FB18FF221A7000E0C0460F23FB181B784D
:100730001800BD4605B090BDA00A0020711C002025
:10074000741C0020781C00207C1C002090B585B013
:1007500000AF040008001100FB1D221C1A70BB1D15
:10076000021C1A707B1D0A1C1A700F243B190022F0
:100770001A70BB1D1B785A1E7B1D19780E4813007A
:10078000DB009B1ADB00C3185A5C0C4B1A700B4B36
:100790001B78180000F03EF903001A003B191B7883
:1007A000934202D03B19FF221A700F23FB181B78CB
:1007B0001800BD4605B090BDA00A0020F22300201D
:1007C00090B585B000AF040008001100FB1D221C8D
:1007D0001A70BB1D021C1A707B1D0A1C1A700F2494
:1007E0003B1900221A70BB1D1B785A1E7B1D1978FD
:1007F0000E481300DB009B1ADB00C3185A5C0C4B3D
:100800001A700B4B1B78180000F060F903001A00F7
:100810003B191B78934202D03B19FF221A700F2319
:10082000FB181B781800BD4605B090BDA00A00203B
:10083000F3230020F0B587B002AF040008001100D8
:10084000FB1D221C1A70BB1D021C1A707B1D0A1C8A
:100850001A700F23FB1800221A70BB1D1B785A1E3A
:100860003D491300DB009B1ADB005A5C0A23FB188E
:100870001A803A4B1B7802221340DBB2002B26D0A1
:10088000BB1D1B785A1E7B1D1B78191D3248130097
:10089000DB009B1ADB00C3185B5C1B0299B2BB1D1B
:1008A0001B785A1E7B1D1B78D81C2B4C1300DB00B9
:1008B0009B1ADB00E3181B5C1A000C23FB188A1838
:1008C0001A807B1D7A1D127801321A700FE0BB1D51
:1008D0001B785A1E7B1D1B78D91C1F481300DB0098
:1008E0009B1ADB00C3185A5C0C23FB181A800A23DE
:1008F000FB181B88DDB20F26BC19FB1D1A78BB1D27
:1009000019780C203B1818887B1D1B7800932B004E
:10091000FCF74AFD03002370BB191B78012B13D190
:100920000A23FB181B88DDB2BC19FB1D1A78BB1DFE
:1009300019780C203B1818887B1D1B7800932B001E
:1009400000F0D8FC030023700F23FB181B7818005D
:10095000BD4605B0F0BDC046A00A00204C130020E3
:1009600090B595B000AF14243B1918003C231A0031
:10097000002115F0D7F93B1D180010231A000021A3
:1009800015F0D0F980239B0018000EF0DBFC3B191A
:1009900003221A603B19802252025A603B198022BE
:1009A0005200DA6021007B1800221A617B18402275
:1009B0005A617B1802221A627B1803225A627B1842
:1009C00000229A627B181022DA627B18802292023F
:1009D0001A637B18802292045A637B188022920546
:1009E0009A637B1818000EF0F9FC3B1D07221A6071
:1009F0003B1D02225A603B1D00229A603B1D0022D3
:100A0000DA603B1D022118000FF048F8C046BD46D1
:100A100015B090BD80B586B000AF0200FB1D1A7006
:100A2000FB1D1B78180005F011F903007B617B6941
:100A30001B68234A934209D07B691B68214A934271
:100A400004D07B691B68204A934234D1C0467B693D
:100A50001B68DA6980235B021A4080235B029A429A
:100A6000F5D0C0467B691B68DA698023DB031A4036
:100A70008023DB039A42F5D10C217B18802292035C
:100A80001A607B18786919685A6813F069FA7B69EB
:100A90001B689A687B691B688021C9030A439A60B6
:100AA0007B69180013F0C4FA8023DB0101211800D0
:100AB0000EF0E8FB00E0FF231800BD4606B080BD45
:100AC00000380140004400400048004080B582B03A
:100AD00000AF0200FB1D1A70124B134A9A61FB1DF6
:100AE0001B78042B15D89A00104BD3181B689F460F
:100AF00001200EF093FB0CE008200EF08FFB08E0C5
:100B000020200EF08BFB04E002200EF087FB00E0BB
:100B1000C0460EF009FC0EF0EDFB00231800BD46A8
:100B200002B080BD007000403F00010044D60208C2
:100B300080B582B000AF0200FB1D1A701F4B1A690E
:100B400080235B001A4080235B009A4230D11B4B0C
:100B50001B4A9A61FB1D1B78042B15D89A00194B70
:100B6000D3181B689F4601200EF078FB0CE008208C
:100B70000EF074FB08E020200EF070FB04E0022071
:100B80000EF06CFB00E0C04680231B020E480122E1
:100B900019000EF00AFBFA239B0018000CF0C8F9AC
:100BA00080231B020848002219000EF0FEFA00E024
:100BB00000231800BD4602B080BDC0460070004052
:100BC0000001010058D6020800040050F0B585B0BD
:100BD00000AF0B26BB1900221A700E23FB18082247
:100BE0001A800823FB1800221A800DF0F1FF7623EB
:100BF000FF331A0080231B02110018000EF020F9A9
:100C0000BE19FA239B0018000EF028F80300337079
:100C10000B26BB191B78002B03D0554B5B68DBB24E
:100C2000A2E0544B5A69534B02218A435A61524BFA
:100C30001B78002B00D195E0504B1B781B029AB219
:100C40004D4B1B78190008203B1852181A803B188E
:100C50001B889BB23B6000237B6049493A687B68F4
:100C600001200DF067FF0B23FE18FA239B001800EC
:100C70000DF0F4FF030033700B23FB181B78002BDF
:100C800003D03B4B5B68DBB26EE03A4B5A69394BA1
:100C900001218A435A610D23FB1801221A705AE080
:100CA0000C23FB1800221A704AE00D203B181B7819
:100CB0005A1E344B16214A43D35A002B3AD00E23E6
:100CC000FB181B882E4A9E183B181B785A1E0C23B3
:100CD000FB1818782B4913009B009B185B009B188E
:100CE0001B185B005B5A1C0000231D0022002B0018
:100CF000310001200DF01EFF0B23FE18FA239B008C
:100D000018000DF0ABFF030033700B23FB181B78AA
:100D1000002B03D0164B5B68DBB225E0154B5A69FC
:100D2000144B01218A435A610E22BB18BA1812884B
:100D300008321A800C217B181A787B1801321A703D
:100D40000C23FB181B780A2BAFD90D217B181A78BE
:100D50007B1801321A70094B1B780D22BA181278D1
:100D60009A429DD90DF058FF1800BD4605B0F0BD60
:100D70006C950120002002402C1300207C000020F4
:100D800000A80708240F0020B0B588B000AF1824D1
:100D90003B1900221A703B00180015231A0000218D
:100DA00014F0C0FF0DF014FFBB235A0080231B0278
:100DB000110018000EF044F825003C19FA239B009E
:100DC00018000DF04BFF030023707B191B78002BDC
:100DD00003D0654B5B68DBB2C1E0644B5A69634B7F
:100DE00002218A435A61624BFB611B23FB180022DC
:100DF0001A70AAE01B203B181A785E4913009B006A
:100E00009B189B005B5C002B00D198E03B00FE220E
:100E10001A703B181A7813009B009B189B00554AC8
:100E200099183B0001331422180015F09AF81A2380
:100E3000FB1800221A702BE0F9691A23FB181B78A3
:100E4000DB003A00D3181A685B6801200DF072FECF
:100E500018257C19FA239B0018000DF0FFFE0300F3
:100E600023707B191B78002B03D03F4B5B68DBB2F0
:100E700075E03E4B5A693D4B01218A435A61FB693B
:100E80000833FB611A217B181A787B1801321A701B
:100E90001A23FB181B78042BCED91923FB18002228
:100EA0001A7036E0F8691B23FB181A7831491300D1
:100EB0009B009B189B00CB180C331B681922BA1897
:100EC000127892009B181A685B68010001200DF0EF
:100ED00031FE18257C19FA239B0018000DF0BEFE88
:100EE000030023707B191B78002B03D01E4B5B681B
:100EF000DBB234E01D4B5A691C4B01218A435A6115
:100F0000FB690833FB6119217B181A787B180132C1
:100F10001A701923FB181C781B23FB181A78154923
:100F200013009B009B189B00CB180C331B68180008
:100F3000EFF7F4F8030001339B089C42B2D31B2166
:100F40007B181A787B1801321A700B4B1B781B2206
:100F5000BA1812789A4200D24CE70DF05DFE1800E4
:100F6000BD4608B0B0BDC0466C95012000200240CF
:100F700000B00708E01300208D0A002080B500AF04
:100F80008F239A00084B0021180014F0CBFE074B6A
:100F900001221A70064B00221A70FFF717FE030099
:100FA0001800BD4680BDC046240F00207C000020F4
:100FB0002C130020F0B589B004AF05000C00100020
:100FC0001900FB1D2A1C1A70BB1D221C1A707B1DE8
:100FD000021C1A703B1D0A1C1A700F257B19002277
:100FE0001A700E26BB1900221A704A4B1A787C1907
:100FF000BB1D1B7819001000F4F77AFB0300237067
:101000003B1D1B78002B0ED0424B1B78BA1D12786B
:101010009A4208D17B193A1D12781A70BB193D4AC1
:1010200012781A701BE03B1D1B78002B17D1BB1DDB
:101030001B78013B384AD35C012B05D10E23FB18EA
:10104000344A12781A700AE0BB1D1B78013B324A01
:10105000D35C5A1E0E23FB1830498A5C1A702D4B44
:101060001B78FA1D12789A422FD108F093FD0300E5
:10107000BB603B1D1B78002B08D1294B1968BB1D99
:101080001A78BB68180014F0CDFD08E0254B1968EC
:10109000BB1D1A783B1D1B78B86814F0C3FD224BAA
:1010A0001A68BB681100180014F044FEBB681800F1
:1010B000EFF734F803009AB2B9687B1D1878322331
:1010C00004F064FD64200BF033FF7B1D1B781800D7
:1010D00000F02CF80F257B191B78180000F026F87B
:1010E0000C4B19780B4B1C787B191A787B1D1878E0
:1010F0000023039301235B42029301235B4201938C
:10110000022300932300FAF753FEC046BD4605B004
:10111000F0BDC0462C13002060110020841C00206C
:101120006C000020740000207000002080B584B0A6
:1011300000AF0200FB1D1A70FB1D1B78180004F0A5
:1011400085FD0300FB60FB68180011F04BF8FB689D
:101150008022D2001A61FB68802252019A60FB68EB
:10116000180010F0E9FFFB681B681A68FB681B6831
:1011700020210A431A60C046BD4604B080BD00006D
:1011800080B584B000AF4D4B5A6B4C4B02210A43E3
:101190005A634A4B5B6B02221340BB60BB68474BF0
:1011A0005A6B464B01210A435A63444B5B6B012245
:1011B00013407B607B6804F071F804F0ADF804F034
:1011C000E9F804F025F904F053F904F081F903F08B
:1011D00013FC03F0BFFC03F027FD03F095FD03F0C3
:1011E000FDFD0123FB6061E0FB68DBB2180004F049
:1011F0002DFD0200324B9A4206D1FB685A1E314B3C
:1012000092003149D1504EE0FB68DBB2180004F087
:101210001DFD02002D4B9A4206D1FB685A1E294B38
:1012200092002B49D1503EE0FB68DBB2180004F07D
:101230000DFD0200274B9A4206D1FB685A1E214B36
:1012400092002549D1502EE0FB68DBB2180004F073
:10125000FDFC0200214B9A4206D1FB685A1E194B35
:1012600092001F49D1501EE0FB68DBB2180004F069
:10127000EDFC02001B4B9A4206D1FB685A1E114B33
:1012800092001949D1500EE0FB68DBB2180004F05F
:10129000DDFC0200154B9A4205D1FB685A1E094B32
:1012A00092001349D150FB680133FB60FB68062BA9
:1012B0009ADDC046C046BD4604B080BD0010024065
:1012C000F4250020FC0E00200C000240882600209F
:1012D000200002401C27002034000240B0270020DC
:1012E00048000240442800205C000240D82800202A
:1012F00070000240B0B586B000AF05000C001000D1
:101300001900BB1D2A1C1A807B1D221C1A703B1D54
:10131000021C1A70FB1C0A1C1A7017217B18002271
:101320001A7000233B610023FB600023BB607B1825
:1013300001221A70C0467B181B781800BD4606B003
:10134000B0BD000080B582B000AF78607B681B68DC
:10135000164A934201D1012323E07B681B68144A9B
:10136000934201D102231CE07B681B68114A93421F
:1013700001D1032315E07B681B680F4A934201D11A
:1013800004230EE07B681B680C4A934201D10523BD
:1013900007E07B681B680A4A934201D1062300E0FC
:1013A00000231800BD4602B080BDC046004C00407E
:1013B00000440040003C014000480040003801402B
:1013C0000050004080B500AF094B180008F02CFB1E
:1013D000084B180008F028FB074B180008F024FB06
:1013E000064B180008F020FBC046BD4680BDC04635
:1013F000ACD40208FCD4020880D5020834D6020816
:1014000080B584B000AF02003960FB1D1A700F2157
:101410007B1800221A707B1867221A70C0467B184E
:101420001B781800BD4604B080BDB0B582B000AFD7
:1014300005000C0010001900FB1D2A1C1A70BB1DB2
:10144000221C1A707B1D021C1A70BB1C0A1C1A80FD
:10145000FB1D1A78BB1D1B78D21A1823FB1819889C
:10146000BB1C1B88CB1A0133534318007B1D1A7811
:10147000BB1D1B78D31A01331900EEF7F5FE0300EC
:101480009AB2BB1C1B88D3189BB21800BD4602B091
:10149000B0BD000080B582B000AF0200FB1D1A7025
:1014A000FB1D1B78052B01D903233DE0204B1B8836
:1014B0001A00FB1D1B781A4113000122134026D18C
:1014C000FB1D1A781B4913005B009B189B005858A2
:1014D000FB1D1A78174913005B009B189B00CB1863
:1014E00004331B6819000FF01DFC031E01D0FF23FD
:1014F0001AE0FB1D1B7801229A4013001AB20C4B14
:101500001B881BB213431BB29AB2094B1A80FB1DF6
:101510001A78084913005B009B189B00CB1808330E
:101520001B6814221A6000231800BD4602B080BD5B
:10153000E82A0020C4D3020880B582B000AF0200C0
:10154000FB1D1A70FB1D1B78052B01D9032336E008
:10155000FB1D1A781C4913005B009B189B00585810
:10156000FB1D1A78184913005B009B189B00CB18D1
:1015700004331B6819000FF0C5FC031E01D0FF23C4
:101580001DE0FB1D1A78104913005B009B189B009F
:10159000CB1808331B6800221A60FB1D1B78012240
:1015A0009A4013005A425341DBB21BB2074A1288D9
:1015B00012B213401BB29AB2044B1A8000231800D7
:1015C000BD4602B080BDC046C4D30208E82A002050
:1015D00080B584B002AF0200FB1D1A70BB1D0A1C4F
:1015E0001A70FB1D1B78052B01D903234EE0BB1D90
:1015F0001B78642B01D9022348E0264B1B881A0074
:10160000FB1D1B781A4113000122134026D1FB1D3C
:101610001A78214913005B009B189B005858FB1D4A
:101620001A781D4913005B009B189B00CB180433EC
:101630001B6819000FF076FB031E01D0FF2325E085
:10164000FB1D1B7801229A4013001AB2114B1B8814
:101650001BB213431BB29AB20E4B1A80BB1D1878F3
:10166000142300930A2364220021FFF7DEFE030007
:101670001800FB1D1A78084913005B009B189B009B
:10168000CB1808331B6802001A6000231800BD46FF
:1016900002B080BDE82A0020C4D30208B0B58EB0E5
:1016A00000AF39601100FB1D021C1A70BB1D0A1C23
:1016B0001A70FB1D1B78052B01D9042311E1BB1DFA
:1016C0001B78642B01D902230BE1FB1D1A78874B91
:1016D0009200D3583A689A4200D1A2E00EF072FB11
:1016E0000300BB6200237B6300233B6300237B6317
:1016F00012E07B6B01333A6853431900B86AEEF786
:1017000029FD0300013B3B633A6B80235B029A4255
:1017100007D37B6B01337B637B6B754A9342E8D9BC
:1017200000E0C0467B6B724A934207D83B6B704A1D
:10173000934203D83B686F4A934201D90523D0E016
:10174000FB1D1A786C4913005B009B189B005B58CB
:101750007A6B5A60FB1D1A78674913005B009B186F
:101760009B005B583A6BDA60FB1D1A7862491300E4
:101770005B009B189B005B5818000FF073FA031E68
:1017800001D0FF23ADE00C257B1918001C231A00A3
:10179000002114F0C7FA7B1970221A60BB1D1B7858
:1017A0001800EFF711FE031C5449181CEFF760F8FE
:1017B000031C1C1C386BEFF757FE031C191C201C64
:1017C000EFF724FA031C181CEEF700FF02002C00B0
:1017D0003B195A603B1900229A603B1900221A619A
:1017E000FB1D1A78444913005B009B189B00585856
:1017F000FB1D1A78404913005B009B189B00CB1817
:1018000004331A683B1919000FF068FC031E01D05D
:10181000FF2366E0FB1D1A78344B92003968D150E3
:101820002DE0FB1D1A78344913005B009B189B00C8
:101830005B58DB68FB62BB1D1B781800EFF7C4FD2B
:10184000031C2E49181CEFF713F8031C1C1CF86A24
:10185000EFF70AFE031C191C201CEFF7D7F9031C35
:10186000181CFB1D1A78264913005B009B189B006F
:10187000CB1808331C68EEF7A9FE03002360214B48
:101880001B881A00FB1D1B781A411300012213400C
:1018900026D1FB1D1A78184913005B009B189B008A
:1018A0005858FB1D1A78144913005B009B189B00C5
:1018B000CB1804331B6819000FF034FA031E01D053
:1018C000FF230EE0FB1D1B7801229A4013001AB281
:1018D0000C4B1B881BB213431BB29AB2094B1A80E4
:1018E00000231800BD460EB0B0BDC046EC2A002053
:1018F000FEFF000050C300000CD402080000C842E4
:10190000C4D30208EA2A0020F0B589B000AFF8601D
:10191000B9607A601E23FB1800221A701F243B193D
:10192000FF221A7000237B611423FA187B680121BF
:10193000180008F037F90300BB613A49BB6902227D
:10194000180014F012FA031E03D13B1900221A707A
:101950003FE03549BB690222180014F006FA031E65
:1019600004D11F23FB1801221A7032E02F49BB69F2
:101970000222180014F0F9F9031E04D11F23FB18EA
:1019800002221A7025E02A49BB690222180014F0CD
:10199000ECF9031E04D11F23FB1803221A7018E070
:1019A0002449BB690222180014F0DFF9031E04D198
:1019B0001F23FB1804221A700BE01F49BB69022287
:1019C000180014F0D2F9031E03D11F23FB180522BF
:1019D0001A701E257C191F26BB191B781800FFF7EB
:1019E00059FD030023707B191B78002B09D1134B81
:1019F0001968BB191B785A1CFB68180014F012F9FF
:101A00000BE01E23FB181B78032B06D10C4B1A6826
:101A1000FB681100180014F09CFA00231800BD4662
:101A200009B0F0BD6CD6020870D6020874D6020860
:101A300078D602087CD6020880D60208CC010020A5
:101A4000D0010020F0B589B000AFF860B9607A60CD
:101A50001E23FB1800221A701F243B19FF221A7044
:101A600000237B611423FA187B680121180008F019
:101A700099F80300BB613A49BB690222180014F0CF
:101A800074F9031E03D13B1900221A703FE0354957
:101A9000BB690222180014F068F9031E04D11F2349
:101AA000FB1801221A7032E02F49BB69022218008C
:101AB00014F05BF9031E04D11F23FB1802221A70D5
:101AC00025E02A49BB690222180014F04EF9031ED2
:101AD00004D11F23FB1803221A7018E02449BB69A4
:101AE0000222180014F041F9031E04D11F23FB1831
:101AF00004221A700BE01F49BB690222180014F07F
:101B000034F9031E03D11F23FB1805221A701E256A
:101B10007C191F26BB191B781800FFF70DFD030069
:101B200023707B191B78002B09D1134B1968BB1943
:101B30001B785A1CFB68180014F074F80BE01E2385
:101B4000FB181B78032B06D10C4B1A68FB6811009D
:101B5000180014F0FEF900231800BD4609B0F0BDCE
:101B60006CD6020870D6020874D6020878D602082D
:101B70007CD6020880D60208D4010020D8010020BB
:101B8000F0B58BB000AFF860B9607A602623FB181F
:101B900000221A7027243B19FF221A702523FB18F4
:101BA00000221A700023BB6100237B611823FA18FE
:101BB0007B680121180007F0F5FF03003B624C49E8
:101BC0003B6A0222180014F0D0F8031E03D13B191F
:101BD00000221A703FE047493B6A0222180014F0C5
:101BE000C4F8031E04D12723FB1801221A7032E027
:101BF00041493B6A0222180014F0B7F8031E04D1D1
:101C00002723FB1802221A7025E03C493B6A022276
:101C1000180014F0AAF8031E04D12723FB1803228E
:101C20001A7018E036493B6A0222180014F09DF839
:101C3000031E04D12723FB1804221A700BE031493C
:101C40003B6A0222180014F090F8031E03D12723E8
:101C5000FB1805221A701423FA187B680221180059
:101C600007F0A0FF0300FB61FB69180012F053FCB2
:101C7000020025257B191A702626BC197B191A78B3
:101C80002723FB181B7811001800FFF7A1FC0300A5
:101C90002370BB191B78002B0BD11B4B1968272312
:101CA000FB181B785A1C7B191B78F86813F0BAFFD5
:101CB00018E02623FB181B78032B07D1134B1A6857
:101CC000FB681100180014F044F90BE02623FB1800
:101CD0001B78022B06D10E4B1A68FB681100180006
:101CE00014F037F900231800BD460BB0F0BDC04614
:101CF0006CD6020870D6020874D6020878D602089C
:101D00007CD6020880D60208DC010020E001002019
:101D1000E4010020F0B58FB002AFF860B9607A60DE
:101D20002E23FB1800221A702F243B19FF221A7051
:101D30002D23FB1800221A700023BB620023BB6115
:101D400000237B6100233B611823FA187B68012183
:101D5000180007F027FF03007B625B497B6A0422BF
:101D6000180014F002F8031E03D13B1900221A7068
:101D70003FE056497B6A0422180013F0F6FF031E69
:101D800004D12F23FB1801221A7032E050497B6ADC
:101D90000422180013F0E9FF031E04D12F23FB18BF
:101DA00002221A7025E04B497B6A0422180013F0C6
:101DB000DCFF031E04D12F23FB1803221A7018E046
:101DC00045497B6A0422180013F0CFFF031E04D19B
:101DD0002F23FB1804221A700BE040497B6A04226F
:101DE000180013F0C2FF031E03D12F23FB18052296
:101DF0001A701423FA187B680221180007F0D2FE2B
:101E000003003B623B6A180012F085FB0300BB62D3
:101E10001023FA187B680321180007F0C3FE0300A3
:101E2000FB61FB69180012F076FB02002D257B197F
:101E30001A702E26BC197B191A78B96A2F23FB1841
:101E40001B781800FFF72AFC03002370BB191B78CE
:101E5000002B0ED1224B19682F23FB181B785A1C1C
:101E60007B191B78BC6AF8680093230013F0DAFE34
:101E700025E02E23FB181B78042B07D1194B1A6879
:101E8000FB681100180014F064F818E02E23FB180A
:101E90001B78052B07D1144B1A68FB68110018003A
:101EA00014F057F80BE02E23FB181B78022B06D1F9
:101EB0000E4B1A68FB681100180014F04AF8002352
:101EC0001800BD460DB0F0BD84D602088CD60208BD
:101ED00094D602089CD60208A4D60208ACD6020802
:101EE000E8010020EC010020F0010020F4010020B6
:101EF00080B582B000AF1A4B9A6B194B01210A438F
:101F00009A63174B9B6B012213407B607B68144BD9
:101F10009A6B134B02210A439A63114B9B6B02226B
:101F200013403B603B680022002109200CF022F89E
:101F300009200CF034F8002200210A200CF01AF8D5
:101F40000A200CF02CF8002200210B200CF012F8D3
:101F50000B200CF024F8C046BD4602B080BDC04640
:101F60000010024080B582B000AFFB1D00221A7045
:101F70003B4B5B78002B0ED13A4B1A683A4B110061
:101F8000180000F07DF8031E05D0FB1DFF221A701B
:101F9000FB1D1B7860E0324B9B78002B0ED1314B40
:101FA0005A68324B1100180000F06AF8031E05D081
:101FB000FB1DFF221A70FB1D1B784DE0284BDB78C0
:101FC000002B0ED1274B9A68294B1100180000F006
:101FD00057F8031E05D0FB1DFF221A70FB1D1B784E
:101FE0003AE01F4B1B79002B0ED11E4BDA68214BB8
:101FF0001100180000F044F8031E05D0FB1DFF225D
:102000001A70FB1D1B7827E0154B5B79002B0ED156
:10201000144B1A69184B1100180000F031F8031E18
:1020200005D0FB1DFF221A70FB1D1B7814E00C4B22
:102030009B79002B0ED10B4B5A69104B11001800E5
:1020400000F01EF8031E05D0FB1DFF221A70FB1DB9
:102050001B7801E0FB1D1B781800BD4602B080BD57
:10206000980A0020602B0020B0270020882600203E
:10207000D82800201C270020F42500204428002018
:1020800090B585B000AF786039600F243B1900220D
:102090001A707B681800FFF755F903005A1E1300E9
:1020A0005B009B189B010F4A99187B68C02218009F
:1020B00012F0DCF8031E05D03B19FF221A703B1901
:1020C0001B780AE03B681B681A683B681B680421A0
:1020D0008A431A600F23FB181B781800BD4605B011
:1020E00090BDC04650160020F0B587B000AFF86034
:1020F000B960BB1D1A8017257B1900221A7016269D
:10210000BC19FB681800FFF71DF9030023701523A5
:10211000FC18BB681800FFF715F903002370BB1902
:102120001B785A1E294B9200D3583B611523FB188C
:102130001B78002B27D1FB681800FFF703F9030079
:10214000013B234A0021D15480239A00214B0021D6
:10215000180013F0E7FDBB1D1A881E49FB68180024
:1021600012F084F8031E05D07B19FF221A707B1928
:102170001B7826E03B691B681A683B691B680421D1
:102180008A431A601AE0BB681B6828331900BB1D1C
:102190001A88FB68180012F069F8031E06D0172190
:1021A0007B18FF221A707B181B780AE03B691B68BA
:1021B0001A683B691B6804218A431A601723FB18BD
:1021C0001B781800BD4607B0F0BDC046602B00204C
:1021D000DC230020200C002090B587B000AF020067
:1021E000FB1D1A7017243B1900221A70FB1D1B7867
:1021F000180003F02BFD03003B61FB1D1B785A1EEA
:10220000174B9200D358FB603B69180010F07EF921
:10221000031E05D03B19FF221A703B191B781AE0E8
:10222000FB681B6800225A60FB1D1B780D4AD35CBB
:10223000022B0DD1FB1D1B785A1E0B4B9200002167
:10224000D150FB1D1B785A1E084B92000021D15023
:102250001723FB181B781800BD4607B090BDC04679
:10226000602B0020980A0020E81A0020001B0020A4
:1022700090B585B000AF0200FB1D1A700F243B190A
:1022800000221A70FB1D1B781800FFF7A5FF031E24
:1022900005D03B19FF221A703B191B780DE0FB1D7E
:1022A0001B78180003F0D2FC0300BB60BB68180069
:1022B00003F03EF90F23FB181B781800BD4605B04C
:1022C00090BD000090B585B000AF0200FB1D1A70F4
:1022D0000F243B1900221A70FB1D1B781800FFF712
:1022E0007BFF031E05D03B19FF221A703B191B7898
:1022F00040E0FB1D1B78180003F0A8FC0300BB6046
:10230000BB68180003F014F9FB1D1B785A1E1B4B09
:102310009200D3589B6A1800FFF714F803001A00C4
:10232000174B00219954FB1D1B785A1E154B920028
:102330000021D150FB1D1B78013B134A0021D154D1
:10234000FB1D1B78180003F081FCFB1D1B785A1E37
:102350000A4B9200D3581900FFF792FE031E06D0D5
:102360000F217B18FF221A707B181B7802E00F23C5
:10237000FB181B781800BD4605B090BD602B0020EF
:10238000980A0020D01A0020DC23002080B500AF7E
:102390000D4B0E4A1A600C4B1022DA600A4B0022D9
:1023A0005A71094B00221A71074B00225A61064BE1
:1023B00000229A61044B03221A62034B18000BF0AF
:1023C0000BFEC046BD4680BD782B00200030024089
:1023D00080B584B000AF7860084B9A6B074B8021C2
:1023E00049010A439A63054B9A6B80235B011340B2
:1023F000FB60FB68C046BD4604B080BD00100240D3
:1024000080B586B000AF78600A00BB1C1A80082334
:10241000FB1800221A607B68002B00D192E0BB1CE5
:102420001B88002B00D18DE0BB1C1B88032B33D8ED
:102430001623FB1800221A7000233B611BE01622B2
:10244000BB181B78BA18591C11701A007B689B18AE
:1024500019780823FA183B69D3180A1C1A70BB1C98
:10246000BA1C1288013A1A80BB1C1B88002B06D0AC
:102470003B6901333B613B69032BE0DD00E0C04673
:102480000823F918324B012218000BF052FE02000B
:102490001723FB181A7051E0BB1C1B889B089BB2CA
:1024A0001A0079682A4B18000BF043FE020017232C
:1024B000FB181A70BB1C1B88032213409BB2002B15
:1024C0003CD0BB1C1B88DAB21623FB1803218A43BD
:1024D0001A70BB1CBA1C128803210A401A80002300
:1024E000FB601BE01622BB181B78BA18591C117030
:1024F0001A007B689B1819780823FA18FB68D31810
:102500000A1C1A70BB1CBA1C1288013A1A80BB1C28
:102510001B88002B06D0FB680133FB60FB68032B94
:10252000E0DD00E0C0460823F918094B012218003D
:102530000BF0B8FD02001723FB181A701723FB18C5
:102540001B7800E000231800BD4606B080BDC046E1
:10255000782B002080B500AFBFF34F8FC046044BEF
:10256000044ADA60BFF34F8FC046C046FDE7C0465D
:1025700000ED00E00400FA0590B583B000AFFB1D4C
:1025800000221A703B1D00221A800CF021FB3C1D1A
:10259000002003F0A3FD030023803B1D1B88022BBA
:1025A00007D03B1D1B880A2B03D03B1D1B880C2B1F
:1025B00005D100F066F80CF02FFBFFF7CBFF0CF015
:1025C0002BFBFB1D1B781800BD4603B090BD90B5DA
:1025D00085B000AF02003960BB1D1A800F243B1983
:1025E00000221A703A68BB1D1B881100180005F004
:1025F00003FB031E05D03B190A221A703B191B78F6
:1026000002E00F23FB181B781800BD4605B090BDF3
:10261000B0B584B000AF0200BB1D1A803B1D0A1C80
:102620001A800F23FB1800221A700C257B19002238
:102630001A800CF0CDFA7C193B1D1A88BB1D1B8833
:102640001100180005F008FB030023807B191A888D
:1026500080235B009A4202D105F022FB08E00C23A4
:10266000FB181B88002B03D00CF0D6FA0A2304E0D9
:102670000CF0D2FA0F23FB181B781800BD4604B0EB
:10268000B0BD80B582B000AFFB1D00221A700CF007
:102690009FFA002005F05CF9031E07D00CF0BCFA8D
:1026A000FB1D0A221A70FB1D1B7803E00CF0B4FA24
:1026B000FB1D1B781800BD4602B080BD80B500AF81
:1026C000074B1B68074A934206D0FFF7DAFF031E49
:1026D00002D1034B034A1A60C046BD4680BDC046C6
:1026E000F07F0020ADDEEFBE80B586B000AF214B9D
:1026F0005A6B204B04210A435A631E4B5B6B042226
:1027000013407B617B691B4B5A6B1A4B01210A43B7
:102710005A63184B5B6B012213403B613B69154BBD
:102720005A6B144B08210A435A63124B5B6B082205
:102730001340FB60FB680F4B5A6B0E4B02210A43A0
:102740005A630C4B5B6B02221340BB60BB68094BA6
:102750005A6B084B20210A435A63064B5B6B2022BD
:1027600013407B607B6800F007F8C046BD4606B0AA
:1027700080BDC0460010024080B586B000AF3B1D52
:10278000802212021A603B1D01225A603B1D00226A
:102790009A603B1D0222DA603B1D044A19001000BA
:1027A0000CF07AFBC046BD4606B080BD0004005068
:1027B000F0B593B002AF534B5A6B524B01210A4311
:1027C0005A63504B5B6B012213403B613B694D4B9D
:1027D0005A6B4C4B02210A435A634A4B5B6B0222F1
:1027E0001340FB60FB68474B5A6B464B04210A437E
:1027F0005A63444B5B6B04221340BB60BB68414B84
:102800005A6B404B08210A435A633E4B5B6B0822CC
:1028100013407B607B682423F8181A257A19282333
:10282000F9181823FB1800930300012000F06EF83C
:102830001C23F8181623FA182023F9181426BB199C
:1028400000930300062000F061F82C217B18012280
:102850005A607B1800229A607B191B881A007B182B
:102860001A60BB6A1A000C007B18190010000CF0EB
:1028700013FB21007B1800225A607B1802229A6009
:10288000BB191B881A007B181A60FB691A007B1899
:10289000190010000CF000FBBB6A18007B191B88A4
:1028A000002219000CF081FC052002F0D3FCFB692A
:1028B0001A00BB191B88190010000CF059FC031EEC
:1028C00017D1BB6A18007B191B88012219000CF074
:1028D0006CFC052002F0BEFCFB691A00BB191B88CA
:1028E000190010000CF044FC0300012B01D101235E
:1028F00004E0054B012252421A6000231800BD4635
:1029000011B0F0BD00100240F07F002080B586B00D
:1029100000AFB9607A603B600F217B18021C1A700F
:102920001723FB1800221A707B181B78180003F07D
:102930008DF903003B613A693D4B9A4210D1BB6867
:10294000A022D2051A607B68802292001A803B6820
:10295000A022D2051A603B6A8022D2001A8060E071
:102960003A69344B9A420ED1BB68A022D2051A6054
:102970007B6804221A803B68A022D2051A603B6A59
:1029800008221A804DE03A692B4B9A420ED1BB685F
:102990002A4A1A607B688022D2001A803B68274A44
:1029A0001A603B6A802212011A803AE03A69244B8D
:1029B0009A420ED1BB68A022D2051A607B68012220
:1029C0001A803B68A022D2051A603B6A02221A8054
:1029D00027E03A691B4B9A420CD1BB681A4A1A602D
:1029E0007B6808221A803B68174A1A603B6A0422F7
:1029F0001A8016E03A69154B9A420ED1BB68A022A4
:102A0000D2051A607B6810221A803B68A022D2058A
:102A10001A603B6A20221A8003E01723FB18FF226A
:102A20001A701723FB181B781800BD4606B080BD2E
:102A3000F4250020882600201C27002000040050D8
:102A4000B027002044280020000C0050D828002087
:102A500080B500AF1D4B1E4A1A601C4B8022120627
:102A60005A601A4B00229A60184B0022DA60174B0A
:102A7000802212061A61154B04225A61134B002260
:102A80001A76124B00225A76104B01229A760F4B7F
:102A90002022002199540D4B00225A620B4B002238
:102AA0009A620A4B2C2200219954084B00221A6387
:102AB000064B18000AF0E2FB031E01D000F060F89C
:102AC000044B01221A70C046BD4680BD642C002014
:102AD000002401404A2C002090B58BB000AF7860F4
:102AE00014243B19180014231A00002113F01AF9BA
:102AF000214B1A6C204B802149030A431A641E4B58
:102B00001A6C80235B0313403B613B691A4B5A6B81
:102B1000194B01210A435A63174B5B6B0122134087
:102B2000FB60FB68154B1B78012B10D13B190C2265
:102B30001A603B1903225A603B1900229A603A1925
:102B4000A023DB05110018000CF0A6F910E01421F9
:102B50007B1803221A607B1803225A607B1800221C
:102B60009A607A18A023DB05110018000CF094F984
:102B7000C046BD460BB090BD00100240482C00205E
:102B800080B500AF64200AF0D3F9C046BD4680BDD1
:102B900080B582B000AF786039607B681B681F4ADF
:102BA000934209D11E4A3B6811001800EDF7ACFAB8
:102BB000031E01D11B4B2CE07B681B68174A934214
:102BC00009D1194A3B6811001800EDF79DFA031E60
:102BD00001D1164B1DE07B681B68154A934209D151
:102BE0000F4A3B6811001800EDF78EFA031E01D161
:102BF00001230EE07B681B680D4A934209D10A4A03
:102C00003B6811001800EDF77FFA031E01D1094B54
:102C1000FFE71800BD4602B080BDC046004400403A
:102C2000FCD702080400000800D802080800000CC5
:102C3000004C00400200000480B582B000AF0200EA
:102C40003960FB1D1A70FB1D1B78022B0BD1204A2B
:102C50003B6811001800EDF757FA031E03D11D4B16
:102C600000221A702EE0FB1D1B78022B0BD11A4A92
:102C70003B6811001800EDF747FA031E03D1154B0E
:102C800001221A701EE0FB1D1B78032B0BD1104A8A
:102C90003B6811001800EDF737FA031E03D10D4B06
:102CA00002221A700EE0FB1D1B78032B0AD10A4A80
:102CB0003B6811001800EDF727FA031E02D1054BFF
:102CC00003221A70034B1B781800BD4602B080BD6A
:102CD000FCD702084B2C002000D8020890B587B022
:102CE00002AF0F23FB1800221A700E23FB180022DC
:102CF0001A700D23FB1801221A7096E20D203B1862
:102D00001A78CD4913005B009B18CB1801331B7850
:102D1000002B00D183E2C94B1B7801225340DBB268
:102D2000002B07D03B181A78C34913005B009B188F
:102D300000225A543C1DBA1C0823F9180D23FB1815
:102D400018783B0000932300FFF7E0FDBB681800F4
:102D5000BB1C1B88002219000CF027FA0A2002F085
:102D600055FA7B681A003B001B88190010000CF014
:102D7000FFF9031E16D1BB681800BB1C1B8801227B
:102D800019000CF012FA0A2002F040FA7B681A00CF
:102D90003B001B880F217C18190010000CF0E8F98B
:102DA00003002370BB681800BB1C1B88002219009D
:102DB0000CF0FBF90D23FB181A789F4913005B00F8
:102DC0009B18CB1801331B78042B44D057DC032B02
:102DD0002DD054DC012B02D0022B14D04FE00F2356
:102DE000FB181B78012B04D10E23FB1804221A7048
:102DF00047E00F23FB181B78002B42D10E23FB1852
:102E000003221A703DE00F23FB181B78012B04D11D
:102E10000E23FB1804221A7035E00F23FB181B78D1
:102E2000002B30D10E23FB1803221A702BE00F2346
:102E3000FB181B78012B04D10E23FB1802221A70F9
:102E400023E00F23FB181B78002B1ED10E23FB1849
:102E500001221A7019E00F23FB181B78012B04D1F3
:102E60000E23FB1801221A7011E00F23FB181B78A8
:102E7000002B0CD10E23FB1802221A7007E0C0466B
:102E800006E0C04604E0C04602E0C04600E0C0469E
:102E90000E22BB181B78042B03D0BB181B78022B07
:102EA00019D10D217B181A78654B9200D358654AC9
:102EB000934209D87B181B78614A99008A58511CA3
:102EC0005F4A9B00995006E00D23FB181A785C4B73
:102ED00092000021D1500E22BB181B78032B03D087
:102EE000BB181B78012B40D10D217B181A78564B4B
:102EF0009200D358534A934209D87B181B78524A00
:102F000099008A58511C504A9B00995006E00D23A5
:102F1000FB181A784C4B92000021D1504B4B1B7878
:102F2000022B11D10D217B181B78494AD25C494BE9
:102F30005B799A4208D87B181B78454AD25C0132EB
:102F4000D1B2434AD15410E00D217B181B78404A7E
:102F5000D25C404B5B799A4207D93C4B00221A70F5
:102F60007B181B783A4A0021D1540D217B181A781E
:102F7000334B9200D358374A1288934200D286E0EE
:102F80007B181A782E4B9200D358324A12889342FB
:102F900008D17B181B782A4A99008A58511C284A64
:102FA0009B0099500D217B181A78274B9200D3581B
:102FB000284A1288934205D97B181A78224B92002E
:102FC0000021D1500D217B181A781D4B9200D35847
:102FD000204A528893423FD97B181A78184B9200A6
:102FE000D258FA235B009A4236D2184B1B78002B3A
:102FF00003D1164B01221A7048E0144B1B78022BA8
:1030000044D10D217B181B78114AD25C114B1B79DE
:103010009A423BD97B181B780D4AD25C0D4B5B79E9
:103020009A4233D2094B03221A707B181B78084A44
:103030000021D1542AE0C046302C0020EC2B002087
:10304000F82B0020FEFF0000142C0020D42C0020C0
:10305000F02B0020301300200D217B181A78784BBC
:103060009200D258FA235B009A4210D37B181A7848
:10307000734B9200D358734A934208D8724B1B7813
:10308000002B04D0704B00221A7000E0C0460D21C6
:103090007B181A786D4B9200D3586D4A1288934270
:1030A0005DD37B181A78694B9200D358684A12880E
:1030B000934211D108007B181A78664913005B000F
:1030C0009B1807225A543B181B78604A99008A586B
:1030D000511C5E4A9B0099500D217B181A78584B61
:1030E0009200D3585A4A1288934205D97B181A780D
:1030F000534B92000021D1500D217B181A78534B6D
:103100009200D358524A5288934228D97B181A7891
:103110004E4B9200D258FA235B009A421FD24A4B80
:103120001B78012B0BD17B181A784A4913005B00DE
:103130009B1805225A54444B02221A700FE0424B4E
:103140001B78032B0BD10D23FB181A784149130070
:103150005B009B1806225A543B4B00221A700D2329
:10316000FB181A783B4913005B009B185B5C072B2C
:1031700005D04FDC052B11D0062B2DD04AE00D24B5
:103180003B191B78180000F03FFD3B191A783149B4
:1031900013005B009B1800225A5440E02E4B1B7812
:1031A00001225340DBB2002B36D00D203B181A7899
:1031B000284913005B009B18CB1802331B781A00B8
:1031C0000123134028D0244B01221A703B181B788E
:1031D000180000F023FD1FE01F4B1B780122534015
:1031E000DBB2002B1AD00D203B181A7819491300B6
:1031F0005B009B18CB1802331B781A000223134084
:103200000CD0154B01221A703B181B78180000F0E7
:103210000FFD03E0C04602E0C04600E0C0460D21BD
:103220007B181A787B1801321A700D23FB181B7853
:10323000062B00D862E5C046C046BD4605B090BD2D
:10324000F82B0020FEFF0000D42C0020142C0020BE
:1032500030130020302C0020EC2B0020F0B58FB074
:1032600002AF0200FB1D1A70BB1D0A1C1A702F232F
:10327000FB1800221A702E23FB1800221A708E4BA6
:103280001B78002B0FD0BB1D1A788C4B9200D358A3
:10329000180006F08BFBBB1D1A78894B9200D3589F
:1032A000180006F083FBBB1D1B78864A0421D1540D
:1032B000814B1B78002B08D0BB1D1B78180002F037
:1032C000C5FC030018000EF08DFF1023FC180E251E
:1032D0007A191423F918BB1D18780C26BB19009312
:1032E0002300FFF713FB7B191B881A0018243B19D6
:1032F0001A603B1901225A603B1900229A603B195F
:103300000022DA607B691A003B19190010000BF0EB
:10331000C3FDBB191B881A003B191A603B19002218
:103320005A603B1902229A603B691A003B19190046
:1033300010000BF0B1FDBB1D1A78634913005B0050
:103340009B18CB180133FA1D12781A70BB1D1B781D
:103350003A339BB29B009BB20A243A191100180021
:10336000FFF735F903001A002C217B181A807B180F
:103370001B88002B59D13B191B881B0A9AB22E219E
:103380007B181A707B181B781B09DBB2BA1D1278E8
:103390009A4209D17B181B780F221A40FB1D1B781B
:1033A0009A4201D1002383E0BB1D1B781BB21B0393
:1033B0001AB2FB1D1B781BB21B021BB213431BB2BC
:1033C0009AB20A217B181A80BB1D1B783A339BB234
:1033D0009B009AB27B181B8819001000FFF718F9A0
:1033E000BB1D1B783A339BB29B009BB201339BB24F
:1033F00000211800FFF70CF9BB1D1B783A339BB274
:103400009B009BB202339BB200211800FFF700F92A
:10341000BB1D1B783A339BB29B009BB203339BB21C
:1034200000211800FFF7F4F83FE0BB1D1B781BB22A
:103430001B031AB2FB1D1B781BB21B021BB21343EA
:103440001BB29AB20A217B181A80BB1D1B783A3333
:103450009BB29B009AB27B181B8819001000FFF7E3
:10346000D7F8BB1D1B783A339BB29B009BB201334C
:103470009BB200211800FFF7CBF8BB1D1B783A3335
:103480009BB29B009BB202339BB200211800FFF756
:10349000BFF8BB1D1B783A339BB29B009BB2033332
:1034A0009BB200211800FFF7B3F82F23FB181B78FD
:1034B0001800BD460DB0F0BD8B0A0020A01B0020F7
:1034C000BC1B0020980A0020302C002080B586B05C
:1034D00000AF0200FB1D1A701723FB1800221A70A0
:1034E000FB1D1A78574913005B009B18CB1801335A
:1034F00000221A70FB1D1A78524913005B009B18BA
:1035000000225A54FB1D1A784E4913005B009B1889
:10351000CB18023300221A70FB1D1B783A339BB282
:103520009B009BB20E22BA1811001800FFF74FF84B
:1035300003001A0014217B181A807B181B88002BAB
:103540002DD1FB1D1B783A339BB29B009BB200210F
:103550001800FFF75DF8FB1D1B783A339BB29B0008
:103560009BB201339BB200211800FFF751F8FB1DFD
:103570001B783A339BB29B009BB202339BB2002173
:103580001800FFF745F8FB1D1B783A339BB29B00F0
:103590009BB203339BB200211800FFF739F8FB1DE3
:1035A0001B78180002F052FB03003B613B691B686B
:1035B000254A934202D101F071FE2BE03B691B6862
:1035C000224A934202D101F0A7FE23E03B691B6827
:1035D0001F4A934202D101F0DDFE1BE03B691B68EC
:1035E0001C4A934202D101F013FF13E03B691B68B0
:1035F000194A934202D101F03BFF0BE03B691B6883
:10360000164A934202D101F063FF03E01723FB182F
:10361000FF221A70FB1D1B78114A0021D154FB1D9B
:103620001B785A1E0F4B9200D2583B6911001800AC
:10363000FEF726FD1723FB181B781800BD4606B0C1
:1036400080BDC046302C00200038014000440040BE
:1036500000480040004C004000500040003C014049
:10366000980A0020602B0020B0B584B000AF0400A1
:1036700008001100FB1D221C1A70BB1D021C1A70D1
:103680007B1D0A1C1A700F23FB1800221A70FB1DE9
:103690001A78514913005B009B18CB1801331B7833
:1036A000002B01D10B2393E07B1D1B78012B07D04E
:1036B0007B1D1B78002B19D1BB1D1B78052B15D149
:1036C000FB1D1A78444913005B009B18CB1802338A
:1036D0001B78FA1D127801210B43D8B23E49130022
:1036E0005B009B18CB180233021C1A707B1D1B78E1
:1036F000012B07D07B1D1B78002B19D1BB1D1B781C
:10370000062B15D1FB1D1A78334913005B009B185B
:10371000CB1802331B78FA1D127802210B43D8B262
:103720002D4913005B009B18CB180233021C1A7042
:10373000FB1D1B783A339BB29B009BB208243A19BD
:1037400011001800FEF743FF03001A000C217B183C
:103750001A807B181B88002B35D13B191B881B0A4C
:103760009AB20B257B191A703B191B88D9B2FB1D25
:103770001A78194813005B009B18C31802331B7892
:10378000994222D07B191B781BB21B0219B2FB1D78
:103790001A78114813005B009B18C31802331B787A
:1037A0001BB20B431BB29AB23B191A80FB1D1B784C
:1037B0003A339BB29B009AB23B191B881900100048
:1037C000FEF726FF01E00B2302E00F23FB181B7816
:1037D0001800BD4604B0B0BD302C002080B584B0C8
:1037E00000AF0200FB1D1A700F23FB1800221A7095
:1037F000FB1D1B78022B03D0FB1D1B78012B1FD157
:10380000FB1D1B78022B03D1144B01221A7002E01E
:10381000124B01225A70FB1D1B78180002F016FA99
:10382000030018000EF0DEFCFB1D1B780C4A06217D
:10383000D1540C4B1B78002B09D1FFF709F906E096
:103840000F217B1819221A707B181B7802E00F23B6
:10385000FB181B781800BD4604B080BD482C002022
:10386000980A00204A2C002090B587B000AFB960BC
:103870007A600F217B18021C1A701723FB18002294
:103880001A707B181B78022B04D07B181B78012B35
:1038900000D07BE0404B1B78012B55D10F243B1906
:1038A0001B78180002F0D2F90200BB681900100062
:1038B000FFF76EF903009AB2384B1A80BA683B19C9
:1038C0001B7811001800FFF7B7F903001A00344BFA
:1038D0001A70324B1B881A00324B1A60314B01228E
:1038E0005A60304B06229A602E4A2F4B1100180066
:1038F00009F096FF2C4B180009F068FE2A4B642152
:10390000180009F0EDFE284B180009F07DFF0100BA
:10391000234B1B781A0089B2244B5200D152224B00
:10392000180009F0A1FE1D4B1B881A001D4B1A60E0
:103930001C4B02225A601B4B06229A60194A1A4BF2
:103940001100180009F06CFF154B1B781A00174B7B
:103950005200D35A1800EFF71BFD154A154BEEF72E
:10396000C9FD02000B00100019000022124BEEF7F7
:1039700087F902000B0010001900EFF7A3FD021CED
:103980007B681A601723FB181B7800E019231800C6
:10399000BD4607B090BDC0464A2C00204C2C0020EC
:1039A0004B2C0020C82C0020642C0020502C002020
:1039B0006666666666660A4000FEAF40B0B582B0D5
:1039C00000AF78603960614B1B78002B01D1FFF7A5
:1039D0003FF85F4B5F4A1A605D4B01225A605C4BB7
:1039E00002229A605A4A5C4B1100180009F018FF35
:1039F000594B180009F0EAFD574B6421180009F0F3
:103A00006FFE554B180009F0FFFE03009AB2534BAE
:103A10001A80524B1B881800EFF7BAFC504A514BE2
:103A2000EEF768FD02000B001000190000224E4B5B
:103A3000EEF726F902000B00100019004B4A4C4B20
:103A4000EFF73EF802000B0010001900494A4A4BFC
:103A5000EEF716F902000B00100019000022474B88
:103A6000EDF748FD02000B0010001900EFF72AFDEA
:103A7000021C7B681A60384B180009F0F5FD344BC6
:103A8000344A1A60324B02225A60314B02229A6049
:103A90002F4A314B1100180009F0C2FE2C4B384A56
:103AA0001A602B4B01225A60294B06229A60284A41
:103AB000294B1100180009F0B3FE274B180009F03C
:103AC00085FD254B6421180009F00AFE224B1800E1
:103AD00009F09AFE03009AB22A4B1A802A4B1B88DF
:103AE0001800EFF755FC1E4A1E4BEEF703FD0200CF
:103AF0000B0014001D00234B1B881800EFF748FC37
:103B000002000B0020002900EEF7BAF802000B00BB
:103B100010001900EFF7D6FC021C3B681A600E4B30
:103B2000180009F0A1FD0A4B154A1A60084B022241
:103B30005A60074B02229A60054A074B1100180091
:103B400009F06EFEC046BD4602B0B0BD4A2C002052
:103B5000C82C0020001000B0642C0020582C00203D
:103B60006666666666660A4000FEAF408FC2F5284C
:103B70005C8FF63F33333333333311400000394029
:103B8000002000B45A2C0020AA75FF1FB0B586B0E3
:103B900000AFB9607A600F243B19021C1A70172518
:103BA0007B1900221A7000233B611023FA18B968B0
:103BB0003B191B781800FFF757FE031E18D13B690D
:103BC0000E49181CEDF722F8031C181CEFF732FC05
:103BD0000B4A0C4BEEF754F802000B0010001900D2
:103BE000EFF770FC021C7B681A607B191B7800E001
:103BF00019231800BD4606B0B0BDC0460000C8423B
:103C00006666666666660A4080B582B000AF0200EE
:103C1000FB1D1A70C046BD4602B080BD80B582B0A3
:103C200000AF0200FB1D1A70C046BD4602B080BD49
:103C300080B582B000AF0200FB1D1A70C046BD46C1
:103C400002B080BD80B500AFBFF34F8FC046044BBC
:103C5000044ADA60BFF34F8FC046C046FDE7C04656
:103C600000ED00E00400FA0580B500AF09F044F96A
:103C700005F0CEFEC046BD4680BD000080B584B0D4
:103C800002AF0B4B7B600B4B18787968FF230093D6
:103C9000FF23112201F024FF064B1878064B196808
:103CA000FF230093FF230F2201F01AFFFFF7CAFF43
:103CB00020D80208880A0020F801002080B584B0CE
:103CC00000AF78600A00BB1C1A80144BBA1C128823
:103CD0001A80134B1B780133DAB2114B1A707B68D0
:103CE0001800FDF72FFB03001A000E4B9B5C022B04
:103CF00010D00023FB600C4B1B680C22BA1811007B
:103D0000180008F0A5FCFB68002B03D0074B8022AD
:103D100052051A60C046BD4604B080BD282D002063
:103D20002A2D0020980A0020981B002004ED00E0B6
:103D300080B58AB000AF00237B62264B18000EF0DE
:103D400079FC244B1B681B6880221340802B36D1E2
:103D5000204B88229B58202B31D1EFF310837B60BE
:103D60007B683B620123BB60BB6883F31088C0465D
:103D7000184B1B681A68174B1B6880218A431A600E
:103D80003B6AFB60FB6883F31088C046EFF3108347
:103D90003B613B69FB6101237B617B6983F3108895
:103DA000C0460C4B1B681A680A4B1B6840210A432B
:103DB0001A60FB69BB61BB6983F31088C0467B6AEC
:103DC000002B03D0044B802252051A60C046BD462A
:103DD0000AB080BDF425002004ED00E080B58AB073
:103DE00000AF00237B62264B18000EF023FC244B0F
:103DF0001B681B6880221340802B36D1204B882201
:103E00009B58202B31D1EFF310837B607B683B62A2
:103E10000123BB60BB6883F31088C046184B1B6846
:103E20001A68174B1B6880218A431A603B6AFB6043
:103E3000FB6883F31088C046EFF310833B613B6956
:103E4000FB6101237B617B6983F31088C0460C4BC7
:103E50001B681A680A4B1B6840210A431A60FB69F9
:103E6000BB61BB6983F31088C0467B6A002B03D01B
:103E7000044B802252051A60C046BD460AB080BD80
:103E80008826002004ED00E080B5A2B000AF00233A
:103E90008422BA1813608C4B18000EF0CBFB8A4BAF
:103EA0001B681B6880221340802B39D1864B8822E7
:103EB0009B58202B34D1EFF31083FB64FB6C8020E4
:103EC0003A18136001233B653B6D83F31088C046AD
:103ED0007D4B1B681A687C4B1B6880218A431A60E3
:103EE0003B181B687B657B6D83F31088C046EFF33E
:103EF0001083BB65BB6DFB670123FB65FB6D83F323
:103F00001088C046704B1B681A686F4B1B684021B5
:103F10000A431A60FB6F3B663B6E83F31088C04612
:103F20006A4B18000EF086FB684B1B681B688022EA
:103F30001340802B36D1654B88229B58202B31D1E2
:103F4000EFF310837B637B6BBB670123BB63BB6BAE
:103F500083F31088C0465D4B1B681A685B4B1B6877
:103F600080218A431A60BB6FFB63FB6B83F310886D
:103F7000C046EFF310833B643B6C7B6701237B649B
:103F80007B6C83F31088C046504B1B681A684F4BFC
:103F90001B6840210A431A607B6FBB64BB6C83F3D0
:103FA0001088C0464A4B18000EF044FB484B1B6873
:103FB0001B6880221340802B36D1454B88229B58AA
:103FC000202B31D1EFF31083FB61FB693B670123A9
:103FD0003B623B6A83F31088C0463D4B1B681A68FE
:103FE0003B4B1B6880218A431A603B6F7B627B6A74
:103FF00083F31088C046EFF31083BB62BB6AFB6695
:104000000123FB62FB6A83F31088C046304B1B68B8
:104010001A682F4B1B6840210A431A60FB6E3B63F2
:104020003B6B83F31088C0462A4B18000EF002FB4E
:10403000284B1B681B6880221340802B36D1254BF0
:1040400088229B58202B31D1EFF310837B607B6853
:10405000BB660123BB60BB6883F31088C0461D4B61
:104060001B681A681B4B1B6880218A431A60BB6E51
:10407000FB60FB6883F31088C046EFF310833B615D
:104080003B697B6601237B617B6983F31088C046B3
:10409000104B1B681A680F4B1B6840210A431A60BB
:1040A0007B6EBB61BB6983F31088C0468423FB1819
:1040B0001B68002B03D0084B802252051A60C046B3
:1040C000BD4622B080BDC0461C270020B02700207E
:1040D00044280020D828002004ED00E080B500AF7F
:1040E000054B1800FDF72EF903001800F6F7F6FC53
:1040F000C046BD4680BDC046F425002080B500AF57
:10410000104B1B6810221340102B07D10E4B1800C8
:10411000FDF718F903001800F6F7E0FC094B1A68E0
:1041200080235B001A4080235B009A4207D1074B33
:104130001800FDF707F903001800F6F7CFFCC0469A
:10414000BD4680BD00000240882600201C270020BC
:1041500080B500AF1A4B1A6880235B011A40802398
:104160005B019A4207D1174B1800FDF7EBF80300EB
:104170001800F6F7B3FC124B1A6880235B021A4052
:1041800080235B029A4207D10F4B1800FDF7DAF843
:1041900003001800F6F7A2FC094B1A6880235B03A2
:1041A0001A4080235B039A4207D1084B1800FDF7A1
:1041B000C9F803001800F6F791FCC046BD4680BD63
:1041C00000000240B027002044280020D82800200A
:1041D00080B584B000AF78600023FB607B68180076
:1041E000FDF7B0F803001A00064B9200D3580C22DA
:1041F000BA181100180006F01AFBC046BD4604B0FC
:1042000080BDC046BC1B0020B0B584B000AF786054
:104210007B688822202199500F257C197B68180023
:10422000FDF790F80300237029007B181B78254ABE
:10423000D35C022B13D17B181B785A1E224B9200A1
:10424000D3581B68283319007B6880229B581B6851
:104250005B689AB27B68180010F008F82EE00F2413
:104260003B191B78013B194A0021D1543B191B789B
:10427000013B174A0021D1543B191B785A1E1300E9
:104280005B009B189B01134A9B18C0220021180059
:1042900011F048FD3B191B785A1E13005B009B1858
:1042A0009B010C4A99187B68C02218000FF0DEFFB2
:1042B0003B191B78013B084A0121D154C046BD4639
:1042C00004B0B0BD980A0020D01A0020E4230020DA
:1042D000DC23002050160020181B002080B582B07F
:1042E00000AF7860C046BD4602B080BD80B582B0E8
:1042F00000AF7860104B01221A707B681B680F4A70
:10430000934203D17B6818000FF0C3FE7B681B68E3
:104310000B4A934203D17B6818000FF0BAFE7B680A
:104320001B68084A934203D17B6818000FF0B1FE66
:10433000C046BD4602B080BD701B00200038014061
:10434000004400400048004080B586B002AF78606D
:1043500039600B4BFB600B4B1878F968FF23009317
:10436000FF23102201F0BCFB064B1878064B19689E
:10437000FF230093FF230F2201F0B2FBFFF762FC43
:1043800034D80208880A0020F801002080B584B0E3
:1043900002AF0B4B7B600B4B18787968FF230093BF
:1043A000FF23142201F09CFB064B1878064B19687A
:1043B000FF230093FF230F2201F092FBFFF742FC43
:1043C00048D80208880A0020F801002080B500AF14
:1043D0002F4B304A1A602E4B00229A602C4B7F22C2
:1043E000DA602B4BFF221A61294B00225A61284BBD
:1043F00000229A61264B0022DA61254B8022D205E9
:104400001A62234B00225A62214B882212025A6000
:104410001F4B180000F01EFA1D4B002118000CF075
:1044200053FB0300012B02D1194B40229A60184B19
:1044300018000BF019FF031E01D0FF2325E0144BD9
:10444000012118000CF040FB0300134A934202D0F4
:1044500000F028F811E0114B1A6E80231B05134061
:1044600002D00F4B00221A700C4B1A6E8023DB0413
:10447000134002D00A4B01221A70084B1A6E074BE8
:10448000802109040A431A6600231800BD4680BD36
:10449000802D002000280040F23200000010024071
:1044A0007C2D0020B0B58EB000AF0C257B195A4A88
:1044B00013CA13C33B00594A03CA03C312781A70C4
:1044C0007B190933180010F020F802003523FB187F
:1044D0001A707B1900229A717B190433180010F0AE
:1044E00014F802003423FB181A707B190022DA70CA
:1044F0003623FB1800221A7019E036243B191A786B
:10450000474B9200D2580C23FB1811001800EBF710
:10451000FBFD031E05D13723FB183A19127801322F
:104520001A7036217B181A787B1801321A703623DC
:10453000FB181B780B2BE0D93B00063318000FF05B
:10454000E4FF02003323FB181A700C243B190022ED
:104550005A713B00033318000FF0D7FF02003223DB
:10456000FB181A703B1900229A703B0018000FF0DC
:10457000CCFF02003123FB181A702C217B18352246
:10458000BA181278DA707B183722BA1812785A7073
:104590007B183422BA1812789A707B1801221A708C
:1045A0007918204B002218000CF0A0F8031E01D04F
:1045B000FF232CE018217B183122BA1812781A70C8
:1045C0007B183222BA1812785A707B183322BA1824
:1045D00012789A707B180022DA70134B18225A73E3
:1045E0007B180022DA607B1800221A6179180D4BC3
:1045F000002218000BF076FF031E01D0FF2306E017
:104600000A4A084B012118000CF041FA0023180057
:10461000BD460EB0B0BDC04668D8020874D80208C6
:104620001C000020802D002030130020F2320000FA
:10463000B0B588B000AF05000C0010001900FB1DDC
:104640002A1C1A70BB1D221C1A703B1D021C1A80EA
:10465000FB1C0A1C1A703B1D1B88DBB23033DAB21C
:104660001C217B18DA707B18FA1D12785A707B189F
:10467000BA1D12789A707B18FA1C12781A700824E6
:104680003B1938217A1812781A703B193422BA185B
:1046900012785A703A193023FB181B7893703B1923
:1046A00000221A613C23FB181B78012B1BD17B18BD
:1046B0001B780C2B17D8404B0122002118000CF05E
:1046C000E6F93B190022DA703C4B0C225A733A4B44
:1046D00018000BF06BFE384B40229A60364B1800E6
:1046E0000BF0C2FD36E03C23FB181B78022B1DD1DA
:1046F0003823FB181B780C2B18D82F4B01220021D4
:1047000018000CF0C4F90823FB180122DA702B4BB7
:104710000C225A73284B18000BF048FE264B4022FF
:104720009A60254B18000BF09FFD13E0224B0022EE
:10473000002118000CF0ABF9204B18225A731E4BC5
:1047400018000BF033FE1C4B00229A601A4B180025
:104750000BF08AFD0823F918174B002218000BF004
:10476000C1FE031E01D0FF2322E01C23F918124BC7
:10477000002218000BF0BAFF031E01D0FF2317E040
:104780000E4B5B7B1BB21B021AB20C4B1B791BB28C
:1047900013431BB29AB28D235B0011001800FDF782
:1047A00037FF074A044B012118000CF070F9002371
:1047B0001800BD4608B0B0BD802D00203013002089
:1047C000F232000090B587B000AF39001F4B0022D5
:1047D00018000BF02FFF142439191C4B002218006D
:1047E0000CF016F83B00DB78DB09DBB20133DAB200
:1047F000174BDA743B005B685B089AB2144BDA81A2
:104800003B009A78124B1A743B005A78104B5A743A
:104810003B001A780E4B9A743B199A780C4B5A75D8
:104820003B195A780A4B9A753B191A78084B1A7536
:104830003B19DB78FA22D200944663449AB2044BC7
:104840001A83C046BD4607B090BDC046802D0020EB
:104850003013002090B597B000AF78600C243B195E
:1048600018004C231A00002111F05CFA7B681B68C9
:10487000134A934220D13B19802292021A603B19BD
:10488000802292001A643B1918000BF0B1FA0D4B0C
:10489000DA6D0C4B802109020A43DA65094BDA6BA9
:1048A000084B8021C9000A43DA63064BDA6B802388
:1048B000DB001340BB60BB68C046BD4617B090BD6F
:1048C000002800400010024080B582B000AF786040
:1048D0007B681B68094A93420BD1094BDA6D084B80
:1048E00008490A40DA65064BDA6B054B06490A406F
:1048F000DA63C046BD4602B080BDC0460028004015
:1049000000100240FF7FFFFFFFFBFFFF80B582B07A
:1049100000AF174B1A6C164B802189020A431A64A8
:10492000134B1A6C80239B0213407B607B68114BF6
:10493000114A1A600F4B2F225A600E4B00229A60C8
:104940000C4B0E4ADA600B4B00221A61094B002215
:104950005A61084B00229A61064B18000CF0CFF800
:10496000044B18000CF024F9C046BD4602B080BDCF
:1049700000100240FC2D002000440140FFFF000019
:1049800080B582B000AF174B1A6C164B8021C9025C
:104990000A431A64134B1A6C8023DB0213407B60BA
:1049A0007B68114B114A1A600F4B114A5A600E4B2B
:1049B00000229A600C4B0F4ADA600B4B00221A61FE
:1049C000094B00225A61084B00229A61064B1800DD
:1049D0000CF095F8044B18000CF0EAF8C046BD4600
:1049E00002B080BD00100240482E00200048014067
:1049F0007FBB0000FFFF0000F0B59DB000AF602658
:104A0000BB19180010231A00002111F08BF954254E
:104A10007B1918000C231A00002111F083F93824A7
:104A20003B1918001C231A00002111F07BF93B1DD3
:104A3000180034231A00002111F074F9424B434A44
:104A40001A60414B424A5A603F4B00229A603E4BEB
:104A5000C722DA603C4B00221A613B4B00225A61AC
:104A6000394B00229A61384B18000CF048F8BB19FA
:104A7000802252011A60BA19334B110018000CF051
:104A800057FD314B18000CF0EDF87B1900221A602D
:104A90007B1900225A607B1900229A607A192A4BEE
:104AA000110018000DF036FA21007B1870221A60F0
:104AB0007B1800225A607B1800229A607B18002223
:104AC0001A617B1800225A617B1800229A617918BA
:104AD0001D4B0C2218000CF001FB3B1D00221A603C
:104AE0003B1D00225A603B1D00229A603B1D0022A4
:104AF000DA603B1D00221A613B1D802292015A613F
:104B00003B1D00229A613B1D0022DA613B1D002201
:104B10001A623B1D802292045A623B1D00229A6257
:104B20003B1D0022DA623B1D00221A633A1D064B30
:104B3000110018000DF064FA034B180000F07CFA25
:104B4000C046BD461DB0F0BD6C290020002C0140C0
:104B5000FF180000B0B58EB000AF28257B191800F3
:104B600010231A00002111F0DDF81C243B19180055
:104B70000C231A00002111F0D5F83B0018001C236B
:104B80001A00002111F0CEF8254B8022D2051A60C0
:104B9000234B244A5A60224B00229A60204BC722A2
:104BA000DA601F4B00221A611D4B00229A611C4BD8
:104BB00018000BF0A4FF7B19802252011A607A19A9
:104BC000174B110018000CF0B3FC154B18000CF03B
:104BD00049F83B1900221A603B1900229A603A19E1
:104BE0000F4B110018000DF095F93B0070221A6070
:104BF0003B0000225A603B0000229A603B000022EA
:104C00001A613900064B002218000CF067FA044BB9
:104C1000180000F011FAC046BD460EB0B0BDC04647
:104C2000B8290020FF180000B0B58EB000AF2825CD
:104C30007B19180010231A00002111F073F81C24AE
:104C40003B1918000C231A00002111F06BF83B00EF
:104C500018001C231A00002111F064F8274B284A81
:104C60001A60264B274A5A60244B00229A60234B35
:104C7000C722DA60214B00221A61204B00229A6180
:104C80001E4B18000BF03BFF7B19802252011A606B
:104C90007A191A4B110018000CF04AFC174B180037
:104CA0000BF0E0FF3B1900221A603B1900229A60CA
:104CB0003A19124B110018000DF02CF93B0070222C
:104CC0001A603B0000225A603B0000229A603B00C1
:104CD00000221A613900094B0C2218000CF0FEF971
:104CE0003900064B042218000CF0F8F9034B1800A9
:104CF00000F0A2F9C046BD460EB0B0BD042A0020A7
:104D000000040040FF180000B0B58EB000AF2825A9
:104D10007B19180010231A00002111F003F81C243D
:104D20003B1918000C231A00002110F0FBFF3B0078
:104D300018001C231A00002110F0F4FF244B254A10
:104D40001A60234B244A5A60214B00229A60204B60
:104D5000C722DA601E4B00221A611D4B00229A61A5
:104D60001B4B18000BF0CBFE7B19802252011A60FE
:104D70007A19174B110018000CF0DAFB144B1800CD
:104D80000BF070FF3B1900221A603B1900229A6059
:104D90003A190F4B110018000DF0BCF83B007022BF
:104DA0001A603B0000225A603B0000229A603B00E0
:104DB00000221A613900064B0C2218000CF08EF903
:104DC000034B180000F038F9C046BD460EB0B0BD28
:104DD000502A002000080040FF180000F0B59DB0E8
:104DE00000AF6026BB19180010231A00002110F034
:104DF00099FF54257B1918000C231A00002110F08C
:104E000091FF38243B1918001C231A00002110F0D0
:104E100089FF3B1D180034231A00002110F082FF87
:104E20003A4B3B4A1A60394B3A4A5A60374B002298
:104E30009A60364BC722DA60344B00221A61334B3A
:104E400000225A61314B00229A61304B18000BF05E
:104E500056FEBB19802252011A60BA192B4B110061
:104E600018000CF065FB294B18000BF0FBFE7B19BA
:104E700000221A607B1900229A607A19234B1100D4
:104E800018000DF047F821007B1870221A607B187B
:104E900000225A607B1800229A607B180022DA6098
:104EA0007B1800221A617B1800225A617B180022AD
:104EB0009A617918154B002218000CF00FF93B1D70
:104EC00000221A603B1D00225A603B1D00229A609E
:104ED0003B1D0022DA603B1D00221A613B1D80222F
:104EE00092015A613B1D00229A613B1D00221A6308
:104EF0003A1D064B110018000DF082F8034B180004
:104F000000F09AF8C046BD461DB0F0BD9C2A0020B6
:104F100000400140FF18000090B59BB000AF7860E2
:104F20001C243B1918004C231A00002110F0FAFE33
:104F30007B681B683B4A934219D13B19802292033C
:104F40001A603B1900229A633B1918000AF050FFBF
:104F5000354B1A6C344B802109010A431A64324BD9
:104F60001A6C80231B011340BB61BB6955E07B6851
:104F70001A688023DB059A420CD12B4BDA6B2A4B43
:104F800001210A43DA63284BDB6B012213407B616A
:104F90007B6942E07B681B68244A93420CD1224B18
:104FA000DA6B214B02210A43DA631F4BDB6B0222CF
:104FB00013403B613B6930E07B681B681C4A9342AD
:104FC0000CD1194BDA6B184B04210A43DA63164BE8
:104FD000DB6B04221340FB60FB681EE07B681B68F0
:104FE000144A934219D11C217B188022D2031A60E3
:104FF0007B180022DA637B1818000AF0F9FE0A4BCE
:105000001A6C094B802149020A431A64064B1A6C38
:1050100080235B021340BB60BB68C046BD461BB02B
:1050200090BDC046002C014000100240000400402A
:10503000000800400040014090B58DB000AF78609E
:105040001C243B19180014231A00002110F06AFEDA
:105050007B681B68674A934224D1674B5A6B664B47
:1050600001210A435A63644B5B6B01221340BB610D
:10507000BB693B19802212011A6021007B180222B1
:105080005A607B1800229A607B180022DA607B1835
:1050900002221A617A18A023DB051100180009F01A
:1050A000FBFEA3E07B681A688023DB059A4224D1CB
:1050B000514B5A6B504B01210A435A634E4B5B6B69
:1050C000012213407B617B691C217B188022120224
:1050D0001A607B1802225A607B1800229A607B18A3
:1050E0000022DA607B1802221A617A18A023DB05FD
:1050F0001100180009F0D0FE78E07B681B683F4A79
:10510000934222D13C4B5A6B3B4B02210A435A63D8
:10511000394B5B6B022213403B613B691C217B18BE
:1051200022221A607B1802225A607B1800229A60A1
:105130007B180022DA607B1801221A617B18304A42
:105140001900100009F0A8FE50E07B681B682D4A8A
:10515000934223D1284B5A6B274B02210A435A63AF
:10516000254B5B6B02221340FB60FB681C217B1804
:10517000802292001A607B1802225A607B1800225B
:105180009A607B180022DA607B1809221A617B186A
:105190001B4A1900100009F07FFE27E07B681B689E
:1051A000194A934222D1144B5A6B134B02210A43E2
:1051B0005A63114B5B6B02221340BB60BB681C211E
:1051C0007B188022D2011A607B1802225A607B1859
:1051D00000229A607B180022DA607B1805221A618F
:1051E0007B18074A1900100009F056FEC046BD465C
:1051F0000DB090BD002C01400010024000040040A2
:1052000000040050000800400040014080B584B018
:1052100000AF0200BB1D1A800023FB6004F040FFBA
:10522000BB1D1B88002B0DD0094B1B685B6AFB6004
:10523000C046074B1B685A6AFB68D21ABB1D1B8805
:105240009A42F6D904F03EFFC046BD4604B080BD88
:10525000FC2D002080B584B000AF0200BB1D1A8079
:105260000023FB6004F01CFFBB1D1B88002B0DD02E
:10527000094B1B685B6AFB60C046074B1B685A6A98
:10528000FB68D21ABB1D1B889A42F6D904F01AFF9C
:10529000C046BD4604B080BD482E002080B500AF9A
:1052A0001B4B1C4A1A601A4BE12212035A60184B1E
:1052B00000229A60164B0022DA60154B00221A6118
:1052C000134B0C225A61124B00229A61104B0022A0
:1052D000DA610F4B00221A620D4B00225A620C4B0E
:1052E00000229A620A4B18000CF026FF084B00219E
:1052F00018000EF039FF064B002118000EF074FF65
:10530000034B18000EF0F6FEC046BD4680BDC046F9
:10531000F42500200038014080B500AF1B4B1C4A2B
:105320001A601A4BE12212035A60184B00229A604D
:10533000164B0022DA60154B00221A61134B0C2227
:105340005A61124B00229A61104B0022DA610F4B16
:1053500000221A620D4B00225A620C4B00229A6204
:105360000A4B18000CF0E8FE084B002118000EF064
:10537000FBFE064B002118000EF036FF034B180011
:105380000EF0B8FEC046BD4680BDC046882600204F
:105390000044004080B500AF1B4B1C4A1A601A4BFA
:1053A000E12212035A60184B00229A60164B002229
:1053B000DA60154B00221A61134B0C225A61124B12
:1053C00000229A61104B0022DA610F4B00221A6210
:1053D0000D4B00225A620C4B00229A620A4B1800B5
:1053E0000CF0AAFE084B002118000EF0BDFE064B83
:1053F000002118000EF0F8FE034B18000EF07AFEA4
:10540000C046BD4680BDC0461C2700200048004065
:1054100080B500AF144B154A1A60134BE1221203FA
:105420005A60114B00229A600F4B0022DA600E4B3B
:1054300000221A610C4B0C225A610B4B00229A611C
:10544000094B0022DA61084B00221A62064B002247
:105450005A62054B00229A62034B18000CF06CFE56
:10546000C046BD4680BDC046B0270020004C00406D
:1054700080B500AF144B154A1A60134BE12212039A
:105480005A60114B00229A600F4B0022DA600E4BDB
:1054900000221A610C4B0C225A610B4B00229A61BC
:1054A000094B0022DA61084B00221A62064B0022E7
:1054B0005A62054B00229A62034B18000CF03CFE26
:1054C000C046BD4680BDC046442800200050004074
:1054D00080B500AF144B154A1A60134BE12212033A
:1054E0005A60114B00229A600F4B0022DA600E4B7B
:1054F00000221A610C4B0C225A610B4B00229A615C
:10550000094B0022DA61084B00221A62064B002286
:105510005A62054B00229A62034B18000CF00CFEF5
:10552000C046BD4680BDC046D8280020003C014092
:10553000B0B5A6B000AF786084243B1918001423DE
:105540001A00002110F0EEFB38257B1918004C23BF
:105550001A00002110F0E6FB7B681B68DF4A9342CB
:105560006DD17B1901221A607B1902225A607B19C6
:1055700018000AF03DFCDA4B1A6CD94B8021C901A6
:105580000A431A64D64B1A6C8023DB0113407B63F9
:105590007B6BD34B5A6BD24B01210A435A63D04BDE
:1055A0005B6B012213403B633B6B3B19C022D20073
:1055B0001A6021007B1802225A607B1800229A6030
:1055C0007B180022DA607B1801221A617A18A02366
:1055D000DB051100180009F05FFCC24BC24A1A60DB
:1055E000C04B32225A60BF4B00229A60BD4B002252
:1055F000DA60BC4B80221A61BA4B00225A61B94B67
:1056000000229A61B74B2022DA61B64B00221A625F
:10561000B64BB44ADA60B34B180008F019FF7B6848
:105620008021B04A5A50AF4B7A689A62002200211A
:105630001B2008F09FFC1B2008F0B1FC3AE27B68BD
:105640001B68AB4A93426DD138217B1802221A6045
:105650007B1808229A607B1818000AF0C9FBA04B3F
:10566000DA6B9F4B802189020A43DA639C4BDA6B29
:1056700080239B021340FB62FB6A994B5A6B984B49
:1056800001210A435A63964B5B6B01221340BB62B4
:10569000BB6A84217B180C221A607B1802225A6094
:1056A0007B1800229A607B180022DA607B180122A6
:1056B0001A617A18A023DB051100180009F0ECFB31
:1056C0008C4B8D4A1A608B4B34225A60894B0022D6
:1056D0009A60884B0022DA60864B80221A61854BE3
:1056E00000225A61834B00229A61824B2022DA61A8
:1056F000804B00221A627D4B7E4A5A607D4B180017
:1057000008F0A6FE7B6880217A4A5A50794B7A6865
:105710009A62002200211C2008F02CFC1C2008F0BA
:105720003EFCC7E17B681B68744A93426DD1382107
:105730007B1804221A607B182022DA607B1818007C
:105740000AF056FB664BDA6B654B8021C9020A43AF
:10575000DA63634BDA6B8023DB0213407B627B6A84
:105760005F4B5A6B5E4B02210A435A635C4B5B6B87
:10577000022213403B623B6A84217B18C022120143
:105780001A607B1802225A607B1800229A607B18EC
:105790000022DA607B1804221A617B18584A19002B
:1057A000100009F079FB574B574A1A60554B3622C7
:1057B0005A60544B00229A60524B0022DA60514BDF
:1057C00080221A614F4B00225A614E4B00229A618F
:1057D0004C4B2022DA614B4B00221A62434B494A60
:1057E0009A60484B180008F033FE7B688021454AD8
:1057F0005A50444B7A689A62002200211D2008F01A
:10580000B9FB1D2008F0CBFB54E17B681B683F4AC5
:10581000934200D080E0324BDA6B314B8021090398
:105820000A43DA632E4BDA6B80231B031340FB61C0
:10583000FB692B4B5A6B2A4B01210A435A63284BB5
:105840005B6B01221340BB61BB6984217B1803227F
:105850001A607B1802225A607B1800229A607B181B
:105860000022DA607B1804221A617A18A023DB0573
:105870001100180009F010FB254B264A1A60244B32
:1058800038225A60224B00229A60214B0022DA60B3
:105890001F4B80221A611E4B00225A611C4B0022B2
:1058A0009A611B4B2022DA61194B00221A620F4BBE
:1058B000174A1A60164B180008F0CAFD7B68802151
:1058C000134A5A50124B7A689A62002200211D2016
:1058D00008F050FB1D2008F062FBEBE000380140AF
:1058E00000100240F42E002008000240602B00202F
:1058F00000440040542F00201C000240004800409B
:1059000000040050B42F002030000240004C004042
:1059100014300020440002407B681B68674A9342B1
:1059200061D1674BDA6B664B802149000A43DA6329
:10593000634BDA6B80235B0013407B617B69604BB8
:105940005A6B5F4B08210A435A635D4B5B6B08221D
:1059500013403B613B6984217B180C221A607B1841
:1059600002225A607B1800229A607B180022DA60BB
:105970007B1803221A617B18524A1900100009F0A3
:105980008BFA514B514A1A604F4B4A225A604E4B88
:1059900000229A604C4B0022DA604B4B80221A6145
:1059A000494B00225A61484B00229A61464B202203
:1059B000DA61454B00221A62454B434A1A61424B59
:1059C000180008F045FD7B6880213F4A5A503E4B45
:1059D0007A689A62002200211D2008F0CBFA1D206F
:1059E00008F0DDFA66E07B681B683A4A934261D1B1
:1059F000334BDA6B324B802189000A43DA63304B38
:105A0000DA6B80239B001340FB60FB682C4B5A6BC6
:105A10002B4B02210A435A63294B5B6B0222134032
:105A2000BB60BB6884217B1830221A607B1802227D
:105A30005A607B1800229A607B180022DA607B187B
:105A400003221A617A18A023DB051100180009F05F
:105A500023FA214B214A1A601F4B4C225A601E4BDD
:105A600000229A601C4B0022DA601B4B80221A61D4
:105A7000194B00225A61184B00229A61164B2022C2
:105A8000DA61154B00221A62114B134A5A61124B0C
:105A9000180008F0DDFC7B6880210F4A5A500E4B3D
:105AA0007A689A62002200211D2008F063FA1D2006
:105AB00008F075FAC046BD4626B0B0BD00500040A3
:105AC00000100240000C00507430002058000240CA
:105AD000602B0020003C0140D43000206C000240CC
:105AE000B0B586B000AFB96011007B600F243B19E0
:105AF000021C1A700C23FB180A1C1A801723FB18AF
:105B000001221A703B191B78180000F09FF8031E41
:105B100032D03B191A781C4B9200D3587A68110086
:105B2000180003F0F9FE031E26D113E00F23FB1823
:105B30001B78180000F08AF805001723FC18B86AD3
:105B40000C23FB181A88B968030028000CF092FB9C
:105B5000030023701722BB181B78002B03D0BB183F
:105B60001B78032BE2D10F23FB181A78064B920007
:105B7000D358180003F01AFF1723FB181B781800DE
:105B8000BD4606B0B0BDC046BC1B0020F0B587B016
:105B900000AFB96011007B600F243B19021C1A7022
:105BA0000C257B190A1C1A801726BB1901221A70B2
:105BB0003B191B78180000F049F8031E19D03B1957
:105BC0001A78114B9200D3587A681100180003F02C
:105BD000A3FE031E0DD13B191B78180000F036F808
:105BE000BC197B191A88BB6819000CF0E7FB03008D
:105BF0002370052007F09CF91723FB181B78180069
:105C0000BD4607B0F0BDC046BC1B002090B585B0B6
:105C100000AF02003960FB1D1A700F243B190022EF
:105C20001A70FB1D1B78180000F010F80300BB6011
:105C3000BB683A685A60BB6818000CF07DFA3B19E3
:105C40001B781800BD4605B090BD000080B582B03D
:105C500000AF0200FB1D1A70FB1D1B78062B10D82D
:105C60009A000A4BD3181B689F46094B0AE0094B60
:105C700008E0094B06E0094B04E0094B02E0094B40
:105C800000E000231800BD4602B080BD88D802089D
:105C9000B027002088260020D82800201C270020BC
:105CA000F42500204428002080B582B000AF786041
:105CB0000A00FB1C1A707B68002B74D0FB1C1B783D
:105CC000012B37D17B681800FBF73CFB0300013B3D
:105CD000802212021A411100354B1B785A1E354B97
:105CE0005200D35A1AB20BB2134319B2304B1B787D
:105CF0005A1E89B22F4B5200D1527B6808229A62F9
:105D00007B68802212029A637B6818000CF014FAF8
:105D10007B681800FBF716FB03005A1E13005B009C
:105D20009B189B01244A99187B68C02218000EF02A
:105D30009DFA38E0FB1C1B78002B34D17B681800DF
:105D4000FBF700FB0300013B1C4A1A411100184BF2
:105D50001B785A1E174B5200D35A1BB20AB213407B
:105D600019B2134B1B785A1E89B2124B5200D152F2
:105D70007B6808229A627B6800229A637B6818001D
:105D80000CF0DAF97B681800FBF7DCFA03005A1E06
:105D900013005B009B189B01074A99187B68C0227F
:105DA00018000EF063FAC046BD4602B080BDC04682
:105DB0002C130020F812002050160020FF7FFFFF58
:105DC00080B582B000AFFB1D00221A70BB1D0122FE
:105DD0001A7035E0204B1B78BA1D12789A4211D008
:105DE000BB1D1B78002213211800F5F795FC32200B
:105DF000FFF730FA194B1B78002B1CD0FB1D022239
:105E00001A7018E07B1D01221A7010E0124B1B78EB
:105E1000591E114B1B785A1E114B4900C95A104B81
:105E20005200D1527B1D1A787B1D01321A707B1DE6
:105E30001B78062BEAD9BB1D1A78BB1D01321A70DC
:105E4000084B1B78BA1D12789A42C3D9FB1D1B78E8
:105E50001800BD4602B080BD2C1300204D13002059
:105E6000F81200207C00002080B586B000AF020050
:105E7000FB1D1A700F23FB1800221A701623FB1843
:105E800000221A8001233B6118E03B69DBB2180055
:105E9000FFF7DCFE03009A6B80231B029A420AD1B3
:105EA0001622BB181B88BA18591C11801A003B69AE
:105EB000D9B20C4B99543B6901333B613B69062BCA
:105EC000E3DD1623FB181A88FB1D1B78142118002C
:105ED000F5F722FC0F23FB181B781800BD4606B00F
:105EE00080BDC046F00B002080B582B000AFBB1D66
:105EF00000221A70FB1D01221A7029E0194B1B7831
:105F00005A1E194B5200D35A1900FB1D1B78013B36
:105F1000802212021A4113000B400AD1FB1D1B788C
:105F20001800FFF793FE030000211800FFF7BCFEE6
:105F300009E0FB1D1B781800FFF788FE0300012114
:105F40001800FFF7B1FEFB1D1A78FB1D01321A7015
:105F5000FB1D1B78062BD1D9BB1D1B781800BD4635
:105F600002B080BD2C130020F8120020174885468F
:105F700000F045F816481749174A002302E0D458A4
:105F8000C4500433C4188C42F9D3144A144C00236F
:105F900001E013600432A242FBD3124812490268A6
:105FA00000608A4205D000F02AF80FF09FFF0EF043
:105FB00047FA0E480E4901600E480D4901600E482F
:105FC00001688D4640680047FEE70000004002205F
:105FD000000000207409002044E102087809002034
:105FE00098980120F03F0220EFBEADDE4010024045
:105FF00001000000000001400000FF1FFEE780B527
:1060000000AFC046BD4680BD80B582B000AF7860AD
:106010007B689B6801221A437B689A60C046BD4634
:1060200002B080BD80B582B000AF786039607B6817
:106030009B68182293431A003B681A437B689A6056
:10604000C046BD4602B080BD80B582B000AF78606A
:1060500039607B683A685A61C046BD4602B080BD6F
:1060600080B582B000AF786039607B683A681A60AA
:10607000C046BD4602B080BD80B584B000AF786038
:106080000A00BB1C1A807B68FB60FB68BA1C128884
:106090001A80C046BD4604B080BD80B582B000AF56
:1060A00078607B681B689BB21800BD4602B080BD5B
:1060B00080B584B000AF7860074B996B064B7A6867
:1060C0000A439A63044B9B6B7A681340FB60FB683E
:1060D000C046BD4604B080BD00100240B0B590B0CF
:1060E00000AF0200FB1D1A701A23FB1805221A705C
:1060F0000023FB630023BB6300237B6300233B631C
:106100000023FB620023BB6200237B6200233B620F
:106110000023FB61002200233A617B611B23FB18F3
:1061200000221A700E23FB1800221A8003F098FB3D
:10613000031E02D00E2301F0FDFB03F063FAC44BF3
:1061400001221A70C34B1A68C0239B0413400ED05F
:10615000C04B1A68C0239B041A4080235B049A42F8
:106160000BD1BD4B1A6880239B03134005D1BB4B59
:106170001B689B02BA4A134005E0B84B1B689B02A0
:106180005B08B84A1340F722D20219001000EAF760
:1061900067F80B00DB0AFB636BE0FB6B80225202AB
:1061A00094466344DC02AB4B1A68C0239B04134043
:1061B0000ED0A84B1A68C0239B041A4080235B04AE
:1061C0009A420BD1A44B1A6880239B03134005D13C
:1061D000A24B1B689B02A24A134005E09F4B1B6821
:1061E0009B025B089F4A13401900F723D802E9F786
:1061F000B1FF03001900974B1A68C0239B0413409A
:106200000ED0944B1A68C0239B041A4080235B0471
:106210009A420BD1904B1A6880239B03134005D1FF
:106220008E4B1B689B028E4A134005E08B4B1B680C
:106230009B025B088B4A13404B43E318BB6300236C
:106240007B630EE0BA6B7B6BD218874B1A60BA6B1C
:106250007B6BD3181A685B683A617B617B6B083390
:106260007B637A6B80231B019A42EBD3FB6B013378
:10627000FB63784B1A68C0239B0413400ED0754B08
:106280001A68C0239B041A4080235B049A420BD1F6
:10629000714B1A6880239B03134005D16F4B1B6819
:1062A0009B026F4A134005E06C4B1B689B025B0826
:1062B0006C4A1340F722D20219001000E9F7D0FF10
:1062C0000B00DB0A0833FA6B9A4200D265E7604B99
:1062D00000221A705F4B1A68C0239B0413400ED033
:1062E0005C4B1A68C0239B041A4080235B049A42CB
:1062F0000BD1594B1A6880239B03134005D1574B90
:106300001B689B02564A134005E0544B1B689B02D6
:106310005B08544A1340F722D20219001000E9F733
:106320009FFF0B00DB0AFB6377E0FB6B80225202CE
:1063300094466344DC02474B1A68C0239B04134015
:106340000ED0444B1A68C0239B041A4080235B0480
:106350009A420BD1404B1A6880239B03134005D10E
:106360003E4B1B689B023E4A134005E03B4B1B68BB
:106370009B025B083B4A13401900F723D802E9F758
:10638000E9FE03001900334B1A68C0239B04134035
:106390000ED0304B1A68C0239B041A4080235B0444
:1063A0009A420BD12C4B1A6880239B03134005D1D2
:1063B0002A4B1B689B022A4A134005E0274B1B68A7
:1063C0009B025B08274A13404B43E318BB631A2523
:1063D0007C19BB6B180003F0C5F8030023707B1910
:1063E0001B78022B03D07B191B78012B03D1FB6A8E
:1063F0000133FB620EE01A23FB181B78032B09D133
:10640000BB6A002B01D1FB6B3B62FB6B7B62BB6AFF
:106410000133BB62FB6B0133FB630E4B1A68C02375
:106420009B0413400ED00B4B1A68C0239B041A40E8
:1064300080235B049A4219D1074B1A6880239B037F
:10644000134013D1054B1B689B02054A134013E010
:106450003C3100200075FF1F20200240E075FF1F27
:1064600000FC0F0000FE070038310020BE4B1B6807
:106470009B025B08BD4A1340F722D20219001000AC
:10648000E9F7EEFE0B00DB0A0833FA6B9A4200D202
:106490004BE7FB6A002B00D01AE1BB6A002B00D14E
:1064A00010E1B34B1A68C0239B0413400ED0B04BCD
:1064B0001A68C0239B041A4080235B049A420BD1C4
:1064C000AC4B1A6880239B03134005D1A64B1B6875
:1064D0009B02A94A134005E0A34B1B689B025B0883
:1064E000A24A1340F722D20219001000E9F7B8FEC1
:1064F0000B00DB0A3A6AD31A0733072213401C0049
:106500009B4B1A68C0239B0413400ED0984B1A680B
:10651000C0239B041A4080235B049A420BD1954B05
:106520001A6880239B03134005D18F4B1B689B0285
:10653000914A134005E08C4B1B689B025B088B4A19
:106540001340F722D20219001000E9F789FE0B0070
:10655000DB0AE3188022520294466344DC02844B37
:106560001A68C0239B0413400ED0814B1A68C023C5
:106570009B041A4080235B049A420BD17D4B1A681E
:1065800080239B03134005D1774B1B689B027A4AFB
:10659000134005E0744B1B689B025B08734A134071
:1065A0001900F723D802E9F7D5FD03001900704B55
:1065B0001A68C0239B0413400ED06D4B1A68C02389
:1065C0009B041A4080235B049A420BD1694B1A68E2
:1065D00080239B03134005D1634B1B689B02664AD3
:1065E000134005E0604B1B689B025B085F4A134049
:1065F0004B43E318180002F0B5FF0300042B67D1EA
:106600005B4B1A68C0239B0413400ED0584B1A688A
:10661000C0239B041A4080235B049A420BD1554B44
:106620001A6880239B03134005D14F4B1B689B02C4
:10663000514A134005E04C4B1B689B025B084B4AD8
:106640001340F722D20219001000E9F709FE0B00EF
:10665000DB0A7A6AD31A0133072213401C00444B29
:106660001A68C0239B0413400ED0414B1A68C02304
:106670009B041A4080235B049A420BD13D4B1A685D
:1066800080239B03134005D1374B1B689B023A4A7A
:10669000134005E0344B1B689B025B08334A1340F0
:1066A000F722D20219001000E9F7DAFD0B00DB0A2D
:1066B000E3180121180002F0A3FD031E08D00223F5
:1066C00001F038F9002001F043F9030001F032F93C
:1066D000274B1A68C0239B0413400ED0244B1A6822
:1066E000C0239B041A4080235B049A420BD1214BA8
:1066F0001A6880239B03134005D11B4B1B689B0228
:106700001D4A134005E0184B1B689B025B08174AA3
:106710001340F722D20219001000E9F7A1FD0B0087
:10672000DB0AFB635AE2FB6B80225202944663440D
:10673000DC020F4B1A68C0239B0413400ED00C4B95
:106740001A68C0239B041A4080235B049A4215D127
:10675000084B1A6880239B0313400FD1024B1B6820
:106760009B02054A13400FE0E075FF1F00FE070083
:106770000075FF1F2020024000FC0F00CD4B1B685E
:106780009B025B08CC4A13401900F723D802E9F7B3
:10679000E1FC03001900C94B1A68C0239B04134095
:1067A0000ED0C64B1A68C0239B041A4080235B049A
:1067B0009A420BD1C24B1A6880239B03134005D128
:1067C000BC4B1B689B02BF4A134005E0B94B1B68DA
:1067D0009B025B08B84A13404B43E318BB631A257E
:1067E0007C19BB6B180002F0BDFE030023707B19FF
:1067F0001B78012B00D0EEE1B04B1A68C0239B043C
:1068000013400ED0AD4B1A68C0239B041A4080235E
:106810005B049A420BD1AA4B1A6880239B03134056
:1068200005D1A44B1B689B02A64A134005E0A14B6F
:106830001B689B025B08A04A1340F722D202190092
:106840001000E9F70DFD0B00DB0AFA6B9A4200D14C
:10685000E6E09A4B1A68C0239B0413400ED0974B76
:106860001A68C0239B041A4080235B049A420BD110
:10687000934B1A6880239B03134005D18D4B1B68F3
:106880009B02904A134005E08A4B1B689B025B0801
:10689000894A1340F722D20219001000E9F7E0FC00
:1068A0000B00DB0A0433FA6B9A4200D1B8E0834B49
:1068B0001A68C0239B0413400ED0804B1A68C02373
:1068C0009B041A4080235B049A420BD17C4B1A68CC
:1068D00080239B03134005D1764B1B689B02794AAA
:1068E000134005E0734B1B689B025B08724A134020
:1068F000F722D20219001000E9F7B2FC0B00DB0A04
:10690000FA6BD31A0733072213401C006B4B1A682B
:10691000C0239B0413400ED0684B1A68C0239B040D
:106920001A4080235B049A420BD1654B1A6880237E
:106930009B03134005D15F4B1B689B02614A1340C8
:1069400005E05C4B1B689B025B085B4A1340F72227
:10695000D20219001000E9F783FC0B00DB0AE318F0
:106960008022520294466344DC02544B1A68C023CE
:106970009B0413400ED0514B1A68C0239B041A404D
:1069800080235B049A420BD14D4B1A6880239B03F2
:10699000134005D1474B1B689B024A4A134005E050
:1069A000444B1B689B025B08434A13401900F723C2
:1069B000D802E9F7CFFB03001900404B1A68C02347
:1069C0009B0413400ED03D4B1A68C0239B041A4011
:1069D00080235B049A420BD1394B1A6880239B03B6
:1069E000134005D1334B1B689B02364A134005E028
:1069F000304B1B689B025B082F4A13404B43E31844
:106A0000180002F0AFFD0300032B04D11B23FB1879
:106A100000221A70C5E01B23FB1801221A70C0E087
:106A2000264B1A68C0239B0413400ED0234B1A68D0
:106A3000C0239B041A4080235B049A420BD1204B55
:106A40001A6880239B03134005D11A4B1B689B02D5
:106A50001C4A134005E0174B1B689B025B08164A53
:106A60001340F722D20219001000E9F7F9FB0B00DE
:106A7000DB0AFA6BD31A0133072213401C000F4BB9
:106A80001A68C0239B0413400ED00C4B1A68C02315
:106A90009B041A4080235B049A4215D1084B1A6864
:106AA00080239B0313400FD1024B1B689B02054AB6
:106AB00013400FE0E075FF1F00FE07000075FF1F89
:106AC0002020024000FC0F00C54B1B689B025B08A6
:106AD000C44A1340F722D20219001000E9F7C0FBA4
:106AE0000B00DB0AE3188022520294466344DC0266
:106AF000BD4B1A68C0239B0413400ED0BA4B1A68D2
:106B0000C0239B041A4080235B049A420BD1B74BED
:106B10001A6880239B03134005D1B14B1B689B026D
:106B2000B34A134005E0AE4B1B689B025B08AD4ABD
:106B300013401900F723D802E9F70CFB03001900F2
:106B4000A94B1A68C0239B0413400ED0A64B1A68A9
:106B5000C0239B041A4080235B049A420BD1A34BB1
:106B60001A6880239B03134005D19D4B1B689B0231
:106B70009F4A134005E09A4B1B689B025B08994AA9
:106B800013404B43E318180002F0ECFC031E04D141
:106B90001B23FB1800221A7003E01B23FB180122A1
:106BA0001A701B23FB181B78002B14D1FB6BDAB275
:106BB000904B1A7001220021002001F0D5FD030046
:106BC0001A0080235B009A4202D00C2300F0B2FE30
:106BD0000123FB6130E0FB6B0133FB63824B1A68DE
:106BE000C0239B0413400ED07F4B1A68C0239B0424
:106BF0001A4080235B049A420BD17C4B1A68802395
:106C00009B03134005D1764B1B689B02784A1340C7
:106C100005E0734B1B689B025B08724A1340F72226
:106C2000D20219001000E9F71BFB0B00DB0A083346
:106C3000FA6B9A4200D276E500233B636A4B1A68EE
:106C4000C0239B0413400ED0674B1A68C0239B04DB
:106C50001A4080235B049A420BD1644B1A6880234C
:106C60009B03134005D15E4B1B689B02604A134097
:106C700005E05B4B1B689B025B085A4A1340F722F6
:106C8000D20219001000E9F7EBFA0B00DB0AFB63F4
:106C90005EE2FB6B8022520294466344DC02524B5C
:106CA0001A68C0239B0413400ED04F4B1A68C023B0
:106CB0009B041A4080235B049A420BD14B4B1A6809
:106CC00080239B03134005D1454B1B689B02484A18
:106CD000134005E0424B1B689B025B08414A13408E
:106CE0001900F723D802E9F735FA030019003E4BE3
:106CF0001A68C0239B0413400ED03B4B1A68C02374
:106D00009B041A4080235B049A420BD1374B1A68CC
:106D100080239B03134005D1314B1B689B02344AEF
:106D2000134005E02E4B1B689B025B082D4A134065
:106D30004B43E318BB631A257C19BB6B180002F0A8
:106D400011FC030023707B191B78022B00D0F5E1A6
:106D5000254B1A68C0239B0413400ED0224B1A689F
:106D6000C0239B041A4080235B049A420BD11F4B23
:106D70001A6880239B03134005D1194B1B689B02A3
:106D80001B4A134005E0164B1B689B025B08154A23
:106D90001340F722D20219001000E9F761FA0B0044
:106DA000DB0AFA6B9A4200D1F2E00F4B1A68C0235B
:106DB0009B0413400ED00C4B1A68C0239B041A404E
:106DC00080235B049A4217D1084B1A6880239B03E7
:106DD000134011D1024B1B689B02054A134011E07E
:106DE000E075FF1F00FE07000075FF1F2020024016
:106DF00000FC0F0036310020CA4B1B689B025B0869
:106E0000C94A1340F722D20219001000E9F728FA04
:106E10000B00DB0A0433FA6B9A4200D1B8E0C34B93
:106E20001A68C0239B0413400ED0C04B1A68C023BD
:106E30009B041A4080235B049A420BD1BC4B1A6816
:106E400080239B03134005D1B64B1B689B02B94AB4
:106E5000134005E0B34B1B689B025B08B24A13402A
:106E6000F722D20219001000E9F7FAF90B00DB0A49
:106E7000FA6BD31A0733072213401C00AB4B1A6876
:106E8000C0239B0413400ED0A84B1A68C0239B0458
:106E90001A4080235B049A420BD1A54B1A688023C9
:106EA0009B03134005D19F4B1B689B02A14A1340D3
:106EB00005E09C4B1B689B025B089B4A1340F72232
:106EC000D20219001000E9F7CBF90B00DB0AE31836
:106ED0008022520294466344DC02944B1A68C02319
:106EE0009B0413400ED0914B1A68C0239B041A4098
:106EF00080235B049A420BD18D4B1A6880239B033D
:106F0000134005D1874B1B689B028A4A134005E05A
:106F1000844B1B689B025B08834A13401900F723CC
:106F2000D802E9F717F903001900804B1A68C0234B
:106F30009B0413400ED07D4B1A68C0239B041A405B
:106F400080235B049A420BD1794B1A6880239B0300
:106F5000134005D1734B1B689B02764A134005E032
:106F6000704B1B689B025B086F4A13404B43E3184E
:106F7000180002F0F7FA0300032B04D11B23FB18BF
:106F800000221A70BBE01B23FB1801221A70B6E026
:106F9000664B1A68C0239B0413400ED0634B1A68DB
:106FA000C0239B041A4080235B049A420BD1604BA0
:106FB0001A6880239B03134005D15A4B1B689B0220
:106FC0005C4A134005E0574B1B689B025B08564A1E
:106FD0001340F722D20219001000E9F741F90B0023
:106FE000DB0AFA6BD31A0133072213401C004F4B04
:106FF0001A68C0239B0413400ED04C4B1A68C02360
:107000009B041A4080235B049A420BD1484B1A68B8
:1070100080239B03134005D1424B1B689B02454ACA
:10702000134005E03F4B1B689B025B083E4A134040
:10703000F722D20219001000E9F712F90B00DB0A5F
:10704000E3188022520294466344DC02374B1A68EC
:10705000C0239B0413400ED0344B1A68C0239B04FA
:107060001A4080235B049A420BD1314B1A6880236B
:107070009B03134005D12B4B1B689B022D4A1340E9
:1070800005E0284B1B689B025B08274A1340190048
:10709000F723D802E9F75EF803001900234B1A68BA
:1070A000C0239B0413400ED0204B1A68C0239B04BE
:1070B0001A4080235B049A420BD11D4B1A6880232F
:1070C0009B03134005D1174B1B689B02194A1340C1
:1070D00005E0144B1B689B025B08134A13404B43AB
:1070E000E318180002F03EFA031E04D11B23FB181C
:1070F00000221A7003E01B23FB1801221A701B23C5
:10710000FB181B78002B20D13B6B002B07D1FB6BAE
:10711000DAB2094B1A703B6B01333B6315E00A236B
:1071200000F008FCE075FF1F00FE07000075FF1F60
:107130002020024000FC0F00363100201A23FB18EB
:107140001B78032B01D1FB6B7B62FB6B0133FB6371
:10715000CD4B1A68C0239B0413400ED0CA4B1A684B
:10716000C0239B041A4080235B049A420BD1C74B77
:107170001A6880239B03134005D1C54B1B689B02F3
:10718000C44A134005E0C24B1B689B025B08C24A1D
:107190001340F722D20219001000E9F761F80B0042
:1071A000DB0A0833FA6B9A4200D272E53B6B002B84
:1071B00000D06BE07B6ADCB2B34B1A68C0239B043F
:1071C00013400ED0B04B1A68C0239B041A40802392
:1071D0005B049A420BD1AD4B1A6880239B0313408A
:1071E00005D1AB4B1B689B02AA4A134005E0A84B94
:1071F0001B689B025B08A84A1340F722D2021900C1
:107200001000E9F72DF80B00DB0ADBB2E31ADBB262
:107210000133DBB207221340DCB29B4B1A68C02358
:107220009B0413400ED0984B1A68C0239B041A404D
:1072300080235B049A420BD1944B1A6880239B03F2
:10724000134005D1924B1B689B02924A134005E004
:107250008F4B1B689B025B088F4A1340F722D202B8
:1072600019001000E8F7FCFF0B00DB0ADBB2E318A3
:10727000DAB28A4B1A70894B1B780221180001F090
:10728000BFFF031E02D0022300F054FB844B0022F8
:107290001A80844B20221A6020237B636DE07F4B91
:1072A0001B788022520294466344DC02764B1A68B3
:1072B000C0239B0413400ED0734B1A68C0239B0459
:1072C0001A4080235B049A420BD1704B1A688023CA
:1072D0009B03134005D16E4B1B689B026D4A134004
:1072E00005E06B4B1B689B025B086B4A134019005F
:1072F000F723D802E8F72EFF03001900624B1A6843
:10730000C0239B0413400ED05F4B1A68C0239B041C
:107310001A4080235B049A420BD15C4B1A6880238D
:107320009B03134005D15A4B1B689B02594A1340DB
:1073300005E0574B1B689B025B08574A13404B43C1
:10734000E2187B6BD3181A685B683A617B613B6912
:10735000013303D17B69013300D113E0504B1B880B
:1073600001339AB24E4B1A804E4B1B6808331A00F9
:107370004C4B1A607B6B08337B637A6B80231B0159
:107380009A428CD3454B1B78FB63444B1B783B6282
:10739000D0E03D4B1A68C0239B0413400ED03A4BFB
:1073A0001A68C0239B041A4080235B049A420BD1C5
:1073B000364B1A6880239B03134005D1344B1B685E
:1073C0009B02344A134005E0314B1B689B025B086B
:1073D000314A1340F722D20219001000E8F740FFAB
:1073E0000B00DB0AFA6BD31A0733072213401C0089
:1073F000254B1A68C0239B0413400ED0224B1A68F9
:10740000C0239B041A4080235B049A420BD11F4B7C
:107410001A6880239B03134005D11D4B1B689B02F8
:107420001C4A134005E01A4B1B689B025B081A4A72
:107430001340F722D20219001000E8F711FF0B00E9
:10744000DB0AE318FB63FB6B802252029446634421
:10745000DC020D4B1A68C0239B0413400ED00A4B6C
:107460001A68C0239B041A4080235B049A421BD1F4
:10747000064B1A6880239B03134015D1044B1B68ED
:107480009B02044A134015E00075FF1F20200240B4
:10749000E075FF1F00FC0F0000FE070036310020E2
:1074A0003431002000020020C44B1B689B025B08A3
:1074B000C34A13401900F723D802E8F74BFE030034
:1074C0001900C04B1A68C0239B0413400ED0BD4B5B
:1074D0001A68C0239B041A4080235B049A420BD194
:1074E000B94B1A6880239B03134005D1B34B1B682B
:1074F0009B02B64A134005E0B04B1B689B025B0839
:10750000AF4A13404B43E3181A257C19180002F0C8
:1075100029F8030023707B191B78032B08D1AC4B8F
:107520001B88FC339AB2AA4B1A80FB6B3B6201E0CA
:107530000A23FFE1A34B1A68C0239B0413400ED01B
:10754000A04B1A68C0239B041A4080235B049A4214
:107550000BD19D4B1A6880239B03134005D1974B99
:107560001B689B02994A134005E0944B1B689B02E1
:107570005B08934A1340F722D20219001000E8F783
:107580006FFE0B00DB0AFA6B9A422DD08D4B1A6806
:10759000C0239B0413400ED08A4B1A68C0239B045F
:1075A0001A4080235B049A420BD1874B1A688023D0
:1075B0009B03134005D1814B1B689B02834A1340F8
:1075C00005E07E4B1B689B025B087D4A1340F72257
:1075D000D20219001000E8F743FE0B00DB0A043367
:1075E000FA6B9A4200D0D4E67A4B1B781C00754B9C
:1075F0001A68C0239B0413400ED0724B1A68C02334
:107600009B041A4080235B049A420BD16E4B1A688C
:1076100080239B03134005D1684B1B689B026B4A78
:10762000134005E0654B1B689B025B08644A1340EE
:10763000F722D20219001000E8F712FE0B00DB0A55
:10764000E31A0133072213401C005E4B1A68C02363
:107650009B0413400ED05B4B1A68C0239B041A4056
:1076600080235B049A420BD1574B1A6880239B03FB
:10767000134005D1514B1B689B02544A134005E04F
:107680004E4B1B689B025B084D4A1340F722D20207
:1076900019001000E8F7E4FD0B00DB0AE318FB63B8
:1076A000FB6B8022520294466344DC02454B1A680D
:1076B000C0239B0413400ED0424B1A68C0239B0486
:1076C0001A4080235B049A420BD13F4B1A688023F7
:1076D0009B03134005D1394B1B689B023B4A134067
:1076E00005E0364B1B689B025B08354A13401900C6
:1076F000F723D802E8F72EFD03001900314B1A6872
:10770000C0239B0413400ED02E4B1A68C0239B0449
:107710001A4080235B049A420BD12B4B1A688023BA
:107720009B03134005D1254B1B689B02274A13403E
:1077300005E0224B1B689B025B08214A13404B4328
:10774000E318BB63D9E0FB1D1B78002B08D1FB6B52
:107750000121180001F0A6FF031E14D00123E9E067
:1077600080231A01BB6B1100180000F0B4FD030068
:10777000102B08D1FB6B0121180001F093FF031EB1
:1077800001D00123D6E00F4B1A68C0239B0413409D
:107790000ED00C4B1A68C0239B041A4080235B0454
:1077A0009A4219D1084B1A6880239B03134013D1C6
:1077B000024B1B689B02054A134013E0E075FF1F54
:1077C00000FE07000075FF1F2020024000FC0F0094
:1077D0003431002036310020584B1B689B025B0877
:1077E000574A1340F722D20219001000E8F738FD7B
:1077F0000B00DB0AFA6BD31A0133072213401C007B
:10780000504B1A68C0239B0413400ED04D4B1A688E
:10781000C0239B041A4080235B049A420BD14A4B3D
:107820001A6880239B03134005D1444B1B689B02BD
:10783000464A134005E0414B1B689B025B08404AE7
:107840001340F722D20219001000E8F709FD0B00DF
:10785000DB0AE318FB63FB6B80225202944663440D
:10786000DC02384B1A68C0239B0413400ED0354B02
:107870001A68C0239B041A4080235B049A420BD1F0
:10788000314B1A6880239B03134005D12B4B1B6897
:107890009B022E4A134005E0284B1B689B025B08A5
:1078A000274A13401900F723D802E8F753FC0300D6
:1078B0001900244B1A68C0239B0413400ED0214B9F
:1078C0001A68C0239B041A4080235B049A420BD1A0
:1078D0001D4B1A6880239B03134005D1174B1B686F
:1078E0009B021A4A134005E0144B1B689B025B087D
:1078F000134A13404B43E318BB63FA6B3B6A9A424B
:1079000000D020E701F05EFFFB69002B11D10E25AE
:107910007C190021002001F09DFB030023807B19CE
:107920001B88002B05D07B191B88122B01D002234A
:1079300000E000231800BD4610B0B0BDE075FF1F89
:1079400000FE07000075FF1F2020024000FC0F0012
:1079500090B585B000AF0200FB1D1A700023FB60DC
:1079600001F07EFF031E01D00E2331E19A4B1A680D
:10797000C0239B0413400ED0974B1A68C0239B046E
:107980001A4080235B049A420BD1944B1A688023DF
:107990009B03134005D1924B1B689B02914A1340F5
:1079A00005E08F4B1B689B025B088F4A1340F72250
:1079B000D20219001000E8F753FC0B00DB0AFB6051
:1079C00072E0FB1D1B78002B08D1FB680121180019
:1079D00001F068FE031E64D00123F9E0FB688022F9
:1079E000520294466344DC027B4B1A68C0239B041A
:1079F00013400ED0784B1A68C0239B041A40802392
:107A00005B049A420BD1754B1A6880239B03134089
:107A100005D1734B1B689B02724A134005E0704B03
:107A20001B689B025B08704A13401900F723D802B9
:107A3000E8F790FB03001900674B1A68C0239B040A
:107A400013400ED0644B1A68C0239B041A40802355
:107A50005B049A420BD1614B1A6880239B0313404D
:107A600005D15F4B1B689B025E4A134005E05C4BEF
:107A70001B689B025B085C4A13404B43E31880225F
:107A800012011100180000F026FC0300102B08D191
:107A9000FB680121180001F005FE031E01D001233F
:107AA00096E0FB680133FB604B4B1A68C0239B04D4
:107AB00013400ED0484B1A68C0239B041A40802301
:107AC0005B049A420BD1454B1A6880239B031340F9
:107AD00005D1434B1B689B02424A134005E0404BD3
:107AE0001B689B025B08404A1340F722D202190030
:107AF0001000E8F7B5FB0B00DB0A0833FA689A427E
:107B000000D25EE701F05EFE334B1A68C0239B048F
:107B100013400ED0304B1A68C0239B041A408023B8
:107B20005B049A420BD12D4B1A6880239B031340B0
:107B300005D12B4B1B689B022A4A134005E0284BBA
:107B40001B689B025B08284A1340F722D2021900E7
:107B50001000E8F785FB0B00DB0A0221180001F09A
:107B60004FFB031E01D0022332E0204B00221A807B
:107B7000194B1A68C0239B0413400ED0164B1A6889
:107B8000C0239B041A4080235B049A420BD1134B01
:107B90001A6880239B03134005D1114B1B689B027D
:107BA000104A134005E00E4B1B689B025B080E4A0F
:107BB0001340F722D20219001000E8F751FB0B0026
:107BC000DB0ADAB20A4B1A700A4B20221A60002331
:107BD0001800BD4605B090BD0075FF1F2020024073
:107BE000E075FF1F00FC0F0000FE0700343100208D
:107BF0003631002000020020B0B584B000AF020092
:107C00003960BB1D1A80BB1D1B88002B1CD0BB1DFF
:107C10001B88104A934217D00023BB600E257B19A6
:107C200000221A807C190823FA18BB1D1B8811003A
:107C3000180000F087F903002380BB689AB23B6804
:107C40001A807B191B8800E008231800BD4604B089
:107C5000B0BDC046FFFF000080B582B000AF02009B
:107C6000BB1D1A803B1D0A1C1A80BB1D1B88002BE4
:107C70000ED0BB1D1B88094A934209D03B1D1A88B0
:107C8000BB1D1B881100180000F0FCFA030000E087
:107C900008231800BD4602B080BDC046FFFF0000AB
:107CA00090B587B000AF00237B6100233B610023C8
:107CB000FB600023BB60FB1D05221A70BB1D052263
:107CC0001A709B4B1A68C0239B0413400ED0984B2C
:107CD0001A68C0239B041A4080235B049A420BD18C
:107CE000944B1A6880239B03134005D1924B1B6869
:107CF0009B02924A134005E08F4B1B689B025B0876
:107D00008F4A1340F722D20219001000E8F7A8FAB0
:107D10000B00DB0A7B61D8E07B698022520294462B
:107D20006344DC02824B1A68C0239B0413400ED0CC
:107D30007F4B1A68C0239B041A4080235B049A423D
:107D40000BD17C4B1A6880239B03134005D17A4BDF
:107D50001B689B02794A134005E0774B1B689B0226
:107D60005B08774A13401900F723D802E8F7F2F9C5
:107D7000030019006E4B1A68C0239B0413400ED0F9
:107D80006B4B1A68C0239B041A4080235B049A4201
:107D90000BD1684B1A6880239B03134005D1664BB7
:107DA0001B689B02654A134005E0634B1B689B02FE
:107DB0005B08634A13404B43E318FB60FC1DFB6800
:107DC000180001F0CFFB03002370FB1D1B78042B70
:107DD00000D077E07B6901333B6161E03B69802241
:107DE000520294466344DC02514B1A68C0239B0440
:107DF00013400ED04E4B1A68C0239B041A408023B8
:107E00005B049A420BD14B4B1A6880239B031340AF
:107E100005D1494B1B689B02484A134005E0464B7D
:107E20001B689B025B08464A13401900F723D802DF
:107E3000E8F790F9030019003D4B1A68C0239B0432
:107E400013400ED03A4B1A68C0239B041A4080237B
:107E50005B049A420BD1374B1A6880239B03134073
:107E600005D1354B1B689B02344A134005E0324B69
:107E70001B689B025B08324A13404B43E318BB600C
:107E8000BC1DBB68180001F06DFB03002370BB1D17
:107E90001B78042B01D0052346E03B6901333B618D
:107EA0007B6904333A699A4298D37B6904211800AC
:107EB00001F0F8FB031E01D0012335E001F082FC44
:107EC000002331E07B6904337B61194B1A68C023BE
:107ED0009B0413400ED0164B1A68C0239B041A4013
:107EE00080235B049A420BD1124B1A6880239B03B8
:107EF000134005D1104B1B689B02104A134005E04C
:107F00000D4B1B689B025B080D4A1340F722D202FF
:107F100019001000E8F7A4F90B00DB0A08337A69AE
:107F20009A4200D2F8E605231800BD4607B090BD7E
:107F30000075FF1F20200240E075FF1F00FC0F00AE
:107F400000FE0700F0B58FB000AF020039611623C4
:107F5000FB181A80002200233A627B6200237B63B5
:107F600000233B630023FB620023FB611B231022E1
:107F70009B18DB1905221A70002000F0D3F90300CA
:107F80007B637B6B013301D103236CE17B6B80222C
:107F9000520294466344DE02B54B1A68C0239B0428
:107FA00013400ED0B24B1A68C0239B041A408023A2
:107FB0005B049A420BD1AF4B1A6880239B0313409A
:107FC00005D1AD4B1B689B02AC4A134005E0AA4BA0
:107FD0001B689B025B08AA4A13401900F723D802CA
:107FE000E8F7B8F803001900A14B1A68C0239B04F6
:107FF00013400ED09E4B1A68C0239B041A40802366
:108000005B049A420BD19B4B1A6880239B0313405D
:1080100005D1994B1B689B02984A134005E0964B8B
:108020001B689B025B08964A13404B43F3183B6363
:108030001B2310229B18DE193B6B180001F092FAEB
:1080400003003370FAE0FF23DB00FB623DE03A6B94
:10805000FB6AD3181A685B683A627B623B6A013339
:1080600002D17B6A01332DD03A6A7B6A131C9BB222
:108070001622BA1812889A4224D17B6A1B00BB6070
:108080000023FB60B8683A6A7B6A131C9BB2190034
:1080900001F0D2FA0300FB617B6A1B043A6A140CFC
:1080A0001C437B6A1D0CA3B21A00FB69934209D1E1
:1080B0007B6A1B003B6000237B603A683B691A6067
:1080C0000023D0E0FB6A083BFB62FB6A1F2BBED893
:1080D000674B1A68C0239B0413400ED0644B1A6888
:1080E000C0239B041A4080235B049A420BD1614B4E
:1080F0001A6880239B03134005D15F4B1B689B02CA
:108100005E4A134005E05C4B1B689B025B085C4ABF
:108110001340F722D20219001000E8F7A1F80B0073
:10812000DB0A7A6BD31A0733072213401E00504B29
:108130001A68C0239B0413400ED04D4B1A68C0230D
:108140009B041A4080235B049A420BD1494B1A6866
:1081500080239B03134005D1474B1B689B02474A72
:10816000134005E0444B1B689B025B08444A1340E4
:10817000F722D20219001000E8F772F80B00DB0AB0
:10818000F3187B637B6B8022520294466344DE02C9
:10819000374B1A68C0239B0413400ED0344B1A6827
:1081A000C0239B041A4080235B049A420BD1314BBD
:1081B0001A6880239B03134005D12F4B1B689B0239
:1081C0002E4A134005E02C4B1B689B025B082C4A8F
:1081D00013401900F723D802E7F7BCFF030019008A
:1081E000234B1A68C0239B0413400ED0204B1A68FF
:1081F000C0239B041A4080235B049A420BD11D4B81
:108200001A6880239B03134005D11B4B1B689B02FC
:108210001A4A134005E0184B1B689B025B08184A7A
:1082200013404B43F3183B631B2310229B18DE19AA
:108230003B6B180001F096F9030033701B221021EC
:108240005318DB191B78022B00D1FCE65318DB19FD
:108250001B78032B00D1F6E65318DB191B78042B8F
:1082600000D1F0E607231800BD460FB0F0BDC046B0
:108270000075FF1F20200240E075FF1F00FC0F006B
:1082800000FE0700B0B584B000AF02003960BB1D2E
:108290001A800E257B1900221A807C193A68BB1DB2
:1082A0001B881100180000F0D5FE030023807B1905
:1082B0001B88122B08D13968BB1D1B8800221800AF
:1082C00000F052FA030002E00E23FB181B8818008E
:1082D000BD4604B0B0BD80B584B000AF78603960F1
:1082E0000E23FB1811221A800023BB600FE07A686E
:1082F000BB68D3181A685B68511C01D1013303D0E5
:108300000E23FB1810221A80BB680833BB60BA68C2
:108310003B689A42EBD30E23FB181B881800BD461E
:1083200004B080BD90B587B000AF0200FB1D1A708D
:108330001723FB1805221A701623FB1805221A7042
:1083400000233B610023FB600023BB60CB4B1B7809
:108350003B613B698022520294466344DC02C84B75
:108360001A68C0239B0413400ED0C54B1A68C02363
:108370009B041A4080235B049A420BD1C14B1A68BC
:1083800080239B03134005D1BF4B1B689B02BF4A50
:10839000134005E0BC4B1B689B025B08BC4A1340C2
:1083A0001900F723D802E7F7D5FE03001900B44BF4
:1083B0001A68C0239B0413400ED0B14B1A68C02327
:1083C0009B041A4080235B049A420BD1AD4B1A6880
:1083D00080239B03134005D1AB4B1B689B02AB4A28
:1083E000134005E0A84B1B689B025B08A84A13409A
:1083F0004B43E3181722BC18180001F0B3F8030030
:1084000023709F4B1A68C0239B0413400ED09C4BD3
:108410001A68C0239B041A4080235B049A420BD144
:10842000984B1A6880239B03134005D1964B1B6819
:108430009B02964A134005E0934B1B689B025B0826
:10844000934A1340F722D20219001000E7F708FF01
:108450000B00DB0A3A69D31A0133072213401C00D0
:10846000874B1A68C0239B0413400ED0844B1A68B4
:10847000C0239B041A4080235B049A420BD1814B9A
:108480001A6880239B03134005D17F4B1B689B0216
:108490007E4A134005E07C4B1B689B025B087C4ACC
:1084A0001340F722D20219001000E7F7D9FE0B00A3
:1084B000DB0AE318FB60FB688022520294466344A7
:1084C000DC026F4B1A68C0239B0413400ED06C4B28
:1084D0001A68C0239B041A4080235B049A420BD184
:1084E000684B1A6880239B03134005D1664B1B68B9
:1084F0009B02664A134005E0634B1B689B025B08C6
:10850000634A13401900F723D802E7F723FE03005C
:1085100019005B4B1A68C0239B0413400ED0584BC4
:108520001A68C0239B041A4080235B049A420BD133
:10853000544B1A6880239B03134005D1524B1B6890
:108540009B02524A134005E04F4B1B689B025B089D
:108550004F4A13404B43E3181622BC18180001F091
:1085600001F803002370464B1A68C0239B04134094
:108570000ED0434B1A68C0239B041A4080235B042F
:108580009A420BD13F4B1A6880239B03134005D1BD
:108590003D4B1B689B023D4A134005E03A4B1B686C
:1085A0009B025B083A4A1340F722D20219001000DE
:1085B000E7F756FE0B00DB0A3A69D31A07330722A6
:1085C00013401C002E4B1A68C0239B0413400ED08E
:1085D0002B4B1A68C0239B041A4080235B049A42E9
:1085E0000BD1284B1A6880239B03134005D1264BDF
:1085F0001B689B02254A134005E0234B1B689B0226
:108600005B08234A1340F722D20219001000E7F753
:1086100027FE0B00DB0AE318BB60FB1D1B78022B57
:1086200000D18EE000DD96E0002B00D178E0012B38
:1086300000D090E01723FB181B78022B3BD1154B81
:108640001A6880231B019A4201D23B6985E01623F8
:10865000FB181B78042B06D1FFF722FB031E02D068
:1086600001235B4279E03B690321180000F0C8FD5B
:10867000031E11D001235B426FE0C046363100205B
:108680000075FF1F20200240E075FF1F00FC0F0057
:1086900000FE070000020020FB680221180000F025
:1086A000AFFD031E02D001235B4256E02D4B20227A
:1086B0001A60FB6851E01723FB181B78012B2CD1A3
:1086C000284B1A6880231B019A4201D23B6944E07F
:1086D0001623FB181B78042B06D1FFF7E1FA031EC3
:1086E00002D001235B4238E03B690321180000F00F
:1086F00087FD031E02D001235B422EE0FB680121AF
:10870000180000F07DFD031E02D001235B4224E02F
:10871000144B20221A60FB681FE001235B421CE01F
:108720001723FB181B78022B01D13B6915E0172397
:10873000FB181B78012B01D1BB680EE001235B42C3
:108740000BE01623FB181B78002B01D1FB6804E01B
:1087500001235B4201E001235B421800BD4607B0E4
:1087600090BDC04600020020B0B58AB000AF3960AD
:108770001100BB1D021C1A807B1D0A1C1A702723C6
:10878000FB1805221A700023BB6100233B62002303
:10879000FB61002200233A617B610E23FB1800225B
:1087A0001A800023BB607B1D1B78002B01D10223A4
:1087B00000E001231800FFF7B5FD03003B623B6AB0
:1087C000013302D1042300F032FCCC4B00221A808A
:1087D0003B6ADAB2CA4B1A70CA4B20221A607B1D60
:1087E0001B78002B09D13B6A0121180000F008FD1D
:1087F000031E02D0022300F01AFCC34B1A68C023E8
:108800009B0413400ED0C04B1A68C0239B041A402F
:1088100080235B049A420BD1BC4B1A6880239B03D4
:10882000134005D1BA4B1B689B02BA4A134005E0BE
:10883000B74B1B689B025B08B74A1340F722D20272
:1088400019001000E7F70CFD0B00DB0A3A6AD31A97
:108850000733072213401C00AB4B1A68C0239B044C
:1088600013400ED0A84B1A68C0239B041A408023E3
:108870005B049A420BD1A54B1A6880239B031340DB
:1088800005D1A34B1B689B02A24A134005E0A04BF5
:108890001B689B025B08A04A1340F722D202190012
:1088A0001000E7F7DDFC0B00DB0AE3183B623B6AD4
:1088B0008022520294466344DC02934B1A68C02320
:1088C0009B0413400ED0904B1A68C0239B041A409F
:1088D00080235B049A420BD18C4B1A6880239B0344
:1088E000134005D18A4B1B689B028A4A134005E05E
:1088F000874B1B689B025B08874A13401900F723CC
:10890000D802E7F727FC030019007F4B1A68C02341
:108910009B0413400ED07C4B1A68C0239B041A4062
:1089200080235B049A420BD1784B1A6880239B0307
:10893000134005D1764B1B689B02764A134005E035
:10894000734B1B689B025B08734A13404B43E3184D
:10895000BB6127257C19BB69180000F003FE0300EA
:1089600023707B191B78022B04D07B191B78042BF6
:1089700000D0A1E12723FB181B78022B09D13B6A09
:108980000421180000F03CFC031E02D0022300F07A
:108990004EFB5D4B1A68C0239B0413400ED05A4B0C
:1089A0001A68C0239B041A4080235B049A420BD1AF
:1089B000564B1A6880239B03134005D1544B1B6808
:1089C0009B02544A134005E0514B1B689B025B0815
:1089D000514A1340F722D20219001000E7F740FC79
:1089E0000B00DB0A3A6AD31A0733072213401C0034
:1089F000454B1A68C0239B0413400ED0424B1A68A3
:108A0000C0239B041A4080235B049A420BD13F4B46
:108A10001A6880239B03134005D13D4B1B689B02C2
:108A20003C4A134005E03A4B1B689B025B083A4AFC
:108A30001340F722D20219001000E7F711FC0B00D7
:108A4000DB0AE3183B623B6A80225202944663448D
:108A5000DC022D4B1A68C0239B0413400ED02A4B16
:108A60001A68C0239B041A4080235B049A420BD1EE
:108A7000264B1A6880239B03134005D1244B1B68A7
:108A80009B02244A134005E0214B1B689B025B08B4
:108A9000214A13401900F723D802E7F75BFB0300D4
:108AA0001900194B1A68C0239B0413400ED0164BB3
:108AB0001A68C0239B041A4080235B049A420BD19E
:108AC000124B1A6880239B03134005D1104B1B687F
:108AD0009B02104A134005E00D4B1B689B025B088C
:108AE0000D4A13404B43E318BB612723FC18BB69B5
:108AF000180000F037FD03002370D1E0343100206E
:108B000036310020000200200075FF1F20200240A7
:108B1000E075FF1F00FC0F0000FE07002723FB1875
:108B20001B78032B08D13B6A0421180000F068FB76
:108B3000031E01D002237AE2CA4B1A68C0239B04A9
:108B400013400ED0C74B1A68C0239B041A408023E1
:108B50005B049A420BD1C44B1A6880239B031340D9
:108B600005D1C24B1B689B02C14A134005E0BF4BB5
:108B70001B689B025B08BF4A1340F722D202190010
:108B80001000E7F76DFB0B00DB0A3A6AD31A0733D4
:108B9000072213401C00B34B1A68C0239B041340E8
:108BA0000ED0B04B1A68C0239B041A4080235B048C
:108BB0009A420BD1AC4B1A6880239B03134005D11A
:108BC000AA4B1B689B02AA4A134005E0A74B1B68EF
:108BD0009B025B08A74A1340F722D202190010003B
:108BE000E7F73EFB0B00DB0AE3183B623B6A80229F
:108BF000520294466344DC029A4B1A68C0239B04D9
:108C000013400ED0974B1A68C0239B041A40802350
:108C10005B049A420BD1944B1A6880239B03134048
:108C200005D1924B1B689B02914A134005E08F4B84
:108C30001B689B025B088F4A13401900F723D80278
:108C4000E7F788FA03001900864B1A68C0239B04D3
:108C500013400ED0834B1A68C0239B041A40802314
:108C60005B049A420BD1804B1A6880239B0313400C
:108C700005D17E4B1B689B027D4A134005E07B4B70
:108C80001B689B025B087B4A13404B43E318BB61A4
:108C90002723FC18BB69180000F064FC0300237054
:108CA0002722BB181B78032B00D137E7BB181B7892
:108CB000042B00D132E70AE07B1D1B78012B04D185
:108CC0002723FB181B78032B01D00A23AFE17B1D60
:108CD0001B78012B00D050E12023FB616DE0664B37
:108CE0001B788022520294466344DC025D4B1A6872
:108CF000C0239B0413400ED05A4B1A68C0239B0418
:108D00001A4080235B049A420BD1574B1A68802388
:108D10009B03134005D1554B1B689B02544A1340DB
:108D200005E0524B1B689B025B08524A1340190036
:108D3000F723D802E7F70EFA03001900494B1A6827
:108D4000C0239B0413400ED0464B1A68C0239B04DB
:108D50001A4080235B049A420BD1434B1A6880234C
:108D60009B03134005D1414B1B689B02404A1340B3
:108D700005E03E4B1B689B025B083E4A13404B4399
:108D8000E218FB69D3181A685B683A617B613B693A
:108D9000013303D17B69013300D113E0374B1B88CA
:108DA00001339AB2354B1A80354B1B6808331A00D1
:108DB000334B1A60FB690833FB61FA6980231B019E
:108DC0009A428CD32C4B1B783B620023FB61CEE094
:108DD000244B1A68C0239B0413400ED0214B1A6801
:108DE000C0239B041A4080235B049A420BD11E4B84
:108DF0001A6880239B03134005D11C4B1B689B0200
:108E00001B4A134005E0194B1B689B025B08194A7B
:108E10001340F722D20219001000E7F721FA0B00E5
:108E2000DB0A3A6AD31A0733072213401C000D4BA2
:108E30001A68C0239B0413400ED00A4B1A68C02343
:108E40009B041A4080235B049A421BD1064B1A688C
:108E500080239B03134015D1044B1B689B02044ADB
:108E6000134015E00075FF1F20200240E075FF1F32
:108E700000FC0F0000FE07003631002034310020D6
:108E8000000200206C4B1B689B025B086B4A13407E
:108E9000F722D20219001000E7F7E2F90B00DB0A13
:108EA000E3183B623B6A8022520294466344DC0230
:108EB000634B1A68C0239B0413400ED0604B1A68A2
:108EC000C0239B041A4080235B049A420BD15D4B64
:108ED0001A6880239B03134005D1574B1B689B02E4
:108EE000594A134005E0544B1B689B025B08534AE8
:108EF00013401900F723D802E7F72CF903001900F3
:108F00004F4B1A68C0239B0413400ED04C4B1A6879
:108F1000C0239B041A4080235B049A420BD1494B27
:108F20001A6880239B03134005D1434B1B689B02A7
:108F3000454A134005E0404B1B689B025B083F4AD3
:108F400013404B43E31827257C19180000F00AFB57
:108F5000030023707B191B78032B0DD13B4B1B881F
:108F6000FC339AB2394B1A80FB690133FB61FB6910
:108F7000072B00D82CE700E0C0463A68BB1D1B88D1
:108F80001100180000F066F8031E01D002234EE025
:108F90002E4B1B88022B03D92C4B1B88023B00E075
:108FA0000123FB6132E0BB1D1B88FA699A422AD07B
:108FB000FB699BB20E257C190822BA181100180013
:108FC000FEF7C0FF0300238029007B181B88002BBD
:108FD00011D1FB699BB2BA680D007C181100180012
:108FE00000F038F8030023807B191B88002B0AD07F
:108FF0007B191B881BE00E22BB181B88072B02D095
:10900000BB181B8813E0FB690133FB61FA69FA2383
:109010009B009A42C7D90E4B1B780221180000F022
:10902000EFF8031E01D0022301E080235B0018004B
:10903000BD460AB0B0BDC046E075FF1F00FE070088
:109040000075FF1F2020024000FC0F00343100207B
:1090500036310020F0B591B000AF0300B9622E2286
:10906000BA1813800023FB635E4B1A88FC239B0015
:109070009A4201D31223B1E00120FFF753F9030014
:10908000BB6300237B63BB6B013301D10323A5E0EA
:10909000BB6B8022520294466344DE02524B1A6834
:1090A000C0239B0413400ED04F4B1A68C0239B046F
:1090B0001A4080235B049A420BD14C4B1A688023E0
:1090C0009B03134005D14A4B1B689A02494B13403E
:1090D00005E0474B1B689B025A08474B1340190099
:1090E000F723D802E7F736F8030019003E4B1A6859
:1090F000C0239B0413400ED03B4B1A68C0239B0433
:109100001A4080235B049A420BD1384B1A688023A3
:109110009B03134005D1364B1B689A02354B134015
:1091200005E0334B1B689B025A08334B13404B43FB
:10913000F3187B63BB6A002B07D12E23FB181B8817
:10914000002B02D10023FB6309E02E23FB181A88B1
:10915000BB6A1100180000F06FFA0300FB63274B95
:109160001A687B6BD118BB6ABB610023FB61BB69CA
:109170001B007B6200233B62FB6B1B043B610023F3
:109180007B61386A3A697B69160030430400786A6B
:10919000184305002E23FB181B889BB2BB600023DD
:1091A000FB60BA68FB681000204338602B437B608B
:1091B0003A687B68080000F063FA031E01D00223BE
:1091C0000CE00E4B1B6808331A000C4B1A60054B61
:1091D0001B8801339AB2034B1A8000231800BD4646
:1091E00011B0F0BD343100200075FF1F2020024077
:1091F000E075FF1F00FC0F0000FE070000020020CA
:1092000090B587B000AF78600A00FB1C1A7000238D
:109210007B6100233B610023FB600023BB607B6814
:109220008022520294466344DC02C44B1A68C02375
:109230009B0413400ED0C14B1A68C0239B041A40F4
:1092400080235B049A420BD1BD4B1A6880239B0399
:10925000134005D1BB4B1B689B02BB4A134005E082
:10926000B84B1B689B025B08B84A13401900F723F0
:10927000D802E6F76FFF03001900B04B1A68C0234D
:109280009B0413400ED0AD4B1A68C0239B041A40B8
:1092900080235B049A420BD1A94B1A6880239B035D
:1092A000134005D1A74B1B689B02A74A134005E05A
:1092B000A44B1B689B025B08A44A13404B43E31872
:1092C0007B617B688022520294466344DC029B4BA4
:1092D0001A68C0239B0413400ED0984B1A68C02311
:1092E0009B041A4080235B049A420BD1944B1A686A
:1092F00080239B03134005D1924B1B689B02924A2B
:10930000134005E08F4B1B689B025B088F4A13409C
:109310001900F723D802E6F71DFF03001900874B59
:109320001A68C0239B0413400ED0844B1A68C023D4
:109330009B041A4080235B049A420BD1804B1A682D
:1093400080239B03134005D17E4B1B689B027E4A02
:10935000134005E07B4B1B689B025B087B4A134074
:109360004B43E31808333B617B68802252029446EA
:109370006344DC02714B1A68C0239B0413400ED077
:109380006E4B1A68C0239B041A4080235B049A42E8
:109390000BD16B4B1A6880239B03134005D1694B9B
:1093A0001B689B02684A134005E0664B1B689B02E2
:1093B0005B08664A13401900F723D802E6F7CAFE95
:1093C000030019005D4B1A68C0239B0413400ED0A4
:1093D0005A4B1A68C0239B041A4080235B049A42AC
:1093E0000BD1574B1A6880239B03134005D1554B73
:1093F0001B689B02544A134005E0524B1B689B02BA
:109400005B08524A13404B43E3181033FB607B6800
:109410008022520294466344DC02484B1A68C023FF
:109420009B0413400ED0454B1A68C0239B041A407E
:1094300080235B049A420BD1414B1A6880239B0323
:10944000134005D13F4B1B689B023F4A134005E088
:109450003C4B1B689B025B083C4A13401900F723F6
:10946000D802E6F777FE03001900344B1A68C023D0
:109470009B0413400ED0314B1A68C0239B041A4042
:1094800080235B049A420BD12D4B1A6880239B03E7
:10949000134005D12B4B1B689B022B4A134005E060
:1094A000284B1B689B025B08284A13404B43E31878
:1094B0001833BB60FB1C1B78042B30D039DC032B2A
:1094C00023D036DC012B02D0022B0FD031E0204A12
:1094D0001F4B7969080000F0D3F8031E01D0022366
:1094E0003CE07B68DAB21B4B1A7036E0184A184B26
:1094F0003969080000F0C4F8031E01D002232DE0F2
:109500007B68DAB2134B1A7027E0114A104BF968E6
:10951000080000F0B5F8031E0DD002231EE00C4A2F
:109520000B4BB968080000F0ABF8031E14D00223FF
:1095300014E0C04611E0C0460FE0C0460075FF1FB2
:1095400020200240E075FF1F00FC0F0000FE070016
:10955000AAAAAAAA36310020C04600231800BD4698
:1095600007B090BD80B58AB000AF786000220023BC
:109570003A627B6200220023BA61FB610022002371
:109580003A617B6100220023BA60FB607B681A6845
:109590005B683A627B627B6808331A685B68BA6111
:1095A000FB617B6810331A685B683A617B617B689A
:1095B00018331A685B68BA60FB60BB68013302D17C
:1095C000FB68013301D0042318E03B69013302D169
:1095D0007B69013301D0032310E0BB69013302D161
:1095E000FB69013301D0022308E03B6A013302D159
:1095F0007B6A013301D0012300E000231800BD463F
:109600000AB080BD80B500AF80235B011800FCF775
:109610004FFD074A074B11001800FCF715FD054BDD
:1096200008211800FCF7FEFCC046BD4680BDC046C0
:10963000058000000030024080B582B000AF786045
:109640000A00BB1C1A800D4B1800FCF7DDFC7B6880
:109650000A4A19001000FCF703FDBB1C1B88074ACF
:1096600019001000FCF708FD044B1800FCF715FD6D
:1096700003001800BD4602B080BDC0460030024065
:1096800080B584B000AFF8603A607B603A687B6870
:10969000F968012005F04EFA03001800BD4604B039
:1096A00080BD000090B58BB000AF78600A00BB1C95
:1096B0001A802623FB1800221A800023FB607B6897
:1096C0008022520294466344DC02394B1A68C0235C
:1096D0009B0413400ED0364B1A68C0239B041A40DB
:1096E00080235B049A420BD1324B1A6880239B0380
:1096F000134005D1304B1B689B02304A134005E0F4
:109700002D4B1B689B025B082D4A13401900F72361
:10971000D802E6F71FFD03001900254B1A68C02385
:109720009B0413400ED0224B1A68C0239B041A409E
:1097300080235B049A420BD11E4B1A6880239B0343
:10974000134005D11C4B1B689B021C4A134005E0CB
:10975000194B1B689B025B08194A13404B43E318E3
:10976000180000F035F803003B6210217B183A6ABC
:109770005A607B1802221A60BB1C1A887B18DA60B8
:109780007B187A689A600C23FA187B18110018006D
:1097900005F0D2FA031E03D02623FB1801221A80FB
:1097A0002623FB181B881800BD460BB090BDC04691
:1097B0000075FF1F20200240E075FF1F00FC0F0016
:1097C00000FE070080B500AFC046BD4680BD00006A
:1097D00080B584B000AF78600023FB601B4B1A6833
:1097E000C0239B0413400ED0184B1A68C0239B045F
:1097F0001A4080235B049A420FD1154B1A688023CC
:109800009B03134009D1134B1B689B02124A134060
:10981000802212059446634409E00E4B1B689B02AC
:109820005B080E4A134080221205944663447A680E
:10983000934202D90423FB6002E080231B02FB60F9
:10984000FB681800BD4604B080BDC0460075FF1F10
:1098500020200240E075FF1F00FC0F0000FE070003
:1098600080B582B000AFBB1D00221A80BB1D1B88D3
:109870001800BD4602B080BD80B582B000AFEFF3E6
:1098800005837B607B685A1E9341DBB21800BD469E
:1098900002B080BD80B500AF01F0A2FD002318002A
:1098A000BD4680BD80B584B000AF78607B68FB604A
:1098B000FB68002B01D0FB6800E00123180001F0D9
:1098C00067FC00231800BD4604B080BD80B584B09D
:1098D00000AF786039603B68012B11D10322002171
:1098E000012000F054FE0300FB60FB68002B05D054
:1098F000F86800230022002100F0B1FEFB6806E0BA
:109900003B683A681100180000F091FE030018004F
:10991000BD4604B080BD000080B584B000AF786063
:1099200039600023BB607B68002B01D1802336E0C7
:109930000023FB603B68013303D101235B42FB60E2
:1099400009E03B68002B06D03B68FB60FB68002BFE
:1099500001D10123FB60FFF78FFF031E13D0082303
:10996000FA187B680021180001F0FCF80300012BB5
:1099700001D0FF2313E0BB68002B0FD00A4B8022DD
:1099800052051A600AE0FA687B681100180001F0BD
:109990002DF80300012B01D0FF2300E00023180065
:1099A000BD4604B080BDC04604ED00E080B584B083
:1099B00000AF78600023FB600023BB60FFF75CFF13
:1099C000031E13D00823FA187B681100180000F05A
:1099D0002EFF0300012B01D0FF2313E0BB68002BF7
:1099E0000FD00A4B802252051A600AE078680023E3
:1099F0000022002100F033FE0300012B01D0FF23E1
:109A0000FB60FB681800BD4604B080BD04ED00E0BB
:109A100080B500AF02F01AFA0300012B01D000F06C
:109A200093FBC046BD4680BD80B584B000AF786072
:109A30000023FB60082000F0C3FB0300BB60BB6891
:109A4000002B12D000F02CFBBB687A681A60BB6850
:109A500000225A60074B1B68BA685A60054BBA6807
:109A60001A6000F02FFB0123FB60FB681800BD4665
:109A700004B080BD0C02002080B588B000AFF86053
:109A8000B9607A600123FB613E4B1B68002B46D115
:109A90003C4B3D4A1A603CE03A4B1B681B681B6814
:109AA000BB61BB691800E6F739FB03007B61FA680C
:109AB0007B69D3181B785BB2202B06D0FA687B69D0
:109AC000D3181B785BB2002B1ED17A69B969FB6889
:109AD00018000CF04AF9031E16D12A4B1B681B68AC
:109AE0001B7B5BB2002B19DBFB68180000F062F9EE
:109AF00003001A00234B1B681B681B7B5BB29A4256
:109B00000CD00023FB6109E01E4B1B685A681D4BFB
:109B10001A601C4B1B68002BBED100E0C046194BDD
:109B20001B68002B0CD0FB69002B09D17A68174900
:109B3000BB6818000CF02AF9124B00221A601CE0D6
:109B4000104B1B68002B10D00E4B1B681B689B68CA
:109B5000FA687968B86898470300FB61FB69002BD5
:109B60000BD1084B00221A6007E07A680849BB68ED
:109B700018000CF00BF90023FB61FB691800BD46CF
:109B800008B080BDF433002004020020A8D90208E8
:109B900000DA020880B500AF014B1800BD4680BD59
:109BA0009031002080B586B000AFF860B9607A606F
:109BB00000237B6100233B617B6800221A6042E046
:109BC000FB680133FB60FB681B785BB2002B08D09D
:109BD000FB681B785BB2202BF2D102E0FB680133FB
:109BE000FB60FB681B785BB2002B04D0FB681B7822
:109BF0005BB2202BF2D0FB681B785BB2002B27D026
:109C00007B6901337B617A69BB689A421BD1FB682F
:109C10003B6107E07B681B685A1C7B681A60FB6825
:109C20000133FB60FB681B785BB2002B04D0FB6840
:109C30001B785BB2202BEDD17B681B68002B09D110
:109C400000233B6106E07A69BB689A42BBD302E01D
:109C5000C04600E0C0463B691800BD4606B080BD66
:109C600080B586B000AFF860B9607A6000233B61D0
:109C70001023FA187B6801211800FFF793FF0200F8
:109C8000434B1A60424B1B68002B2BD0404B1B6888
:109C90004049062218000CF068F8031E22D13E4B02
:109CA0001B78072B02D13C4B00221A703A4B1B78D1
:109CB0005A1CD1B2384A11701A00384B9200D15850
:109CC000BA68FB6818000CF061F8334B1B78072B5F
:109CD00005D100237B61304B00221A7052E0012332
:109CE0007B614FE02A4B1B68002B4BD12C4B1B6830
:109CF000002B05D12A4B2B4A1A602B4B01221A70DC
:109D0000294B1A78294B1B789A421ED9FB680833D5
:109D10001800234B1B681B685968BB68083B1A0076
:109D20000CF034F8FB680133214A110018000CF0E4
:109D300010F9FB6828221A70FB68063329221A7072
:109D4000FB68073320221A7008E0154B1B681B685C
:109D50005968BA68FB6818000CF018F8104B1B68BB
:109D60005A680F4B1A60104B1B780133DAB20E4B56
:109D70001A700B4B1B68002B02D100237B6101E0A2
:109D800001237B617B691800BD4606B080BDC046DB
:109D9000F833002050DA0208FC3300204C00002089
:109DA0000034002004020020043400208C0A00202B
:109DB0007EA9020880B584B000AF78600F23FB183D
:109DC00000221A700023BB6018E07B681B785BB22E
:109DD000202B0ED1BB68012B0DD00F217B181B78D7
:109DE0005BB2DBB20133DAB27B181A700123BB60BD
:109DF00001E00023BB607B6801337B607B681B78DC
:109E00005BB2002BE1D1BB68012B08D10F217B187D
:109E10001B785BB2DBB2013BDAB27B181A700F23FE
:109E2000FB181B785BB21800BD4604B080BD80B53E
:109E300082B000AF78607B6808331A007B685A6094
:109E40007B68012252429A607B6808331A007B6863
:109E5000DA607B6808331A007B681A617B6800222D
:109E60001A60C046BD4602B080BD80B582B000AF6A
:109E700078607B6800221A61C046BD4602B080BD92
:109E800080B584B000AF786039607B685B68FB6048
:109E90003B68FA685A60FB689A683B689A60FB689E
:109EA0009B683A685A60FB683A689A603B687A68CF
:109EB0001A617B681B685A1C7B681A60C046BD46E5
:109EC00004B080BD80B584B000AF786039603B6875
:109ED0001B68BB60BB68013303D17B681B69FB60F7
:109EE0000CE07B680833FB6002E0FB685B68FB60AA
:109EF000FB685B681B68BA689A42F6D2FB685A68CE
:109F00003B685A603B685B683A689A603B68FA68ED
:109F10009A60FB683A685A603B687A681A617B68A5
:109F20001B685A1C7B681A60C046BD4604B080BDE1
:109F300080B584B000AF78607B681B69FB607B688C
:109F40005B687A6892689A607B689B687A685268F6
:109F50005A60FB685B687A689A4203D17B689A68AA
:109F6000FB685A607B6800221A61FB681B685A1EF6
:109F7000FB681A60FB681B681800BD4604B080BD12
:109F800080B584B000AFF860B9607A60FB68043BCC
:109F9000FB60FB68802252041A60FB68043BFB6094
:109FA000BA68FB681A60FB68043BFB60084AFB6800
:109FB0001A60FB68143BFB607A68FB681A60FB68F8
:109FC000203BFB60FB681800BD4604B080BDC04666
:109FD000D59F010880B582B000AF00237B6072B6C8
:109FE000C0467B68002BFCD0C046C046BD4602B0D0
:109FF00080BD80B500AFC046BD4680BD00000000FA
:10A000000B4A13681868203080F30988022080F317
:10A010001488BFF36F8F3FBCAE4608BC04BC62B669
:10A020001847C046C046C046C046C046C046C046A7
:10A03000F8930120C046C04680B500AF0E4B1A68A9
:10A040000D4BFF2109040A431A600B4B1A680A4B97
:10A05000FF2109060A431A6000F090F8074B00221E
:10A060001A60FFF7CDFF01F0DDFBFFF7B3FF002320
:10A070001800BD4680BDC04620ED00E01002002063
:10A0800080B500AF054B802252051A60BFF34F8F99
:10A09000BFF36F8FC046BD4680BDC04604ED00E0F3
:10A0A00080B500AF72B6064B1B685A1C044B1A6091
:10A0B000BFF34F8FBFF36F8FC046BD4680BDC04614
:10A0C0001002002080B500AF064B1B685A1E054BDE
:10A0D0001A60044B1B68002B00D162B6C046BD4617
:10A0E00080BDC04610020020EFF3108072B67047AA
:10A0F000C046180080F310887047C046000000007A
:10A10000EFF309800E4B1A6820381060F0C0444607
:10A110004D4656465F46F0C008B572B601F082FB68
:10A1200062B60CBC116808681030F0C8A046A94699
:10A13000B246BB4680F309882038F0C81847C046AD
:10A14000F8930120C046C04680B582B000AFFFF74B
:10A15000CBFF03007B6001F0BDFA031E03D0064B6A
:10A16000802252051A607B681800FFF7C3FFC046C3
:10A17000BD4602B080BDC04604ED00E080B500AF32
:10A180000B4B00221A600B4B00221A600A4B1B6813
:10A19000FA2291001800E5F7DDFF03001A00074BD3
:10A1A000013A1A60024B07221A60C046BD4680BDC4
:10A1B00010E000E018E000E0FC01002014E000E006
:10A1C00080B586B000AF78600023FB6001F042F9F3
:10A1D000454B1B68002B01D100F0D2F8434B1B68A4
:10A1E0007A68134000D072E07B68002B0CD0082204
:10A1F0007B689B187B607B680722134004D07B68D8
:10A200000722934308337B607B68002B5FD0384B79
:10A210001B687A689A425AD8364B3B61354B1B68AB
:10A220007B6104E07B693B617B691B687B617B69C7
:10A230005B687A689A4203D97B691B68002BF1D16D
:10A24000294B1B687A699A4241D03B691B680822F6
:10A250009B18FB607B691A683B691A607B695A68C6
:10A260007B68D21A08235B009A4210D97A697B680E
:10A27000D318BB607B695A687B68D21ABB685A6086
:10A280007B697A685A60BB68180000F0D9F8184BEF
:10A290001A687B695B68D21A154B1A60144B1A68EE
:10A2A000154B1B689A4203D2114B1A68124B1A6065
:10A2B0007B695A680D4B1B681A437B695A607B693E
:10A2C00000221A600D4B1B685A1C0C4B1A6001F0DF
:10A2D000CDF8FB68002B01D1FAF758F8FB6818009D
:10A2E000BD4606B080BDC046A0930120B4930120B6
:10A2F000A493012098930120A8930120AC930120FE
:10A3000080B584B000AF78607B68FB607B68002B11
:10A310002CD008235B42FA68D318FB60FB68BB6053
:10A32000BB685A68134B1B6813401FD0BB681B687F
:10A33000002B1BD1BB685A680E4B1B68DB431A40CD
:10A34000BB685A6001F086F8BB685A680A4B1B6804
:10A35000D218094B1A60BB68180000F071F8074B5F
:10A360001B685A1C054B1A6001F080F8C046BD46B8
:10A3700004B080BDB4930120A4930120B0930120C8
:10A3800080B584B000AF274BBB60274BFB60FB68F8
:10A39000072213400CD0FB680733FB60FB680722E1
:10A3A0009343FB60BA68FB68D21A1F4BD318BB609B
:10A3B000FB687B601D4B7A681A601C4B00225A6058
:10A3C0007B68BA68D318FB600822FB689B1AFB60A5
:10A3D000FB6807229343FB60FA68154B1A60144B25
:10A3E0001B6800225A60124B1B6800221A607B68AF
:10A3F0003B603B68FA68D21A3B685A600C4B1A689B
:10A400003B681A603B685A680A4B1A603B685A6896
:10A41000094B1A60094B802212061A60C046BD46DD
:10A4200004B080BD905F01000834002098930120A3
:10A43000A0930120A8930120A4930120B4930120AC
:10A4400080B584B000AF7860274BFB6002E0FB680A
:10A450001B68FB60FB681B687A689A42F7D8FB6848
:10A46000BB60FB685B68BA68D3187A689A4208D107
:10A47000FB685A687B685B68D218FB685A60FB68A7
:10A480007B607B68BB607B685B68BA68D218FB68DE
:10A490001B689A4218D1FB681A68144B1B689A42D1
:10A4A0000DD07B685A68FB681B685B68D2187B68B4
:10A4B0005A60FB681B681A687B681A6008E00B4BDF
:10A4C0001A687B681A6003E0FB681A687B681A6088
:10A4D000FA687B689A4202D0FB687A681A60C046C4
:10A4E000BD4604B080BDC04698930120A0930120D2
:10A4F00080B584B000AF786039607B68FB60FFF79F
:10A50000CFFDFB681A68FB68D96BFB681B6C4B437B
:10A51000D218FB689A60FB6800229A63FB681A688D
:10A52000FB685A60FB681A68FB68DB6B591EFB68A6
:10A530001B6C4B43D218FB68DA60FB684422FF2196
:10A540009954FB684522FF2199543B68002B0DD19B
:10A55000FB681B69002B13D0FB681033180001F057
:10A560002FFA031E0CD0FFF78BFD09E0FB681033B8
:10A570001800FFF75CFCFB6824331800FFF757FC5A
:10A58000FFF7A0FD01231800BD4604B080BD90B5C3
:10A590008BB002AFF860B960FB1D1A70FB68BA6837
:10A5A0005343FB61FB6950331800FFF709FE0300BA
:10A5B000BB61BB69002B0ED0BB697B617B695033EB
:10A5C0007B61FB1D1C787A69B968F868BB690093E8
:10A5D000230000F005F8BB691800BD4609B090BD26
:10A5E00080B584B000AFF860B9607A601A00FB1CD7
:10A5F0001A70BB68002B03D1BB69BA691A6002E00C
:10A60000BB697A681A60BB69FA68DA63BB69BA68C1
:10A610001A64BB6901211800FFF76AFFBB69FA1CC5
:10A620004C2112785A54C046BD4604B080BD80B556
:10A6300084B000AF786039607B6802220021180086
:10A64000FFF7A5FF0300FB60FB68002B02D0FB684F
:10A650003A689A63FB681800BD4604B080BD80B5B7
:10A660008AB000AFF860B9607A603B6000237B621B
:10A67000FB683B62FFF714FD3B6A9A6B3B6ADB6B3E
:10A680009A4202D33B68022B1ED13A68B9683B6AF2
:10A69000180000F0CDFA0300FB613B6A5B6A002BF7
:10A6A00009D03B6A2433180001F08AF9031E07D051
:10A6B000FFF7E6FC04E0FB69002B01D0FFF7E0FCAC
:10A6C000FFF700FD01235BE07B68002B03D1FFF760
:10A6D000F9FC002354E07B6A002B06D11423FB18FD
:10A6E000180001F0C5F901237B62FFF7EBFC00F0D5
:10A6F000B1FEFFF7D5FC3B6A44229B5C5BB20133A1
:10A7000003D13B6A4422002199543B6A45229B5C59
:10A710005BB2013303D13B6A452200219954FFF714
:10A72000D1FC3A1D1423FB181100180001F0B4F9F4
:10A73000031E1ED13B6A180000F07FFB031E11D0E0
:10A740003B6A10337A681100180001F0FDF83B6A8B
:10A75000180000F0FEFA00F089FE031E8AD1FFF710
:10A760008FFC87E73B6A180000F0F3FA00F07EFEEA
:10A7700080E73B6A180000F0ECFA00F077FE002357
:10A780001800BD460AB080BD90B58BB000AFF86030
:10A79000B9607A603B60FB683B62FFF7A5FC030091
:10A7A000FB613B6A9A6B3B6ADB6B9A4202D33B6864
:10A7B000022B31D11B243B193A6A4521525C1A7095
:10A7C0003B6A9B6B7B613A68B9683B6A180000F092
:10A7D0002FFA3B191B785BB2013311D13B6A5B6ADC
:10A7E000002B16D03B6A2433180001F0E9F8031E51
:10A7F0000FD07B68002B0CD07B6801221A6008E028
:10A800001B23FB181B780133DBB259B23B6A45228C
:10A81000995401237B6201E000237B62FB691800ED
:10A82000FFF768FC7B6A1800BD460BB090BD80B591
:10A8300088B000AF786039607B68BB61FFF754FC7B
:10A8400003007B61BB699B6B3B61BB69DB6B3A6956
:10A850009A422CD20F203B18BA694521525C1A70DB
:10A860003B695A1CBB699A633B181B785BB2013386
:10A8700011D1BB695B6A002B16D0BB692433180069
:10A8800001F09EF8031E0FD03B68002B0CD03B68F4
:10A8900001221A6008E00F23FB181B780133DBB29A
:10A8A00059B2BB69452299540123FB6101E00023A1
:10A8B000FB617B691800FFF71DFCFB691800BD46B2
:10A8C00008B080BD80B58AB000AFF860B9607A602A
:10A8D00000237B62FB683B62FFF7E2FB3B6A9B6BFA
:10A8E000FB61FB69002B1AD0BA683B6A11001800A3
:10A8F00000F009FAFB695A1E3B6A9A633B6A1B69BE
:10A90000002B08D03B6A1033180001F059F8031EE1
:10A9100001D0FFF7B5FBFFF7D5FB012362E07B68B1
:10A92000002B03D1FFF7CEFB00235BE07B6A002BFB
:10A9300006D11423FB18180001F09AF801237B625A
:10A94000FFF7C0FB00F086FDFFF7AAFB3B6A44223D
:10A950009B5C5BB2013303D13B6A442200219954D2
:10A960003B6A45229B5C5BB2013303D13B6A4522C3
:10A9700000219954FFF7A6FB3A1D1423FB18110080
:10A98000180001F089F8031E1ED13B6A180000F080
:10A990003EFA031E11D03B6A24337A681100180076
:10A9A00000F0D2FF3B6A180000F0D3F900F05EFD22
:10A9B000031E91D1FFF764FB8EE73B6A180000F09D
:10A9C000C8F900F053FD87E73B6A180000F0C1F9B1
:10A9D00000F04CFD3B6A180000F019FA031E00D18C
:10A9E0007AE700231800BD460AB080BD80B58AB062
:10A9F00000AF7860396000237B627B68FB610023D5
:10AA00003B62FFF74DFBFB699B6BBB61BB69002B96
:10AA10001DD0BB695A1EFB699A63FB691B68002B3A
:10AA200004D101F09FFC0200FB699A60FB691B697D
:10AA3000002B08D0FB691033180000F0C1FF031E83
:10AA400001D0FFF71DFBFFF73DFB012386E03B68CC
:10AA5000002B03D1FFF736FB00237FE07B6A002B3E
:10AA600006D10C23FB18180001F002F801237B62C9
:10AA7000FFF728FB00F0EEFCFFF712FBFB69442216
:10AA80009B5C5BB2013303D1FB69442200219954E2
:10AA9000FB6945229B5C5BB2013303D1FB69452214
:10AAA00000219954FFF70EFB3A000C23FB1811000C
:10AAB000180000F0F1FF031E2ED1FB69180000F012
:10AAC000A6F9031E21D0FB691B68002B0AD1FFF7F2
:10AAD000E7FAFB699B68180001F0D4F903003B62B8
:10AAE000FFF7F0FAFB6924333A681100180000F010
:10AAF0002BFFFB69180000F02CF900F0B7FC031ED7
:10AB000000D07EE7FFF7BCFA7BE7FB69180000F096
:10AB100020F900F0ABFC74E7FB69180000F019F9AC
:10AB200000F0A4FCFB69180000F071F9031E00D1CD
:10AB300067E73B6A002B10D0FFF7B2FAFB691800F9
:10AB400000F060F803007B61FB699B687A69110083
:10AB5000180001F04BFAFFF7B5FA00231800BD46C4
:10AB60000AB080BD90B58BB000AFF860B9607A6074
:10AB7000FB683B62FFF7B8FA0300FB613B6A9B6B23
:10AB8000BB61BB69002B32D017243B193A6A4421C0
:10AB9000525C1A70BA683B6A1100180000F0B3F8F2
:10ABA000BB695A1E3B6A9A633B191B785BB201333F
:10ABB00011D13B6A1B69002B16D03B6A1033180079
:10ABC00000F0FEFE031E0FD07B68002B0CD07B68CC
:10ABD00001221A6008E01723FB181B780133DBB24F
:10ABE00059B23B6A4422995401237B6201E000235D
:10ABF0007B62FB691800FFF77DFA7B6A1800BD468F
:10AC00000BB090BD80B584B000AF78607B685B6AA4
:10AC1000002B06D07B681B6B1B680722D31AFB60D6
:10AC200001E00023FB60FB681800BD4604B080BD56
:10AC300080B586B000AFF860B9607A6000237B61B0
:10AC4000FB689B6B3B61FB681B6C002B0ED1FB68A8
:10AC50001B68002B4ED1FB689B68180001F07AF945
:10AC600003007B61FB6800229A6043E07B68002B55
:10AC700019D1FB685868FB681A6CBB6819000BF0A7
:10AC800070F9FB685A68FB681B6CD218FB685A6045
:10AC9000FB685A68FB689B689A422BD3FB681A686A
:10ACA000FB685A6026E0FB68D868FB681A6CBB68D2
:10ACB00019000BF056F9FB68DA68FB681B6C5B4205
:10ACC000D218FB68DA60FB68DA68FB681B689A4296
:10ACD00007D2FB689A68FB681B6C5B42D218FB6862
:10ACE000DA607B68022B05D13B69002B02D03B69FF
:10ACF000013B3B613B695A1CFB689A637B69180006
:10AD0000BD4606B080BD80B582B000AF78603960C6
:10AD10007B681B6C002B18D07B68DA687B681B6C27
:10AD2000D2187B68DA607B68DA687B689B689A4235
:10AD300003D37B681A687B68DA607B68D9687B68B4
:10AD40001A6C3B6818000BF00CF9C046BD4602B007
:10AD500080BD80B584B000AF7860FFF7A1F90F2304
:10AD6000FB187A684521525C1A7013E07B685B6AB5
:10AD7000002B16D07B682433180000F021FE031E40
:10AD800001D000F0CFFE0F217B181B78013BDAB217
:10AD90007B181A700F23FB181B785BB2002BE5DCC5
:10ADA00000E0C0467B684522FF219954FFF78AF9ED
:10ADB000FFF776F90E23FB187A684421525C1A706B
:10ADC00013E07B681B69002B16D07B6810331800DA
:10ADD00000F0F6FD031E01D000F0A4FE0E217B184A
:10ADE0001B78013BDAB27B181A700E23FB181B7814
:10ADF0005BB2002BE5DC00E0C0467B684422FF210B
:10AE00009954FFF75FF9C046BD4604B080BD80B5D8
:10AE100084B000AF7860FFF743F97B689B6B002B31
:10AE200002D10123FB6001E00023FB60FFF74AF938
:10AE3000FB681800BD4604B080BD80B584B000AF8B
:10AE40007860FFF72DF97B689A6B7B68DB6B9A4221
:10AE500002D10123FB6001E00023FB60FFF732F920
:10AE6000FB681800BD4604B080BD000080B584B00A
:10AE700000AF786039600023FB6015E00E4BFA6884
:10AE8000D200D358002B0CD10B4BFA68D200396892
:10AE9000D150094AFB68DB00D31804337A681A6082
:10AEA00006E0FB680133FB60FB68072BE6D9C04670
:10AEB000C046BD4604B080BDB893012080B586B0C1
:10AEC00000AFF860B9607A60FB687B61FFF7E8F873
:10AED0007B6944229B5C5BB2013303D17B694422D2
:10AEE000002199547B6945229B5C5BB2013303D1FD
:10AEF0007B69452200219954FFF7E4F87B699B6B3D
:10AF0000002B06D17B6924337A68B968180000F0F9
:10AF100035FD7B691800FFF71CFFC046BD4606B033
:10AF200080BD90B58DB004AFF860B9603B60BB1DCB
:10AF30001A80BB1D1B889B001800FFF741F9030016
:10AF40007B617B69002B10D06020FFF739F903008B
:10AF5000FB61FB69002B03D0FB697A691A6306E089
:10AF60007B691800FFF7CCF901E00023FB61FB6966
:10AF7000002B16D0BB1D1A883C68B968F8680023FE
:10AF80000393FB6902937B6B01933B6B009323005C
:10AF900000F010F8FB69180000F092F80123BB6183
:10AFA00002E001235B42BB61BB691800BD4609B0EA
:10AFB00090BD000080B586B000AFF860B9607A60DF
:10AFC0003B60BB6A186B7B689B001A00A5210AF0E6
:10AFD000A9FEBB6A1A6B7B6838498C4663449B00A8
:10AFE000D3183B613B69072293433B61BB68002B4D
:10AFF00020D000237B6113E0BA687B69D3181878EE
:10B00000BA6A34217B69D3185B18021C1A70BA68BB
:10B010007B69D3181B78002B06D07B6901337B61D9
:10B020007B690C2BE8D900E0C046BB6A40220021B6
:10B03000995403E0BB6A3422002199543B6A062BE1
:10B0400001D906233B62BB6A3A6ADA62BB6A3A6A92
:10B05000DA64BB6A00221A65BB6A04331800FEF783
:10B0600004FFBB6A18331800FEF7FFFEBB6ABA6A1A
:10B070001A613B6A0722D21ABB6A9A61BB6ABA6A32
:10B080005A62BB6A00225A65BB6A00229A65BB6A93
:10B090005C22002199543A68F9683B691800FEF770
:10B0A0006FFF0200BB6A1A607B6A002B02D07B6ACA
:10B0B000BA6A1A60C046BD4606B080BDFFFFFF3FBA
:10B0C00080B582B000AF7860FEF7EAFF2A4B1B68BC
:10B0D0005A1C294B1A60294B1B68002B09D1274B9E
:10B0E0007A681A60244B1B68012B10D100F034FDE4
:10B0F0000DE0234B1B68002B09D1204B1B68DA6A3B
:10B100007B68DB6A9A4202D81C4B7A681A601D4B36
:10B110001B685A1C1B4B1A601A4B1A687B685A64CE
:10B120007B68DA6A184B1B689A4203D97B68DA6A33
:10B13000154B1A607B68DA6A13009B009B189B0012
:10B14000124A9A187B68043319001000FEF798FE23
:10B15000FEF7B8FF0A4B1B68002B08D0074B1B6893
:10B16000DA6A7B68DB6A9A4201D2FEF789FFC04641
:10B17000BD4602B080BDC046F8940120F89301207E
:10B18000049501201495012000950120FC930120D5
:10B1900080B584B000AF78600023FB607B68002B33
:10B1A0000AD000F057F97B680021180001F0BCFAC2
:10B1B00000F05CF90300FB60FB68002B01D1FEF797
:10B1C0005FFFC046BD4604B080BD000080B588B0BA
:10B1D00000AF78607B68BB612B4B1B68BA699A42F1
:10B1E00004D11F23FB1800221A7046E0FEF758FF17
:10B1F000BB695B697B61254B1B683B61244B1B680A
:10B20000FB60FEF75FFF7A693B699A4203D07A6977
:10B21000FB689A4204D11F23FB1802221A702CE00B
:10B220007A691C4B9A4218D1BB699B6A002B0FD1DB
:10B23000BB695C229B5CDBB2012B04D11F23FB1892
:10B2400002221A7019E01F23FB1803221A7014E05F
:10B250001F23FB1802221A700FE07A690E4B9A42E4
:10B2600002D07B69002B04D11F23FB1804221A7023
:10B2700003E01F23FB1801221A701F23FB181B7801
:10B280001800BD4608B080BDF8930120B09401209D
:10B29000B4940120E4940120CC94012080B584B0C2
:10B2A00000AF7860FEF7FCFE7B68002B02D1074BF5
:10B2B0001B6800E07B68FB60FB68DB6ABB60FEF735
:10B2C00001FFBB681800BD4604B080BDF8930120A3
:10B2D00080B586B000AF7860396000237B613B6841
:10B2E000062B01D906233B60FEF7DAFE7B68002BB4
:10B2F00002D1384B1B6800E07B683B613B69DB6C2B
:10B30000FB60FA683B689A425DD03A68FB689A42F3
:10B310000DD9304B1B683A699A420FD02D4B1B68F0
:10B32000DB6A3A689A4209D301237B6106E0294B24
:10B330001B683A699A4201D101237B613B69DB6A50
:10B34000BB603B69DA6C3B69DB6A9A4202D13B69BC
:10B350003A68DA623B693A68DA643B699B69002BB8
:10B3600004DB3B680722D21A3B699A613B69596941
:10B37000BA6813009B009B189B00174A9B189942C0
:10B380001CD13B6904331800FEF7D2FD3B69DA6A31
:10B39000124B1B689A4203D93B69DA6A0F4B1A6059
:10B3A0003B69DA6A13009B009B189B000A4A9A18B3
:10B3B0003B69043319001000FEF762FD7B69002B26
:10B3C00001D0FEF75DFEFEF77DFEC046BD4606B02D
:10B3D00080BDC046F8930120FC9301200095012018
:10B3E00080B584B002AF144A14491548154B019337
:10B3F000002300930023FFF794FD03007B607B682C
:10B40000012B03D101F0E4F903007B607B68012B81
:10B410000ED172B60C4B012252421A600B4B012224
:10B420001A600B4B00221A60EFF7C2FDFEF704FE14
:10B43000C046BD4602B080BDC409000058DA02080B
:10B4400039BB01081C9501201895012004950120A5
:10B45000FC94012080B500AF034B1B685A1C024BC3
:10B460001A60C046BD4680BD2095012080B584B0DD
:10B4700000AF0023FB600023BB60FEF711FE364BDC
:10B480001B685A1E344B1A60334B1B68002B5BD170
:10B49000324B1B68002B57D02FE0314BDB68DB6849
:10B4A000FB60FB6818331800FEF742FDFB680433AD
:10B4B0001800FEF73DFDFB68DA6A2A4B1B689A42CA
:10B4C00003D9FB68DA6A274B1A60FB68DA6A130053
:10B4D0009B009B189B00244A9A18FB6804331900B0
:10B4E0001000FEF7CDFCFB68DA6A204B1B68DB6AB4
:10B4F0009A4202D31E4B01221A60194B1B68002B83
:10B50000CBD1FB68002B01D000F082FC194B1B68EB
:10B510007B607B68002B0FD000F0DCF8031E02D0AC
:10B52000134B01221A607B68013B7B607B68002B18
:10B53000F2D1104B00221A600D4B1B68002B03D078
:10B540000123BB60FEF79CFDFEF7BCFDBB68180045
:10B55000BD4604B080BDC04620950120F89401206E
:10B56000B894012000950120FC930120F89301205C
:10B570000C9501200895012080B582B000AF044BE6
:10B580001B687B607B681800BD4602B080BDC0466A
:10B59000FC94012080B582B000AF00237B60044B97
:10B5A0001B683B603B681800BD4602B080BDC046CA
:10B5B000FC94012080B586B000AFF860B9607A6075
:10B5C00000237B6107233B61FFF744FF3B4B1B6874
:10B5D000BA689A426AD33B69013B3B617A691300BE
:10B5E000DB009B189B001A00FB6898183A6913004F
:10B5F0009B009B189B00324A9B180122190000F007
:10B6000089FB02007B699B187B613B69002BE2D1BF
:10B610007A691300DB009B189B001A00FB689818DE
:10B62000284B1B680222190000F074FB02007B69A2
:10B630009B187B617A691300DB009B189B001A0042
:10B64000FB689818204B1B680222190000F062FB6F
:10B6500002007B699B187B617A691300DB009B18F1
:10B660009B001A00FB689B1818490422180000F080
:10B6700051FB02007B699B187B617A691300DB0038
:10B680009B189B001A00FB689B18114903221800A5
:10B6900000F040FB02007B699B187B617B68002BFC
:10B6A00004D0EFF79BFC02007B681A60FFF7DEFE18
:10B6B0007B691800BD4606B080BDC046F8940120E5
:10B6C000FC930120B0940120B4940120CC9401207B
:10B6D000E494012080B586B000AF00237B61464B27
:10B6E0001B68002B00D07DE0444B1B6801333B619D
:10B6F000424B3A691A603B69002B10D1404B1B68E2
:10B70000FB60404B1A683E4B1A603E4BFA681A6069
:10B710003D4B1B685A1C3C4B1A6000F079FB3B4BBD
:10B720001B683A699A4249D3354B1B681B68002B4A
:10B7300004D1364B012252421A603FE0304B1B6865
:10B74000DB68DB68BB60BB685B687B603A697B6811
:10B750009A4203D22D4B7A681A602FE0BB680433FB
:10B760001800FEF7E5FBBB689B6A002B04D0BB68A2
:10B7700018331800FEF7DCFBBB68DA6A244B1B6841
:10B780009A4203D9BB68DA6A214B1A60BB68DA6A4D
:10B7900013009B009B189B001E4A9A18BB68043339
:10B7A00019001000FEF76CFBBB68DA6A1A4B1B68C5
:10B7B000DB6A9A42B8D301237B61B5E7164B1B685D
:10B7C000DA6A144913009B009B189B005B58012BFD
:10B7D00001D901237B61114B1B68002B07D001238A
:10B7E0007B6104E00E4B1B685A1C0D4B1A607B6991
:10B7F0001800BD4606B080BD20950120FC940120B4
:10B80000B0940120B49401201095012018950120D6
:10B8100000950120FC930120F89301200C95012054
:10B820000895012080B584B000AF3F4B1B68002B0A
:10B8300003D03E4B01221A6071E03C4B00221A609B
:10B84000EFF7CCFB02003A4B1A60394B1A68394BC0
:10B850001B689A4209D9384B1B68596D344A1068E5
:10B86000344A1268821A8A185A65314B1A68314B69
:10B870001A60314B1B681B6BBB60304B7B60BB6835
:10B880001B687A689A4211D1BB6804331B687A68D6
:10B890009A420BD1BB6808331B687A689A4205D17B
:10B8A000BB680C331B687A689A4208D0224B1A682E
:10B8B000214B1B68343319001000F8F745FD204B6D
:10B8C0001B68FB6002E0FB68013BFB601D49FA68F6
:10B8D00013009B009B189B005B58002BF3D0FA6869
:10B8E00013009B009B189B00164A9B183B603B680B
:10B8F0005B685A683B685A603B685A683B68083323
:10B900009A4204D13B685B685A683B685A603B685E
:10B910005B68DA68084B1A60094BFA681A60C0461F
:10B92000BD4604B080BDC046209501200C95012085
:10B930002895012024950120F8930120A5A5A5A50F
:10B9400000950120FC93012080B582B000AF7860A3
:10B950003960094B1B6818331A007B681100180006
:10B96000FEF7B0FA3B680121180000F0DDFEC0468A
:10B97000BD4602B080BDC046F893012080B584B0BA
:10B9800000AFF860B9607A600C4B1B6818331A007E
:10B99000FB6811001800FEF773FA7B68002B02D0D9
:10B9A00001235B42BB607A68BB681100180000F09D
:10B9B000BBFEC046BD4604B080BDC046F893012022
:10B9C00080B584B000AF78607B68DB68DB68BB6003
:10B9D000BB6818331800FEF7ABFA1F4B1B68002B2F
:10B9E0001DD1BB6804331800FEF7A2FABB68DA6AFF
:10B9F0001A4B1B689A4203D9BB68DA6A174B1A6064
:10BA0000BB68DA6A13009B009B189B00144A9A18C3
:10BA1000BB68043319001000FEF732FA07E0BB6878
:10BA200018331A000F4B11001800FEF729FABB68F3
:10BA3000DA6A0D4B1B68DB6A9A4205D90123FB6069
:10BA40000A4B01221A6001E00023FB60FB6818002A
:10BA5000BD4604B080BDC046209501200095012060
:10BA6000FC930120B8940120F89301200C9501204B
:10BA700080B582B000AF7860054B1A687B681A60A9
:10BA8000044B1A687B685A60C046BD4602B080BD50
:10BA900010950120FC94012080B586B000AF78603D
:10BAA0003960FEF7FDFA1D4B1B683B617B685B68E4
:10BAB0003A69D31AFB603B681B68013302D100234B
:10BAC0007B6124E07B681A68154B1B689A4207D09B
:10BAD0007B685B683A699A4202D301237B6116E076
:10BAE0003B681B68FA689A420CD23B681A68FB688C
:10BAF000D21A3B681A607B681800FFF7B9FF002371
:10BB00007B6104E03B6800221A6001237B61FEF741
:10BB1000D9FA7B691800BD4606B080BDFC940120AF
:10BB20001095012080B500AF024B01221A60C0467B
:10BB3000BD4680BD0C95012080B582B000AF786015
:10BB400000F04EF8034B1B68012BF9D9FEF798FA69
:10BB5000F6E7C046FC93012080B582B000AF002319
:10BB60007B600CE07A6813009B009B189B00144AD2
:10BB70009B181800FEF75BF97B6801337B607B68DC
:10BB8000062BEFD90F4B1800FEF751F90E4B18009A
:10BB9000FEF74DF90D4B1800FEF749F90C4B180054
:10BBA000FEF745F90B4B1800FEF741F90A4B054A21
:10BBB0001A600A4B044A1A60C046BD4602B080BDF6
:10BBC000FC930120889401209C940120B8940120CA
:10BBD000CC940120E4940120B0940120B49401207D
:10BBE00080B582B000AF1AE0FEF75AFA104BDB685E
:10BBF000DB687B607B6804331800FEF799F90D4B16
:10BC00001B685A1E0B4B1A600B4B1B685A1E0A4BC3
:10BC10001A60FEF757FA7B68180000F0E8F8064B48
:10BC20001B68002BE0D1C046C046BD4602B080BDB7
:10BC3000CC940120F8940120E094012080B586B0D6
:10BC400000AFF860B9607A601A00FB1C1A70FB68DC
:10BC5000002B02D12E4B1B6800E0FB687B61BB68A8
:10BC60007A691A607B6934331A00BB685A607B6951
:10BC7000DA6ABB681A617B691A6BBB68DA617B6937
:10BC80005A6CBB689A607B69DA6CBB685A617B69E5
:10BC90005A6DBB689A61FB1C1B78052B1CD01C4B92
:10BCA0001B687A699A4203D1BB6800221A731BE0B1
:10BCB000BB68FA1C12781A73FB1C1B78032B13D178
:10BCC000FFF7C8FB7B699B6A002B02D0BB6802228E
:10BCD0001A73FFF7CBFB07E07B691800FFF776FAD2
:10BCE00003001A00BB681A737B68002B09D07B69BC
:10BCF0001B6B180000F061F803001A00BB681A847F
:10BD000002E0BB6800221A84C046BD4606B080BD72
:10BD1000F893012080B58AB000AFF860B960FB1DD0
:10BD20001A7000237B62BB681B68002B40D0BB6885
:10BD30003B623B6A5B685A683B6A5A603B6A5A6876
:10BD40003B6A08339A4204D13B6A5B685A683B6A93
:10BD50005A603B6A5B68DB68FB61BB68BB61BB69BF
:10BD60005B685A68BB695A60BB695A68BB6908332B
:10BD70009A4204D1BB695B685A68BB695A60BB6967
:10BD80005B68DB687B617A6A1300DB009B189B00B1
:10BD90001A00FB689918FB1D1B7878690122FFF7D0
:10BDA0004DFF7B6A01337B627A69FB699A42D4D189
:10BDB0007B6A1800BD460AB080BD80B584B000AF74
:10BDC00078600023FB6005E07B6801337B60FB68E3
:10BDD0000133FB607B681B78A52BF5D0FB689B08C3
:10BDE000FB60FB689BB21800BD4604B080BD80B507
:10BDF00082B000AF78607B681B6B1800FEF780FA9A
:10BE00007B681800FEF77CFAC046BD4602B080BDD4
:10BE100080B582B000AF0B4B1B681B68002B04D1B0
:10BE2000094B012252421A6008E0064B1B68DB688E
:10BE3000DB687B607B685A68034B1A60C046BD466E
:10BE400002B080BDB09401201895012080B582B069
:10BE500000AF0A4B1B68002B02D101237B6008E076
:10BE6000074B1B68002B02D102237B6001E00023FB
:10BE70007B607B681800BD4602B080BD0495012040
:10BE80002095012080B584B000AF78607B68BB60EE
:10BE90000023FB607B68002B51D0BB68DA6A2A4B19
:10BEA0001B68DB6A9A4241D2BB689B69002B06DBA8
:10BEB000254B1B68DB6A0722D21ABB689A61BB68F4
:10BEC0005969BB68DA6A13009B009B189B001F4AE4
:10BED0009B18994222D1BB6804331800FEF728F85A
:10BEE000194B1B68DA6ABB68DA62BB68DA6A184BFE
:10BEF0001B689A4203D9BB68DA6A154B1A60BB68A3
:10BF0000DA6A13009B009B189B00104A9A18BB68C2
:10BF1000043319001000FDF7B3FF04E00A4B1B685F
:10BF2000DA6ABB68DA620123FB6008E0BB68DA6C9E
:10BF3000054B1B68DB6A9A4201D20123FB60FB6858
:10BF40001800BD4604B080BDF8930120FC93012089
:10BF50000095012080B584B000AF78607B68BB603D
:10BF60000023FB607B68002B37D0BB681B6D5A1E1B
:10BF7000BB681A65BB68DA6ABB68DB6C9A422CD076
:10BF8000BB681B6D002B28D1BB6804331800FDF77C
:10BF9000CFFFBB68DA6CBB68DA62BB68DB6A07227A
:10BFA000D21ABB689A61BB68DA6A0E4B1B689A4268
:10BFB00003D9BB68DA6A0B4B1A60BB68DA6A1300F4
:10BFC0009B009B189B00084A9A18BB680433190011
:10BFD0001000FDF755FF0123FB60FB681800BD460C
:10BFE00004B080BD00950120FC93012080B586B08F
:10BFF00000AF786039607B683B610123FB607B6840
:10C00000002B4BD03B69DB6C3A689A4202D93B6803
:10C010007B6102E03B69DB6C7B613B69DB6A7A69CF
:10C020009A423BD03B691B6DFA689A4236D13B6914
:10C03000DB6ABB603B697A69DA623B699B69002B0A
:10C0400004DB7B690722D21A3B699A613B69596913
:10C05000BA6813009B009B189B00124A9B189942D8
:10C060001CD13B6904331800FDF762FF3B69DA6AB3
:10C070000D4B1B689A4203D93B69DA6A0A4B1A6076
:10C080003B69DA6A13009B009B189B00054A9A18CB
:10C090003B69043319001000FDF7F2FEC046BD46AF
:10C0A00006B080BDFC9301200095012080B584B0CE
:10C0B00000AF786039603A687B681100180009F0B9
:10C0C00048FF7B681800E4F729F80300FB6007E0ED
:10C0D0007A68FB68D31820221A70FB680133FB6072
:10C0E000FB680B2BF4D97A68FB68D31800221A700E
:10C0F0007A68FB68D3181800BD4604B080BD000004
:10C10000F0B589B002AF78607B6800221A704C4BA2
:10C110001B68FB604A4B1A681300DB009B189B00EE
:10C120001800FEF74DF80300BB60BB68002B00D180
:10C1300082E0F968BB6800221800FFF73BFA0300B1
:10C14000FB6000237B616FE07A691300DB009B18C2
:10C150009B001A00BB689B181B7B042B1DD89A0000
:10C16000384BD3181B689F461323FB1858221A70AC
:10C1700018E01323FB1852221A7013E01323FB1844
:10C1800042221A700EE01323FB1853221A7009E0A2
:10C190001323FB1844221A7004E01323FB18002217
:10C1A0001A70C0467A691300DB009B189B001A00C6
:10C1B000BB689B185A687B6811001800FFF776FF70
:10C1C00003007B601323FB181C787A691300DB00E3
:10C1D0009B189B001A00BB689B181D697A691300A5
:10C1E000DB009B189B001A00BB689B181B8C1E0071
:10C1F0007A691300DB009B189B001A00BB689B1830
:10C200009B6811497868019300962B00220009F081
:10C2100009FD7B681800E3F781FF02007B689B182B
:10C220007B607B6901337B617A69FB689A428BD3BF
:10C23000BB681800FEF764F8C046BD4607B0F0BD05
:10C24000F894012070DA020860DA020880B588B03C
:10C2500000AF78607B6800221A703F4B1B68BB619F
:10C260003D4B1A681300DB009B189B001800FDF77C
:10C27000A7FF03007B617B69002B68D00C23FA18B1
:10C28000B9697B691800FFF795F90300BB61FB688A
:10C2900064211800E3F75EFF0300FB60FB68002BDE
:10C2A00051D00023FB614AE0FA691300DB009B18C0
:10C2B0009B001A007B699B189B69FA6811001800A3
:10C2C000E3F748FF03003B61FA691300DB009B18AA
:10C2D0009B001A007B699B185A687B681100180044
:10C2E000FFF7E4FE03007B603B69002B0ED0FA6988
:10C2F0001300DB009B189B001A007B699B189A694E
:10C300003B691649786809F08DFC0DE0FA69130065
:10C31000DB009B189B001A007B699B189A691049E7
:10C320007B68180009F07EFC7B681800E3F7F6FED6
:10C3300002007B689B187B60FB690133FB61FA6933
:10C34000BB699A42B0D37B691800FDF7D9FFC0469C
:10C35000BD4608B080BDC046F894012084DA0208CA
:10C3600090DA020880B500AF064B1B68002B04D0A2
:10C37000044B1B681A6D01321A65024B1B681800CA
:10C38000BD4680BDF893012080B584B000AF7860D1
:10C390003960FDF785FE1C4B1B689B6D002B0ED191
:10C3A000194B1B685C22012199543B68002B06D075
:10C3B0003B680121180000F0B7F9FDF761FEFDF7B9
:10C3C00081FEFDF76DFE104B1B689B6DFB60FB68EB
:10C3D000002B0CD07B68002B04D00B4B1B68002279
:10C3E0009A6504E0084B1B68FA68013A9A65064BA7
:10C3F0001B685C2200219954FDF764FEFB6818005D
:10C40000BD4604B080BDC046F893012080B588B019
:10C4100000AFF860B9603B60FB1D1A700123FB613F
:10C42000FB68BB61FDF73CFE3B68002B03D0BB699A
:10C430009A6D3B681A601723FB18BA695C21525C3D
:10C440001A70BB695C2202219954FB1D1B78042BD6
:10C4500021D89A002A4BD3181B689F46BB699A6D56
:10C46000BB681A43BB699A6518E0BB699B6D5A1C8F
:10C47000BB699A6512E0BB69BA689A650EE017233A
:10C48000FB181B78022B03D0BB69BA689A6505E0DC
:10C490000023FB6102E0C04600E0C0461723FB1802
:10C4A0001B78012B25D1BB6904331800FDF740FD33
:10C4B000BB69DA6A134B1B689A4203D9BB69DA6A13
:10C4C000104B1A60BB69DA6A13009B009B189B0033
:10C4D0000D4A9A18BB69043319001000FDF7D0FC0F
:10C4E000BB69DA6A094B1B68DB6A9A4201D9FDF71E
:10C4F000C7FDFDF7E7FDFB691800BD4608B080BD2C
:10C500009CDA020800950120FC930120F893012099
:10C5100080B588B000AFF860B9603B60FB1D1A7051
:10C520000123FB61FB68BB61FDF7DEFD03007B615E
:10C530003B68002B03D0BB699A6D3B681A601323DC
:10C54000FB18BA695C21525C1A70BB695C2202213B
:10C550009954FB1D1B78042B21D89A00354BD31816
:10C560001B689F46BB699A6DBB681A43BB699A6595
:10C5700018E0BB699B6D5A1CBB699A6512E0BB69E8
:10C58000BA689A650EE01323FB181B78022B03D0C0
:10C59000BB69BA689A6505E00023FB6102E0C0460A
:10C5A00000E0C0461323FB181B78012B39D1224B26
:10C5B0001B68002B1DD1BB6904331800FDF7B8FCC4
:10C5C000BB69DA6A1D4B1B689A4203D9BB69DA6AF8
:10C5D0001A4B1A60BB69DA6A13009B009B189B0018
:10C5E000174A9A18BB69043319001000FDF748FC7C
:10C5F00007E0BB6918331A00124B11001800FDF751
:10C600003FFCBB69DA6A104B1B68DB6A9A4208D9A7
:10C61000BB6A002B02D0BB6A01221A600B4B0122BD
:10C620001A607B691800FDF765FDFB691800BD46BF
:10C6300008B080BDB0DA02082095012000950120E5
:10C64000FC930120B8940120F89301200C9501205F
:10C6500080B586B000AF786039607B687B61FDF79C
:10C6600043FD03003B610F203B187A695C21525C5B
:10C670001A707B695C22022199547B699B6D5A1C5C
:10C680007B699A653B181B78012B39D1204B1B68BD
:10C69000002B1DD17B6904331800FDF749FC7B6931
:10C6A000DA6A1C4B1B689A4203D97B69DA6A194B18
:10C6B0001A607B69DA6A13009B009B189B00164A7C
:10C6C0009A187B69043319001000FDF7D9FB07E0C5
:10C6D0007B6918331A00114B11001800FDF7D0FBCD
:10C6E0007B69DA6A0E4B1B68DB6A9A4208D93B68A1
:10C6F000002B02D03B6801221A600A4B01221A600B
:10C700003B691800FDF7F6FCC046BD4606B080BD8B
:10C710002095012000950120FC930120B894012070
:10C72000F89301200C95012080B584B000AF7860AB
:10C730003960214B1B68FB60204B1B6804331800D9
:10C74000FDF7F6FB7B6801330BD13B68002B08D06B
:10C750001A4B1B681A1D1A4B11001800FDF790FBAD
:10C7600026E0FA687B68D318BB60144B1B68BA6874
:10C770005A60BA68FB689A4209D2124B1A680F4B8A
:10C780001B68043319001000FDF79CFB10E00E4BF2
:10C790001A680A4B1B68043319001000FDF792FB5E
:10C7A0000A4B1B68BA689A4202D2084BBA681A60F0
:10C7B000C046BD4604B080BDFC940120F893012022
:10C7C000E4940120B4940120B09401201895012034
:10C7D00080B584B002AF00237B6000F0E3FA0A4B1F
:10C7E0001B68002B0BD0094A09490A480A4B0193E0
:10C7F000032300930023FEF794FB03007B607B6818
:10C800001800BD4602B080BD5C950120C40900003F
:10C81000C4DA0208C9C901086095012090B589B041
:10C8200002AFF860B9607A603B602C20FDF7C8FC6D
:10C8300003007B617B69002B0ED07B6928220021DD
:10C8400099543C687A68B968F8687B690193BB6A57
:10C850000093230000F005F87B691800BD4607B07F
:10C8600090BD80B584B000AFF860B9607A603B607D
:10C87000FB69002B1ED000F095FAFB69FA681A607C
:10C88000FB69BA689A61FB693A68DA61FB69BA695F
:10C890001A62FB6904331800FDF7E7FA7B68002B86
:10C8A00008D0FB6928229B5C04221343D9B2FB69A0
:10C8B00028229954C046BD4604B080BD90B58BB0C7
:10C8C00000AFF860B9607A603B6000237B621D4B6B
:10C8D0001B68002B30D014243B19BA681A603B192E
:10C8E0007A685A603B19FA689A60BB68052B19DCB4
:10C8F000FFF7ACFA0300022B09D1124B1868BA6B90
:10C9000039190023FDF7ABFE03007B6214E00D4BE9
:10C9100018681423F91800230022FDF7A0FE030075
:10C920007B6209E0074B18683A681423F918002362
:10C93000FDF72AFF03007B627B6A1800BD460BB03F
:10C9400090BDC0465C95012080B586B002AF78608E
:10C9500039601C4B1B68DB68DB68FB60FB680433D9
:10C960001800FDF7E5FAFB6828229B5C1A000423F7
:10C97000134015D0FB689A697B68D1187B683A68C8
:10C98000F86800F0BFF8031E13D07A68F868002337
:10C99000009300230021FFF791FF0300BB6008E034
:10C9A000FB6828229B5C01229343D9B2FB682822B2
:10C9B0009954FB681B6AFA6810009847C046BD4648
:10C9C00004B080BD5495012080B584B000AF78607C
:10C9D0000823FB18180000F053F80300FB60BA6846
:10C9E000FB681100180000F003F800F0CDF8EFE745
:10C9F00080B584B000AF78603960FEF72BFD082366
:10CA0000FB18180000F05EF80300FB60BB68002B09
:10CA10002BD13B68002B0CD17A68FB689A4208D86E
:10CA2000FEF724FDFA687B6811001800FFF78CFF01
:10CA30001DE03B68002B08D00F4B1B681B68002BC8
:10CA400001D1012300E000233B600C4B18687A6899
:10CA5000FB68D31A3A681900FEF730FAFEF706FDB4
:10CA6000031E04D1FDF70CFB01E0FEF7FFFCC046FE
:10CA7000BD4604B080BDC046589501205C9501209C
:10CA800080B584B000AF78600D4B1B681B68002B2D
:10CA900001D1012200E000227B681A607B681B68DC
:10CAA000002B05D1064B1B68DB681B68FB6001E0AF
:10CAB0000023FB60FB681800BD4604B080BDC04683
:10CAC0005495012080B584B000AF7860FEF754FD26
:10CAD0000300FB600A4B1B68FA689A4205D200F01B
:10CAE00009F97B6801221A6002E07B6800221A6063
:10CAF000034BFA681A60FB681800BD4604B080BD9D
:10CB00006495012080B586B000AFF860B9607A60A6
:10CB10003B6000237B61FB68BA685A60FB68FA6877
:10CB20001A61BA687B689A4212D87A683B68D21A4E
:10CB3000FB689B699A4202D301237B611BE0104B87
:10CB40001A68FB68043319001000FDF7BBF912E006
:10CB50007A683B689A4206D2BA683B689A4202D326
:10CB600001237B6107E0074B1A68FB680433190057
:10CB70001000FDF7A7F97B691800BD4606B080BD1F
:10CB8000589501205495012090B58DB002AF9CE0DE
:10CB90000822BB181B68002B0ADABB1804337B621F
:10CBA0007B6A1A687B6A58687B6A9B6819009047A1
:10CBB0000822BB181B68002B00DA86E0BB189B68B4
:10CBC0003B623B6A5B69002B04D03B6A043318006C
:10CBD000FDF7AEF93B1D1800FFF774FF0300FB6182
:10CBE0000823FB181B68092B6ED89A003F4BD318FB
:10CBF0001B689F463B6A28229B5C01221343D9B2E3
:10CC00003B6A2822995408243B195A683B6A9B695D
:10CC1000D1183B195B68FA69386AFFF773FF031E86
:10CC200053D03B6A1B6A3A6A100098473B6A282235
:10CC30009B5C1A000423134047D03B195A683B6A97
:10CC40009B69D218386A0023009300230021FFF764
:10CC500035FE0300BB6138E03B6A28229B5C012261
:10CC60009343D9B23B6A282299542EE03B6A28228A
:10CC70009B5C01221343D9B23B6A282299540823B2
:10CC8000FB185A683B6A9A613B6A9A69FB69D1183A
:10CC9000FB69FA69386AFFF735FF16E03B6A28221C
:10CCA0009B5C1A000223134004D13B6A1800FDF775
:10CCB00027FB0AE03B6A28229B5C01229343D9B2FE
:10CCC0003B6A2822995400E0C046094B1B680822A1
:10CCD000B91800221800FDF7F5FD031E00D057E734
:10CCE000C046C046BD460BB090BDC046CCDA020877
:10CCF0005C95012080B588B002AF3CE0274B1B68F3
:10CD0000DB681B683B61254B1B68DB68DB68FB60ED
:10CD1000FB6804331800FDF70BF9FB681B6AFA681F
:10CD200010009847FB6828229B5C1A0004231340DC
:10CD300021D0FB689B693A69D318BB60BA683B692C
:10CD40009A420ED9FB68BA685A60FB68FA681A61A1
:10CD5000124B1A68FB68043319001000FDF7B2F893
:10CD600009E03A69F8680023009300230021FFF7E7
:10CD7000A5FD03007B60094B1B681B68002BBDD120
:10CD8000064B1B687B61064B1A68044B1A60044B08
:10CD90007A691A60C046BD4606B080BD5495012030
:10CDA0005895012080B500AFFDF77AF9144B1B6848
:10CDB000002B20D1134B1800FDF739F8124B180047
:10CDC000FDF735F8114B0F4A1A60114B0E4A1A60E5
:10CDD000002210210420FDF7DAFB0200084B1A6044
:10CDE000074B1B68002B06D0054B1B68094A110036
:10CDF0001800FEF73BF8FDF765F9C046BD4680BD5B
:10CE00005C9501202C95012040950120549501202E
:10CE100058950120F4DA020880B582B000AFFB1DFE
:10CE200000221A700B4B1A680A4B802149000A43F2
:10CE30001A60032000F016F8031E03D0FB1D012228
:10CE40001A7001E000F008F8FB1D1B781800BD46C1
:10CE500002B080BD0020024080B500AFC046BD4694
:10CE600080BD000090B585B000AF78600F23FB183F
:10CE700000221A701D4B1B78002B2BD01C4B1C68FA
:10CE80001A4B1B781900FA239800E3F763F90300A3
:10CE900019002000E3F75EF90300180001F08FF895
:10CEA000031E12D17B68032B0AD8796801235B42E9
:10CEB0000022180001F05EF80E4B7A681A600DE04F
:10CEC0000F23FB1801221A7008E00F23FB18012220
:10CED0001A7003E00F23FB1801221A700F23FB18AE
:10CEE0001B781800BD4605B090BDC0461802002052
:10CEF000FC0100201402002080B500AF054B1B7818
:10CF00001A00054B1B68D218034B1A60C046BD4679
:10CF100080BDC046180200206895012080B500AF92
:10CF2000024B1B681800BD4680BDC04668950120B5
:10CF300080B584B000AF7860FFF7F0FF0300BB60FE
:10CF40007B68FB60FB68013305D00A4B1B781A0035
:10CF5000FB689B18FB60C046FFF7E0FF0200BB6860
:10CF6000D31AFA689A42F7D8C046C046BD4604B004
:10CF700080BDC0461802002080B500AF034B1B687F
:10CF80001B0C1B041B0C1800BD4680BD0058014043
:10CF900080B500AF034B1B681B051B0D1800BD4679
:10CFA00080BDC0460058014080B582B000AF7860B7
:10CFB00039607B681B68054A1A403B681A437B68E6
:10CFC0001A60C046BD4602B080BDC046FFFF3FFEAE
:10CFD00080B582B000AF78607B681A68E0235B049C
:10CFE00013401800BD4602B080BD80B584B000AFCC
:10CFF000F860B9607A60FB685B69BA6804210A402E
:10D00000072191400A00D2431A40BB6804210B401B
:10D01000796899400B001A43FB685A61C046BD46C7
:10D0200004B080BD80B582B000AF786039607B68A5
:10D030005B693A6804210A40072191400A001A40BE
:10D040003B6804210B40DA4013001800BD4602B0D3
:10D0500080BD80B582B000AF78607B68DA68C0239D
:10D060001B01134001D1012300E000231800BD463D
:10D0700002B080BD80B584B000AFF860B9607A605E
:10D08000FB689B6ABA681F210A400F2191400A0081
:10D09000D2431A407B689B0E0F211940BB681F20AA
:10D0A000034099400B001A43FB689A62C046BD4694
:10D0B00004B080BD80B582B000AF786039607B6815
:10D0C0009A6A3B685B035B0B1A437B689A62C046B3
:10D0D000BD4602B080BD80B582B000AF78603960D7
:10D0E0007B689B6A3A685203520BD2431A407B68B2
:10D0F0009A62C046BD4602B080BD000080B584B0D3
:10D1000000AFF860B9607A60FB685B69BA681202C8
:10D11000D2431A40BB681B0279680B4004490B409C
:10D120001A43FB685A61C046BD4604B080BDC04684
:10D1300000FFFF0780B582B000AF78607B689B6816
:10D14000054A1340802252051A437B689A60C04604
:10D15000BD4602B080BDC046E8FFFF6F80B582B01B
:10D1600000AF78607B689A6880235B051A40802353
:10D170005B059A4201D1012300E000231800BD465F
:10D1800002B080BD80B582B000AF78607B689B68DC
:10D19000044A134001221A437B689A60C046BD4688
:10D1A00002B080BDE8FFFF7F80B582B000AF78603D
:10D1B0007B689B68044A134002221A437B689A608A
:10D1C000C046BD4602B080BDE8FFFF7F80B582B09B
:10D1D00000AF78607B689B6801221340012B01D16E
:10D1E000012300E000231800BD4602B080BD80B5D9
:10D1F00082B000AF78607B689B6802221340022BEC
:10D2000001D1012300E000231800BD4602B080BD1B
:10D2100080B582B000AF78607B689B68044A134099
:10D2200004221A437B689A60C046BD4602B080BDA6
:10D23000E8FFFF7F80B582B000AF78607B689B68B5
:10D24000044A134010221A437B689A60C046BD46C8
:10D2500002B080BDE8FFFF7F80B582B000AF78608C
:10D260007B689B6804221340042B01D1012300E05A
:10D2700000231800BD4602B080BD000080B588B014
:10D2800000AF78601F23FB1800221A700023BB61D7
:10D2900000237B610023FB607B68002B01D101230D
:10D2A0007FE17B689B6D002B0AD17B681800F5F746
:10D2B00013FC7B680022DA657B68542200219954B4
:10D2C0007B681B681800FFF749FF031E15D17B68B8
:10D2D0001B681800FFF72EFFB44B1B68B4491800F9
:10D2E000E2F738FF030001335B00FB6002E0FB68FC
:10D2F000013BFB60FB68002BF9D17B681B681800C1
:10D30000FFF72CFF031E0FD17B689B6D10221A4381
:10D310007B689A657B68DB6D01221A437B68DA655E
:10D320001F23FB1801221A707B681B681800FFF787
:10D3300093FF03003B617B689B6D1022134000D07C
:10D3400022E13B69002B00D01EE17B689B6D994A6E
:10D35000134002221A437B689A657B681B68180099
:10D36000FFF734FF031E00D0ADE07B689A687B684E
:10D370001B7E9B031A437B685B7EDB031A437B683F
:10D380009B7E5B031A437B681B6B002B02D08023C0
:10D390005B0100E000231A437B68DB681A437B686B
:10D3A0001B69002B04DA7B681B695B005B0801E0EA
:10D3B00080239B031A437B682C215B5C5B00134337
:10D3C000BA691343BB617B6820229B5C012B15D19A
:10D3D0007B689B7E002B05D1BB69802252021343E0
:10D3E000BB610BE07B689B6D20221A437B689A65CA
:10D3F0007B68DB6D01221A437B68DA657B685B6AB8
:10D40000002B0AD07B685A6AE0235B001A407B68D5
:10D410009B6A1343BA691343BB617B681B68DB6873
:10D42000654A134019007B681B68BA690A43DA60D1
:10D430007B685B689B0F9A077B68DB6C13437A6998
:10D4400013437B617B683C229B5C012B11D17B6881
:10D450005B689B0F9A077B681B6C1A437B685B6C4D
:10D460001A437B689B6C1A437B6913430122134365
:10D470007B617B681B681B69504A134019007B68FD
:10D480001B687A690A431A617B685A68C0231B06C5
:10D490009A4218D07B685A688023DB059A4212D0E2
:10D4A0007B685A6880231B069A420CD0444B1B6849
:10D4B000444A134019007B685A68F0239B031A40C2
:10D4C0003F4B0A431A607B6818687B685B6B1A00E5
:10D4D0000021FFF78AFD7B6818687B689B6B3A49DF
:10D4E0001A00FFF782FD7B681B69002B09D17B685E
:10D4F0001B689A6A7B681B68102149420A439A623A
:10D5000018E07B681A6980239B039A4212D17B68DA
:10D510001B689B6A7B68DB69013B9B001C221340F4
:10D52000102252429A4011007B681A6E7B681B6879
:10D530000A439A627B681B6800211800FFF772FD9E
:10D5400002007B685B6B9A420BD17B680022DA6534
:10D550007B689B6D0322934301221A437B689A6583
:10D560001CE07B689B6D1222934310221A437B6858
:10D570009A657B68DB6D01221A437B68DA651F239D
:10D58000FB1801221A7009E07B689B6D10221A4378
:10D590007B689A651F23FB1801221A701F23FB1852
:10D5A0001B781800BD4608B080BDC046FC010020B5
:10D5B000400D0300FDFEFFFF0102DEFF02FCFF1F26
:10D5C00008270140FFFFC3FF04FFFF07B0B584B089
:10D5D00000AF78607B681B681800FFF73DFE031EF4
:10D5E00035D17B6854229B5C012B01D1022335E0AD
:10D5F0007B685422012199540F257C197B681800FF
:10D6000000F028FB030023707B191B78002B19D135
:10D610007B689B6D134A1340802252001A437B683B
:10D620009A657B680022DA657B681B681C221A6099
:10D630007B685422002199547B681B681800FFF70F
:10D64000E7FD08E07B6854220021995403E00F2392
:10D65000FB1802221A700F23FB181B781800BD4616
:10D6600004B0B0BDFEF0FFFFB0B584B000AF78608D
:10D670007B6854229B5C012B01D1022329E07B684B
:10D680005422012199540F257C197B68180000F061
:10D690009FFA030023707B191B78002B12D17C1991
:10D6A0007B68180000F05CFB030023707B191B787B
:10D6B000002B07D17B689B6D084A134001221A4357
:10D6C0007B689A657B685422002199540F23FB18CC
:10D6D0001B781800BD4604B0B0BDC046FEFEFFFF7B
:10D6E00080B584B000AF786039607B685B69082BD7
:10D6F00002D10823FB600FE07B681B68DB68012216
:10D70000134007D07B689B6D20221A437B689A6583
:10D71000012372E00423FB60FFF700FC0300BB6001
:10D720001FE03B6801331CD0FFF7F8FB0200BB6829
:10D73000D31A3A689A4202D33B68002B11D17B6816
:10D740001B681B68FA6813400BD17B689B6D042231
:10D750001A437B689A657B685422002199540323FD
:10D760004BE07B681B681B68FA681340D9D07B6864
:10D770009B6D802292001A437B689A657B681B68C8
:10D780001800FFF766FC031E2ED07B689B7E002BE3
:10D790002AD17B681B681B6808221340082B23D101
:10D7A0007B681B681800FFF757FD031E10D17B68CC
:10D7B0001B685A687B681B680C218A435A607B6827
:10D7C0009B6D104A134001221A437B689A650BE057
:10D7D0007B689B6D20221A437B689A657B68DB6DB2
:10D7E00001221A437B68DA657B681B7E002B03D11C
:10D7F0007B681B680C221A6000231800BD4604B029
:10D8000080BDC046FEFEFFFF80B582B000AF7860ED
:10D810007B681B681B6C1800BD4602B080BD000011
:10D8200080B586B000AF786039601723FB180022FE
:10D830001A700023FB607B6854229B5C012B01D192
:10D840000223C0E17B685422012199547B681B6844
:10D850001800FFF701FD031E00D0A3E13B685B68E1
:10D86000022B00D143E17B681A6980231B069A4290
:10D8700004D07B681B69C14A934208D17B681A684F
:10D880003B681B6819001000FFF714FCC9E07B68B7
:10D890001A6E3B685B681F210B400F2199400B00FB
:10D8A000DB43134019003B681B685B035B0B05D12E
:10D8B0003B681B689B0E1F22134098E03B681B6867
:10D8C0000122134000D091E03B681B680222134004
:10D8D00000D089E03B681B680422134000D081E03F
:10D8E0003B681B680822134000D079E03B681B6846
:10D8F0001022134000D071E03B681B6820221340C7
:10D9000000D069E03B681B684022134000D061E012
:10D910003B681B688022134000D059E03B681A68BE
:10D9200080235B00134051D13B681A6880239B0021
:10D93000134049D13B681A688023DB00134041D172
:10D940003B681A6880231B01134039D13B681A6871
:10D9500080235B01134031D13B681A6880239B010F
:10D96000134029D13B681A688023DB01134021D181
:10D970003B681A6880231B02134019D13B681A6860
:10D9800080235B02134011D13B681A6880239B02FD
:10D99000134009D13B681A688023DB02134001D091
:10D9A000122324E0002322E0112320E010231EE0B4
:10D9B0000F231CE00E231AE00D2318E00C2316E0C1
:10D9C0000B2314E00A2312E0092310E008230EE0E1
:10D9D00007230CE006230AE0052308E0042306E001
:10D9E000032304E0022302E0012300E000233A685D
:10D9F00052681F20024093400A001A437B681A664F
:10DA00003B685B689B085A1C7B68DB699A4208D8B4
:10DA10007B6818683B6859683B681B681A00FFF709
:10DA200029FB7B6818683B6819683B689B681A008B
:10DA3000FFF764FB3B681B68002B00DBBCE0504B2E
:10DA40001800FFF7C5FA03003B613B681B684D4AAD
:10DA5000934222D13A6980231B0413401DD13B69B4
:10DA6000802212041343464A19001000FFF79CFA63
:10DA7000454B1B6845491800E2F76CFB03005A1C34
:10DA800013005B009B189B00FB6002E0FB68013BFE
:10DA9000FB60FB68002BF9D18EE03B681B683C4AB9
:10DAA00093420ED13A6980235B04134009D13B694C
:10DAB000802252041343324A19001000FFF774FA0F
:10DAC0007AE03B681B68334A934200D074E03A69BD
:10DAD0008023DB03134000D06EE03B698022D20339
:10DAE0001343274A19001000FFF75EFA64E07B68D1
:10DAF0001A6980231B069A4204D07B681B691F4A5F
:10DB0000934207D17B681A683B681B6819001000B4
:10DB1000FFF7E1FA3B681B68002B4DDA184B180041
:10DB2000FFF756FA03003B613B681B68154A9342B6
:10DB300008D13B69184A1340114A19001000FFF739
:10DB400033FA39E03B681B68114A934208D13B69BC
:10DB5000124A13400A4A19001000FFF725FA2BE079
:10DB60003B681B680B4A934226D13B690C4A134021
:10DB7000034A19001000FFF717FA1DE004000080A7
:10DB800008270140001000B0FC010020400D0300F8
:10DB9000004000B8002000B4FFFF7FFFFFFFFFFE42
:10DBA000FFFFBFFF7B689B6D20221A437B689A654D
:10DBB0001723FB1801221A707B6854220021995404
:10DBC0001723FB181B781800BD4606B080BDC04661
:10DBD00080B584B000AF78607B681B681800FFF7E1
:10DBE0003BFB031E31D07B681B681800FFF7FFFA70
:10DBF000031E04D17B681B681800FFF71BFBFFF7AF
:10DC00008DF90300FB601AE0FFF788F90200FB685A
:10DC1000D31A022B13D97B681B689B68042213401C
:10DC20000DD07B689B6D10221A437B689A657B68D8
:10DC3000DB6D01221A437B68DA65012306E07B680D
:10DC40001B689B6804221340DED100231800BD46E8
:10DC500004B080BD80B584B000AF78600023BB60A5
:10DC60007B681B681800FFF7B1FA031E00D069E05B
:10DC70007B681B689B68364A13400DD07B689B6DA0
:10DC800010221A437B689A657B68DB6D01221A4378
:10DC90007B68DA65012356E07B681B681800FFF794
:10DCA00071FA2C4B1800FFF793F9020080231B0434
:10DCB00013400FD0284B1B6828491800E2F74AFA96
:10DCC00003000133BB6002E0BB68013BBB60BB6883
:10DCD000002BF9D17B685B7E012B33D0FFF71EF957
:10DCE0000300FB6027E07B681B681800FFF76EFAF3
:10DCF000031E04D17B681B681800FFF743FAFFF787
:10DD00000DF90200FB68D31A022B14D97B681B683B
:10DD10001B6801221340012B0DD07B689B6D1022E4
:10DD20001A437B689A657B68DB6D01221A437B6826
:10DD3000DA65012307E07B681B681B68012213403A
:10DD4000012BD0D100231800BD4604B080BDC046D1
:10DD50001700008008270140FC010020400D03004F
:10DD600080B584B000AF78607B681B681800FFF74F
:10DD70003EFA0300FB607B681B681800FFF726FA79
:10DD8000031E46D0FB68002B43D17B681B689B6851
:10DD900005221340012B0DD17B681B681800FFF78B
:10DDA00003FA7B681B6803221A60FFF7B7F80300C9
:10DDB000BB6028E07B689B6D10221A437B689A65E4
:10DDC0007B68DB6D01221A437B68DA65012321E061
:10DDD000FFF7A4F80200BB68D31A022B13D97B68A3
:10DDE0001B689B68012213400DD07B689B6D10223D
:10DDF0001A437B689A657B68DB6D01221A437B6856
:10DE0000DA65012306E07B681B689B6801221340EA
:10DE1000DED100231800BD4604B080BD80B582B0BD
:10DE200000AF0200FB1D1A70FB1D1B787F2B09D869
:10DE3000FB1D1B781A001F231A40044B012191403F
:10DE40000A001A60C046BD4602B080BD00E100E095
:10DE500090B583B000AF02003960FB1D1A70FB1D46
:10DE60001B787F2B28D82F4AFB1D1B785BB29B08A1
:10DE7000C0339B009B58FA1D1278110003220A4000
:10DE8000D200FF2191400A00D2431A4011003B68A2
:10DE90009B01FF221A40FB1D1B781800032303403F
:10DEA000DB009A401F48FB1D1B785BB29B080A43AE
:10DEB000C0339B001A5031E01B4AFB1D1B78190030
:10DEC0000F230B40083B9B0806339B00D3180433F9
:10DED0001B68FA1D1278110003220A40D200FF21AC
:10DEE00091400A00D2431A4011003B689B01FF2277
:10DEF0001A40FB1D1B78180003230340DB009A40E7
:10DF00000948FB1D1B781C000F232340083B9B087E
:10DF10000A4306339B00C31804331A60C046BD464B
:10DF200003B090BD00E100E000ED00E080B582B0FC
:10DF300000AF78607B685A1E80235B049A4201D34D
:10DF4000012310E00A4B7A68013A5A6001235B42D0
:10DF500003211800FFF77CFF054B00229A60044B59
:10DF600007221A6000231800BD4602B080BDC046DB
:10DF700010E000E080B584B000AFB9607A600F2196
:10DF80007B18021C1A70BA687B181B785BB21100F0
:10DF90001800FFF75DFFC046BD4604B080BD80B5E8
:10DFA00082B000AF0200FB1D1A70FB1D1B785BB234
:10DFB0001800FFF733FFC046BD4602B080BD80B5F4
:10DFC00082B000AF78607B681800FFF7AFFF0300F6
:10DFD0001800BD4602B080BD80B582B000AF786049
:10DFE0007B68002B01D1012356E07B685B7FDBB2AD
:10DFF000002B06D17B6800221A777B681800F4F7A3
:10E00000E7F97B6802225A777B681B79002B0CD1D9
:10E010007B681B68224A5A617B681B689A687B6828
:10E020001B6818218A439A600BE07B6899687B68BB
:10E03000DA687B68180000F095F9031E01D001230F
:10E040002AE07B685B79002B05D17B681B68012285
:10E0500052421A6104E07B681B687A6812691A618F
:10E060007B681B689B686022934319007B685A6930
:10E070007B681B680A439A607B681B689B688022E8
:10E08000934319007B689A697B681B680A439A600E
:10E090007B6801225A7700231800BD4602B080BD7C
:10E0A000B71DC10480B586B000AFF860B9607A6072
:10E0B00000233B61FB6802225A77FB681B6A032B33
:10E0C00005D02DD8012B19D0022B20D028E0002319
:10E0D0007B610AE07B699B00BA68D218FB681B6809
:10E0E00012681A607B6901337B617A697B689A42A6
:10E0F000F0D3FB681B681B683B6112E07A68B96863
:10E10000FB68180000F064F803003B6109E07A68DE
:10E11000B968FB68180000F0EEF803003B6100E00E
:10E12000C046FB6801225A773B691800BD4606B01D
:10E1300080BD80B586B000AFF860B9607A6000231A
:10E140003B61FB6802225A77FB681B689A68FB6890
:10E150001B6801210A439A60FB681B6A032B05D0E8
:10E160002DD8012B19D0022B20D028E000237B6171
:10E170000AE07B699B00BA68D218FB681B681268CA
:10E180001A607B6901337B617A697B689A42F0D3BC
:10E19000FB681B681B683B6112E07A68B968FB6822
:10E1A000180000F015F803003B6109E07A68B968CF
:10E1B000FB68180000F09FF803003B6100E0C046D8
:10E1C000FB6801225A773B691800BD4606B080BD46
:10E1D00080B588B000AFF860B9607A600023FB6159
:10E1E00023E0FB699B00BA68D3181B781A06FB6909
:10E1F0009B000133B968CB181B781B041A43FB69D9
:10E200009B000233B968CB181B781B021A43FB69C9
:10E210009B000333B968CB181B781900FB681B6897
:10E220000A431A60FB690133FB617B689B08FA694A
:10E230009A42D6D37B680322134055D07B680322D1
:10E240001340012B07D1FB699B00BA68D218FB6809
:10E250001B6812781A707B6803221340022B1AD1B4
:10E26000FB699B00BA68D3181B781BB21B021AB259
:10E27000FB699B000133B968CB181B781BB21343B1
:10E280001AB21A217B181A80FB681B687B617B69B4
:10E290007A1812881A807B6803221340032B23D13B
:10E2A000FB699B00BA68D3181B781BB21B021AB219
:10E2B000FB699B000133B968CB181B781BB2134371
:10E2C0001AB21A217B181A80FB681B687B617B6974
:10E2D0007A1812881A80FB699B000233BA68D21838
:10E2E000FB681B6812781A70FB681B681B681800B3
:10E2F000BD4608B080BD80B586B000AFF860B9609B
:10E300007A6000237B6113E07B699B00BA68D318B5
:10E310001B881A047B699B000233B968CB181B88E1
:10E320001900FB681B680A431A607B6901337B6133
:10E330007B685B087A699A42E6D37B6801221340C6
:10E3400009D0FB681B683B617B699B00BA68D318E6
:10E350001A883B691A80FB681B681B681800BD4659
:10E3600006B080BD80B586B000AFF860B9607A6055
:10E3700017217B1800221A701F233B61BB68012202
:10E38000134003D17B1801221A7045E0C0463B6957
:10E390005A1E3A61002B08D03B691F221340BA680D
:10E3A000DA40130001221340F1D07B68182B0FD004
:10E3B0007B68182B24D87B68102B11D07B68102B1E
:10E3C0001ED87B68002B20D07B68082B10D017E06C
:10E3D0003B69062B1BD91723FB1801221A7016E084
:10E3E0003B69072B15D91723FB1801221A7010E07F
:10E3F0003B690F2B0FD91723FB1801221A700AE073
:10E400001723FB1801221A7006E0C04604E0C0463C
:10E4100002E0C04600E0C0461723FB181B78002B23
:10E420000ED1FB681B68BA685A61FB681B689B6861
:10E43000182293431900FB681B687A680A439A60A4
:10E440001723FB181B781800BD4606B080BD0000DE
:10E4500080B582B000AF78607B68002B01D10123CA
:10E4600091E07B681B681A00494B9A4210D87B6880
:10E470001B68484A9446634414211800E1F76AFE79
:10E4800003009A007B685A647B68434A1A640FE071
:10E490007B681B68414A9446634414211800E1F7E5
:10E4A00059FE03009A007B685A647B683C4A1A64F0
:10E4B0007B682522022199547B681B681A687B6857
:10E4C0001B6838490A401A607B681B6819687B68BA
:10E4D0009A687B68DB681A437B681B691A437B6810
:10E4E0005B691A437B689B691A437B68DB691A4343
:10E4F0007B681B6A1A437B681B680A431A607B6847
:10E50000180000F0A9FA7B689A688023DB019A4220
:10E5100002D17B6800225A607B685A687B689B6CDA
:10E520007F210A401A607B68DB6C7A68126D5A6042
:10E530007B685B68002B11D07B685B68042B0DD86F
:10E540007B68180000F0D2FA7B685B6D00221A60CD
:10E550007B689B6D7A68D26D5A6008E07B68002208
:10E560005A657B6800229A657B680022DA657B68C1
:10E570000022DA637B682522012199547B682422DA
:10E580000021995400231800BD4602B080BDC0464A
:10E5900007040240F8FFFDBF00000240F8FBFDBF8A
:10E5A000000402400F80FFFF80B586B000AFF86026
:10E5B000B9607A603B601723FB1800221A70FB6871
:10E5C00024229B5C012B01D102236FE0FB682422F3
:10E5D00001219954FB6825229B5CDBB2012B57D1AA
:10E5E000FB68252202219954FB680022DA63FB684C
:10E5F0001B681A68FB681B6801218A431A603B6824
:10E600007A68B968F86800F0EBF9FB681B6B002BBF
:10E6100008D0FB681B681A68FB681B680E210A4358
:10E620001A600FE0FB681B681A68FB681B6804210E
:10E630008A431A60FB681B681A68FB681B680A211A
:10E640000A431A60FB689B6C1A6880235B021340C4
:10E6500008D0FB689B6C1A68FB689B6C80214900A2
:10E660000A431A60FB685B6D002B08D0FB685B6D8A
:10E670001A68FB685B6D802149000A431A60FB68D9
:10E680001B681A68FB681B6801210A431A600AE0CC
:10E69000FB688022DA63FB68242200219954172347
:10E6A000FB1801221A701723FB181B781800BD46AF
:10E6B00006B080BD80B582B000AF78607B68002B6B
:10E6C00001D101234FE07B6825229B5CDBB2022B4A
:10E6D00008D07B680422DA637B68242200219954E5
:10E6E000012340E07B681B681A687B681B680E2169
:10E6F0008A431A607B689B6C1A687B689B6C1C4918
:10E700000A401A607B681B681A687B681B680121D5
:10E710008A431A607B685B6C1C221A407B681B6C06
:10E72000012191400A005A607B68DB6C7A68126DA7
:10E730005A607B685B6D002B0CD07B685B6D1A6840
:10E740007B685B6D0A490A401A607B689B6D7A683A
:10E75000D26D5A607B682522012199547B6824225E
:10E760000021995400231800BD4602B080BDC04668
:10E77000FFFEFFFF80B584B000AF78600F217B18EB
:10E7800000221A707B6825229B5CDBB2022B06D02C
:10E790007B680422DA637B1801221A7048E07B68E8
:10E7A0001B681A687B681B680E218A431A607B68A5
:10E7B0001B681A687B681B6801218A431A607B68A2
:10E7C0009B6C1A687B689B6C1D490A401A607B68C9
:10E7D0005B6C1C221A407B681B6C012191400A0073
:10E7E0005A607B68DB6C7A68126D5A607B685B6D7F
:10E7F000002B0CD07B685B6D1A687B685B6D1049E1
:10E800000A401A607B689B6D7A68D26D5A607B689B
:10E810002522012199547B682422002199547B6888
:10E820009B6B002B04D07B689B6B7A681000984729
:10E830000F23FB181B781800BD4604B080BDC046EE
:10E84000FFFEFFFF80B584B000AF78607B681B6C73
:10E850001B68FB607B681B681B68BB607B685B6C2C
:10E860001C22134004229A401300FA68134026D059
:10E87000BB680422134022D07B681B681B682022DF
:10E88000134007D17B681B681A687B681B680421EA
:10E890008A431A607B685B6C1C221A407B681B6C85
:10E8A000042191400A005A607B681B6B002B00D149
:10E8B00080E07B681B6B7A68100098477AE07B6881
:10E8C0005B6C1C22134002229A401300FA6813402A
:10E8D0003CD0BB680222134038D07B681B681B68A1
:10E8E000202213400BD17B681B681A687B681B6869
:10E8F0000A218A431A607B682522012199547B688A
:10E900001B681A002E4B9A4209D97B685B6C1C224B
:10E910001A402C4B022191400A005A6008E07B68A3
:10E920005B6C1C221A40284B022191400A005A605D
:10E930007B682422002199547B68DB6A002B39D044
:10E940007B68DB6A7A681000984733E07B685B6C11
:10E950001C22134008229A401300FA6813402AD060
:10E96000BB680822134026D07B681B681A687B6846
:10E970001B680E218A431A607B685B6C1C221A405C
:10E980007B681B6C012191400A005A607B68012260
:10E99000DA637B682522012199547B6824220021B7
:10E9A00099547B685B6B002B05D07B685B6B7A6846
:10E9B00010009847C046C046BD4604B080BDC04662
:10E9C00080000240000402400000024080B582B096
:10E9D00000AF78607B68DB6B1800BD4602B080BD7D
:10E9E00080B584B000AFF860B9607A603B60FB68C6
:10E9F000DB6CFA68126D5A60FB685B6D002B04D00B
:10EA0000FB689B6DFA68D26D5A60FB685B6C1C22D8
:10EA10001A40FB681B6C012191400A005A60FB6898
:10EA20001B683A685A60FB689B68102B08D1FB682A
:10EA30001B687A689A60FB681B68BA68DA6007E04E
:10EA4000FB681B68BA689A60FB681B687A68DA60C2
:10EA5000C046BD4604B080BD80B584B000AF7860CC
:10EA60007B681B681A001D4B9A4214D87B685B6C4C
:10EA70009B089B001A4A9A187B689A647B681B68FB
:10EA80001A00FF231340083B14211800E1F762FB32
:10EA90000300FB6014E07B685B6C9B089B00114AE1
:10EAA0009A187B689A647B681B681A00FF231340DE
:10EAB000083B14211800E1F74DFB03000733FB600E
:10EAC0007B68094ADA64FB681F22134001229A40DE
:10EAD0007B681A65C046BD4604B080BD070402408D
:10EAE000000802401C0802408008024080B584B043
:10EAF00000AF78607B685B687F221340FB60FB6837
:10EB00000A4A944663449B001A007B685A657B68F6
:10EB1000074A9A65FB68013B0322134001229A4091
:10EB20007B68DA65C046BD4604B080BD3F820010F8
:10EB300040090240B0B586B000AFF860B9603A60F5
:10EB40007B60214B1B78012B01D1022338E01E4B47
:10EB500001221A701C4B00225A6017257C19FA23D7
:10EB60009B00180000F07AF8030023707B191B78D3
:10EB7000002B1FD1FB68012B06D13A687B68B9686E
:10EB8000080000F0B9F805E03A68BB681100180009
:10EB90000BF062FE1723FC18FA239B00180000F00C
:10EBA0005DF803002370094B5A69FB68D943074B92
:10EBB0000A405A61044B00221A701723FB181B7875
:10EBC0001800BD4606B0B0BD6C9501200020024083
:10EBD00080B582B000AFFB1D00221A700B4B5B6941
:10EBE000002B0CDA094B0A4A9A60084B094A9A60D2
:10EBF000064B5B69002B02DAFB1D01221A70FB1D1C
:10EC00001B781800BD4602B080BDC04600200240FF
:10EC100023016745AB89EFCD80B582B000AFFB1D06
:10EC200001221A70FA239B00180000F017F80A4B13
:10EC30005A69094B802109060A435A61064B5B69F0
:10EC4000002B02DAFB1D00221A70FB1D1B78180036
:10EC5000BD4602B080BDC0460020024080B584B0F1
:10EC600000AF7860FEF75AF90300FB60C0239B02F7
:10EC7000BB600CE07B68013309D0FEF74FF902005E
:10EC8000FB68D31A7A689A4201D8032328E0164B0E
:10EC90001B69BA681340EDD1134B1B69134A13402B
:10ECA000BB60114B124A1A61BB68002B11D0114B8B
:10ECB000BA685A60012313E07B68013309D0FEF77C
:10ECC0002DF90200FB68D31A7A689A4201D803230F
:10ECD00006E0054B1A698023DB021340ECD10023C8
:10ECE0001800BD4604B080BD00200240FAC30000F9
:10ECF000FBC308006C950120B0B584B000AFF8608C
:10ED00003A607B600B4B5A690A4B01210A435A61F6
:10ED1000FB683A681A60BFF36F8FC0467B681C00BF
:10ED200000231D00FB68043322001A60C046BD4664
:10ED300004B0B0BD00200240B0B584B000AF786030
:10ED40003960334B1B78012B01D102235CE0304B3F
:10ED500001221A702E4B00225A600F257C19FA23CB
:10ED60009B001800FFF77AFF030023702C003B196B
:10ED70001B78002B42D17B681B68042B0DD17B686C
:10ED80005B68180000F048F83C19FA239B00180053
:10ED9000FFF764FF0300237030E03B68012252421A
:10EDA0001A607B689B68BB601AE07B685B68BA6826
:10EDB0001100180000F044F80F257C19FA239B007D
:10EDC0001800FFF74BFF030023707B191B78002B03
:10EDD00003D03B68BA681A600AE0BB680133BB60C5
:10EDE0007B689A687B68DB68D318BA689A42DCD380
:10EDF000084B5A69074B02218A435A61044B00228F
:10EE00001A700F23FB181B781800BD4604B0B0BD64
:10EE10006C9501200020024080B582B000AF786080
:10EE2000064B5A697B681A43044B802149020A4306
:10EE30005A61C046BD4602B080BDC04600200240B7
:10EE400080B584B000AF786039600F4B5B690F4AC2
:10EE50001340FB607B68042B05D0FB688022920185
:10EE60001343FB6003E0FB68094A1340FB603B6807
:10EE7000DA00FB681A43044B06490A435A61C0464C
:10EE8000BD4604B080BDC0460020024007E0FFFF41
:10EE9000FFDFFFFF0200010080B586B000AF7860A1
:10EEA000396000237B614DE13B681B6801217A6971
:10EEB00091400A001340FB60FB68002B00D13EE14B
:10EEC0003B685B6803221340012B05D03B685B68FD
:10EED00003221340022B30D17B689B683B617B6926
:10EEE0005B0003229A401300DA433B6913403B6105
:10EEF0003B68DA687B695B009A4013003A69134308
:10EF00003B617B683A699A607B685B683B61012280
:10EF10007B699A401300DA433B6913403B613B68CD
:10EF20005B681B0901221A407B699A4013003A6909
:10EF300013433B617B683A695A603B685B68032214
:10EF40001340032B17D07B68DB683B617B695B0058
:10EF500003229A401300DA433B6913403B613B684C
:10EF60009A687B695B009A4013003A6913433B61DE
:10EF70007B683A69DA603B685B6803221340022BC6
:10EF800023D17B69DA087B6808329200D3583B6151
:10EF90007B69072213409B000F229A401300DA433B
:10EFA0003B6913403B613B681A697B6907210B4051
:10EFB0009B009A4013003A6913433B617B69DA086E
:10EFC0007B68083292003969D1507B681B683B61CD
:10EFD0007B695B0003229A401300DA433B691340CC
:10EFE0003B613B685B6803221A407B695B009A4087
:10EFF00013003A6913433B617B683A691A603B68C6
:10F000005A68C0239B02134000D198E0534A7B69A1
:10F010009B0818339B009B583B617B69032213407C
:10F02000DB000F229A401300DA433B6913403B6137
:10F030007A68A023DB059A4219D07B68484A93423C
:10F0400013D07B68474A93420DD07B68464A93426F
:10F0500007D07B68454A934201D1042308E0052389
:10F0600006E0032304E0022302E0012300E0002382
:10F070007A6903210A40D20093403A6913433B6105
:10F0800036497B699B0818339B003A695A50334BC9
:10F090001B683B61FB68DA433B6913403B613B689B
:10F0A0005A6880235B03134003D03A69FB6813431B
:10F0B0003B612A4B3A691A60284B5B683B61FB68ED
:10F0C000DA433B6913403B613B685A6880239B03EA
:10F0D000134003D03A69FB6813433B611F4B3A6905
:10F0E0005A601E4A8423D3583B61FB68DA433B696C
:10F0F00013403B613B685A6880239B02134003D056
:10F100003A69FB6813433B61144984223B698B5085
:10F11000124A8023D3583B61FB68DA433B691340B2
:10F120003B613B685A6880235B02134003D03A6915
:10F13000FB6813433B61094980223B698B507B6923
:10F1400001337B613B681A687B69DA40131E00D08B
:10F15000AAE6C046C046BD4606B080BD00180240C3
:10F160000004005000080050000C00500010005037
:10F1700080B584B000AF78600A00BB1C1A807B6841
:10F180001B69BA1C1288134004D00F23FB180122FC
:10F190001A7003E00F23FB1800221A700F23FB18CC
:10F1A0001B781800BD4604B080BD80B582B000AFAA
:10F1B000786008001100BB1C021C1A807B1C0A1C12
:10F1C0001A707B1C1B78002B04D0BB1C1A887B6830
:10F1D0009A6103E0BB1C1A887B689A62C046BD46F0
:10F1E00002B080BD80B584B000AF78600A00BB1C5F
:10F1F0001A807B685B69FB60BB1C1B88FA68134044
:10F200001A04FB68DB43B91C09880B401A437B686E
:10F210009A61C046BD4604B080BD000080B582B092
:10F2200000AF78600C4BDB687A683F210A40D2431C
:10F230001A4011007B681A0A074B0A43DA60064B32
:10F2400099687B683F221A40034B0A439A60C04684
:10F25000BD4602B080BDC0460070004080B582B09F
:10F2600000AF7860064B9A687B683F210B40D9431A
:10F27000034B0A409A60C046BD4602B080BDC046FE
:10F280000070004080B582B000AF78600A00FB1CBF
:10F290001A707B68002B09D0144B1B68072293431C
:10F2A0001A00124B01210A431A6005E00F4B1A683D
:10F2B0000E4B07218A431A600D4B1A690C4B04212F
:10F2C0000A431A61FB1C1B78012B01D130BF02E0FD
:10F2D00040BF20BF20BF064B1A69054B04218A435B
:10F2E0001A61C046BD4602B080BDC04600700040F5
:10F2F00000ED00E080B500AF094B1B680722934387
:10F300001A00074B03210A431A60064B1A69054B82
:10F3100004210A431A6130BFC046BD4680BDC046C5
:10F320000070004000ED00E080B500AF044B9A682B
:10F33000034B802149000A439A60C046BD4680BD08
:10F340000070004080B584B000AF7860194B1B6836
:10F35000194A13401900174B7A680A431A607A68F1
:10F3600080239B009A421FD1144B1A6813005B0044
:10F370009B185B0012491800E0F7ECFE0300013314
:10F38000FB6008E0FB68002B03D0FB68013BFB60DF
:10F3900001E0032309E0074B5A698023DB001A4090
:10F3A0008023DB009A42EDD000231800BD4604B054
:10F3B00080BDC04600700040FFF9FFFFFC01002047
:10F3C00040420F0080B500AF034B9A68E023DB0199
:10F3D00013401800BD4680BD0010024080B588B0C3
:10F3E00000AF78607B68002B02D1012300F050FB56
:10F3F0007B681B680122134000D17CE0C34B9B68F3
:10F4000038221340BB61C14BDB68032213407B6190
:10F41000BB69102B02D17B69032B02D0BB69082B7F
:10F420000BD1BA4B1A6880239B02134062D07B68D1
:10F430005B68002B5ED101232AE37B685A68802336
:10F440005B029A4207D1B14B1A68B04B8021490246
:10F450000A431A6020E07B685A68A023DB029A42C4
:10F460000ED1AA4B1A68A94B8021C9020A431A601F
:10F47000A64B1A68A54B802149020A431A600BE08B
:10F48000A24B1A68A14BA2490A401A609F4B1A6806
:10F490009E4BA0490A401A607B685B68002B14D021
:10F4A000FDF73CFD03003B6108E0FDF737FD02007E
:10F4B0003B69D31A642B01D90323E9E2934B1A6801
:10F4C00080239B021340F0D015E0FDF727FD0300D9
:10F4D0003B6108E0FDF722FD02003B69D31A642B73
:10F4E00001D90323D4E2894B1A6880239B0213407D
:10F4F000F0D100E0C0467B681B680222134000D1B7
:10F5000099E0824B9B6838221340BB617F4BDB68DC
:10F51000032213407B61BB69102B02D17B69022B54
:10F5200002D0BB69002B35D1784B1A688023DB00F1
:10F53000134005D07B68DB68002B01D10123A7E2D3
:10F54000724B5B68744A134019007B685B691A024E
:10F550006E4B0A435A60BB69002B12D16B4B1B6880
:10F560006E4A134019007B681A69684B0A431A6097
:10F57000664B1B68DB0A07221340694ADA40694B75
:10F580001A60694B1B681800FDF76CFC031E51D014
:10F5900001237DE27B68DB68002B30D05B4B1B686E
:10F5A0005E4A134019007B681A69584B0A431A6077
:10F5B000564B1A68554B802149000A431A60FDF7E3
:10F5C000ADFC03003B6108E0FDF7A8FC02003B69CD
:10F5D000D31A022B01D903235AE24C4B1A68802319
:10F5E000DB001340F0D0494B5B684B4A13401900D5
:10F5F0007B685B691A02454B0A435A601BE0434B28
:10F600001A68424B49490A401A60FDF787FC03001B
:10F610003B6108E0FDF782FC02003B69D31A022B34
:10F6200001D9032334E2394B1A688023DB001340ED
:10F63000F0D100E0C0467B681B680822134047D029
:10F64000324B9B6838221340182B0AD12F4B1B6E6C
:10F65000022213403CD07B689B69002B38D10123E8
:10F6600016E27B689B69002B19D0284B1A6E274B3A
:10F6700001210A431A66FDF751FC03003B6108E0D3
:10F68000FDF74CFC02003B69D31A022B01D903237E
:10F69000FEE11E4B1B6E02221340F1D018E01B4B03
:10F6A0001A6E1A4B01218A431A66FDF737FC0300D4
:10F6B0003B6108E0FDF732FC02003B69D31A022BE4
:10F6C00001D90323E4E1114B1B6E02221340F1D157
:10F6D0007B681B680422134000D1C7E01F23FB187E
:10F6E00000221A70094B9B6838221340202B1FD12F
:10F6F000064BDB6D0222134000D1B7E07B689B68AC
:10F70000002B00D0B2E00123C2E1C046001002404D
:10F71000FFFFFEFFFFFFFBFFFF80FFFFFFC7FFFFB5
:10F720000024F400FC01002014020020FFFEFFFF73
:10F73000B54BDA6B80235B05134001D1012300E058
:10F740000023002B11D0B04BDA6BAF4B8021490561
:10F750000A43DA63AC4BDA6B80235B051340FB6032
:10F76000FB681F23FB1801221A70A84B1A6880231C
:10F770005B0013401AD1A54B1A68A44B80214900A5
:10F780000A431A60FDF7CAFB03003B6108E0FDF77E
:10F79000C5FB02003B69D31A022B01D9032377E191
:10F7A0009A4B1A6880235B001340F0D07B689B68FB
:10F7B000012B06D1944BDA6D934B01210A43DA6594
:10F7C0001CE07B689B68052B0CD18F4BDA6D8E4B50
:10F7D00004210A43DA658C4BDA6D8B4B01210A4315
:10F7E000DA650BE0884BDA6D874B01218A43DA65D5
:10F7F000854BDA6D844B04218A43DA657B689B680C
:10F80000002B14D0FDF78AFB03003B6109E0FDF7F4
:10F8100085FB02003B69D31A7D4A934201D9032339
:10F8200036E1794BDB6D02221340F0D013E0FDF797
:10F8300075FB03003B6109E0FDF770FB02003B69CB
:10F84000D31A734A934201D9032321E16E4BDB6D36
:10F8500002221340F0D11F23FB181B78012B05D186
:10F86000694BDA6B684B6B490A40DA637B681B684B
:10F870002022134039D07B68DB69002B1BD0624B00
:10F880001A68614B8021C9030A431A60FDF746FBE1
:10F8900003003B6108E0FDF741FB02003B69D31A1E
:10F8A000022B01D90323F3E0574B1A6880231B0472
:10F8B0001340F0D019E0544B1A68534B56490A4094
:10F8C0001A60FDF72BFB03003B6108E0FDF726FB08
:10F8D00002003B69D31A022B01D90323D8E04A4B1B
:10F8E0001A6880231B041340F0D17B681B6A002B2D
:10F8F00000D1CCE0444B9B6838221340102B00D140
:10F900007BE07B681B6A022B56D13F4B1A683E4B4B
:10F9100042490A401A60FDF701FB03003B6108E021
:10F92000FDF7FCFA02003B69D31A022B01D903232D
:10F93000AEE0354B1A6880239B041340F0D1324B64
:10F94000DB68374A134019007B685A6A7B689B6AF8
:10F950001A437B68DB6A1B021A437B681B6B1A43E2
:10F960007B685B6B1A437B689B6B1A43264B0A438D
:10F97000DA60254B1A68244B802149040A431A6037
:10F98000214BDA68204B802149050A43DA60FDF7F4
:10F99000C5FA03003B6108E0FDF7C0FA02003B69CD
:10F9A000D31A022B01D9032372E0174B1A68802364
:10F9B0009B041340F0D06AE0134B1A68124B1749AE
:10F9C0000A401A60FDF7AAFA03003B6108E0FDF760
:10F9D000A5FA02003B69D31A022B01D9032357E091
:10F9E000094B1A6880239B041340F0D1064BDA6858
:10F9F000054B0C490A40DA6049E07B681B6A012B21
:10FA000012D1012344E0C0460010024000700040C3
:10FA100088130000FFFFFFEFFFFFBFFFFFFFFFFEA8
:10FA20008C80C111FCFFFEEE1B4BDB687B617B69A8
:10FA300003221A407B685B6A9A4226D17B69702256
:10FA40001A407B689B6A9A421FD17A69FE23DB01C8
:10FA50001A407B68DB6A1B029A4216D17A69F82346
:10FA60009B031A407B681B6B9A420ED17A69E02394
:10FA70001B051A407B685B6B9A4206D17B695B0F62
:10FA80005A077B689B6B9A4201D0012300E0002358
:10FA90001800BD4608B080BD0010024080B584B09B
:10FAA00000AF786039607B68002B01D10123E9E069
:10FAB000764B1B68072213403A689A421ED9734B53
:10FAC0001B68072293431900704B3A680A431A6077
:10FAD000FDF724FA0300FB6009E0FDF71FFA0200BE
:10FAE000FB68D31A6A4A934201D90323CAE0674BE1
:10FAF0001B68072213403A689A42EED17B681B6864
:10FB00000222134015D07B681B680422134006D0E4
:10FB1000604B9A685F4BE021C9010A439A605D4BD4
:10FB20009B685D4A134019007B689A68594B0A43E9
:10FB30009A607B681B680122134057D07B685B6822
:10FB4000012B07D1534B1A6880239B0213402BD102
:10FB5000012397E07B685B68022B07D14D4B1A6845
:10FB600080239B0413401FD101238BE07B685B68DB
:10FB7000002B07D1474B1A688023DB00134013D1B9
:10FB800001237FE07B685B68032B06D1414B1B6E32
:10FB90000222134008D1012374E03E4BDB6D0222A8
:10FBA000134001D101236DE03A4B9B680722934338
:10FBB00019007B685A68374B0A439A60FDF7AEF923
:10FBC0000300FB6009E0FDF7A9F90200FB68D31A06
:10FBD0002F4A934201D9032354E02E4B9B683822CD
:10FBE0001A407B685B68DB009A42ECD1274B1B68AC
:10FBF000072213403A689A421ED2244B1B68072200
:10FC000093431900214B3A680A431A60FDF786F9BD
:10FC10000300FB6009E0FDF781F90200FB68D31ADD
:10FC20001B4A934201D903232CE0184B1B6807227F
:10FC300013403A689A42EED17B681B680422134055
:10FC400009D0144B9B68154A134019007B68DA6889
:10FC5000104B0A439A6000F029F801000D4B9B6895
:10FC60001B0A0F221A400E4B9200D3581F2213403A
:10FC70000A00DA400B4B1A600B4B1B681800FDF7AB
:10FC8000F1F803001800BD4604B080BD002002401A
:10FC90008813000000100240FFF0FFFFFF8FFFFFFE
:10FCA000ACD80208FC0100201402002080B586B008
:10FCB00000AF3C4B9B68382213400FD1394B1B6877
:10FCC000DB0A0722134001229A4013003B60396887
:10FCD0003548E0F73FFA03003B615DE0314B9B683C
:10FCE00038221340082B02D1304B3B6154E02D4B9E
:10FCF0009B6838221340102B38D12A4BDB68032233
:10FD00001340FB60274BDB681B09072213400133BC
:10FD1000BB60FB68032B0DD1B9682448E0F71AFAE1
:10FD2000030019001F4BDB681B0A7F2213404B4363
:10FD30007B610DE0B9681C48E0F70CFA030019007C
:10FD4000184BDB681B0A7F2213404B437B61C04684
:10FD5000144BDB685B0F0722134001337B6079682B
:10FD60007869E0F7F7F903003B6115E00D4B9B68FC
:10FD700038221340202B03D180231B023B610BE070
:10FD8000084B9B6838221340182B03D1FA23DB0160
:10FD90003B6101E000233B613B691800BD4606B0B2
:10FDA00080BDC046001002400024F40000127A001A
:10FDB00080B500AF024B1B681800BD4680BDC04631
:10FDC000FC010020B0B500AFFFF7F2FF0400FFF721
:10FDD000F9FA03001A0B054B9200D3581F22134067
:10FDE000DC4023001800BD46B0BDC046ECD8020878
:10FDF00080B586B000AF78601323FB1800221A701C
:10FE00001223FB1800221A707B681A6880239B0259
:10FE1000134000D1ADE011203B1800221A70474B6F
:10FE2000DA6B80235B05134010D1444BDA6B434BF4
:10FE3000802149050A43DA63404BDA6B80235B0576
:10FE40001340BB60BB683B1801221A703C4B1A6818
:10FE50003B4B802149000A431A60FDF75FF803001D
:10FE6000FB600BE0FDF75AF80200FB68D31A022B87
:10FE700004D91323FB1803221A7005E0304B1A68CB
:10FE800080235B001340EDD01323FB181B78002B5D
:10FE90005ED12A4BDA6DC0239B0013407B617B69E6
:10FEA000002B19D07B681B6C7A699A4214D0234BC3
:10FEB000DB6D244A13407B61204BDA6D1F4B8021A0
:10FEC00049020A43DA651D4BDA6D1C4B1E490A4094
:10FED000DA651A4B7A69DA657B690122134016D01C
:10FEE000FDF71CF80300FB600CE0FDF717F80200BB
:10FEF000FB68D31A154A934204D91323FB18032233
:10FF00001A7004E00D4BDB6D02221340EDD0132379
:10FF1000FB181B78002B0AD1084BDB6D094A1340F4
:10FF200019007B681A6C054B0A43DA6516E0122348
:10FF3000FB181322BA1812781A700FE00010024052
:10FF400000700040FFFCFFFFFFFFFEFF8813000072
:10FF50001223FB181322BA1812781A701123FB18F7
:10FF60001B78012B05D1B64BDA6BB54BB5490A406E
:10FF7000DA637B681B680122134009D0B04B5B6DCC
:10FF80000322934319007B685A68AD4B0A435A65B4
:10FF90007B681B680222134009D0A94B5B6D0C22C1
:10FFA000934319007B689A68A54B0A435A657B689E
:10FFB0001B680422134009D0A14B5B6D3022934390
:10FFC00019007B68DA689E4B0A435A657B681B6898
:10FFD0001022134009D09A4B5B6D9B4A13401900C5
:10FFE0007B681A69964B0A435A657B681A688023B6
:10FFF0005B01134009D0924B5B6D944A134019008A
:020000040802F0
:100000007B685A698E4B0A435A657B681A6880235D
:100010009B00134009D08A4B5B6D8D4A1340190039
:100020007B689A6A864B0A435A657B681A68802304
:10003000DB00134009D0824B5B6D864A13401900E8
:100040007B68DA6A7E4B0A435A657B681B6820220C
:10005000134009D07A4B5B6D7F4A134019007B68CF
:100060009A69774B0A435A657B681B6840221340A4
:1000700009D0734B5B6D794A134019007B68DA69CC
:100080006F4B0A435A657B681A688023DB01134073
:1000900015D06B4B5B6D9B0099087B681A6B684BA6
:1000A0000A435A657B681A6B8023DB059A4206D1A6
:1000B000634BDA68624B802149020A43DA607B684D
:1000C0001A6880231B03134009D05D4B5B6D4022EF
:1000D000934319007B685A6B594B0A435A657B68F6
:1000E0001A6880239B03134016D0554B5B6D5C4A06
:1000F000134019007B689A6B514B0A435A657B6821
:100100009A6B8023DB039A4206D14D4BDA684C4B45
:10011000802149040A43DA607B681A688023DB0384
:10012000134016D0464B5B6D4E4A134019007B6856
:10013000DA6B434B0A435A657B68DA6B80235B04B6
:100140009A4206D13E4BDA683D4B802149040A436E
:10015000DA607B681A6880231B01134014D0384B87
:100160009B6D0322934319007B681A6A344B0A4340
:100170009A657B681B6A012B06D1314BDA68304BDC
:10018000802149020A43DA607B681A6880239B0158
:10019000134014D02A4B9B6D0C22934319007B68AB
:1001A0005A6A274B0A439A657B685B6A042B06D11F
:1001B000234BDA68224B802149020A43DA607B68CC
:1001C0001A6880235B04134016D01D4B9B6D224A96
:1001D000134019007B685A6C194B0A439A657B6877
:1001E0005A6C80239B019A4206D1154BDA68144B56
:1001F000802149040A43DA607B681A6880239B04E3
:10020000134016D00E4B9B6D104A134019007B68AB
:100210009A6C0B4B0A439A657B689A6C80235B004F
:100220009A4206D1064BDA68054B802149040A43FD
:10023000DA601223FB181B781800BD4606B080BD9B
:1002400000100240FFFFFFEFFFF3FFFFFFFCFFFF87
:10025000FFFFF3FFFFFFCFFFFFCFFFFFFF3FFFFFDA
:10026000FFFFBFFFFFFFFFFEB0B584B000AF7860B7
:100270000F23FB1801221A707B68002B00D18CE041
:100280007B6829229B5CDBB2002B0BD17B68282288
:10029000002199547B68882212025A607B681800FA
:1002A000F4F7D8FA7B682922022199547B681B68ED
:1002B000DB6810221340102B62D07B681B68CA22B7
:1002C0005A627B681B6853225A620F257C197B682F
:1002D000180000F011FB0300237028003B181B7866
:1002E000002B2CD17B681B689A697B681B682E49A0
:1002F0000A409A617B681B6899697B689A687B6889
:100300005B691A437B68DB691A437B681B680A4395
:100310009A617B681B687A6812691A617B681B683E
:1003200019697B68DB681A047B681B680A431A61D9
:100330003C187B68180000F021FB030023700F239A
:10034000FB181B78002B16D17B681B689A697B68A9
:100350001B68D200D2089A617B681B6899697B6828
:100360005A6A7B681B6A1A437B689B691A437B68DD
:100370001B680A439A617B681B68FF225A6203E08C
:100380000F23FB1800221A700F23FB181B78002B79
:1003900003D17B682922012199540F23FB181B7874
:1003A0001800BD4604B0B0BDBFFF8FFBB0B584B030
:1003B00000AF78607B682922022199547B681B6812
:1003C000CA225A627B681B6853225A620F257C1925
:1003D0007B68180000F090FA030023707B191B78EB
:1003E000002B5CD17B681B6800221A607B681B684D
:1003F000394A5A607B681B689A697B681B680721C9
:100400000A409A61FCF78AFD0300BB6012E0FCF72A
:1004100085FD0200BB68D21AFA239B009A4209D9D3
:100420007B681B68FF225A627B682922032199544A
:1004300003234CE07B681B68DB6804221340E6D092
:100440007B681B689B697B681B6800229A617B68DC
:100450001B68224A5A617B681B68214A1A617B68C3
:100460001B6800221A647B681B6800229A647B6800
:100470001B680022DA627B681B6800229A627B6834
:100480001B6800225A647B681B680022DA640F2311
:10049000FC187B68180000F071FA030023707B6879
:1004A0001B68FF225A620F23FB181B78002B07D111
:1004B0007B681800F4F708FA7B6829220021995418
:1004C0007B682822002199540F23FB181B78180001
:1004D000BD4604B0B0BDC04601210000FFFF0000D2
:1004E000FF007F00B0B586B000AFF860B9607A60F9
:1004F000FB6828229B5C012B01D1022392E0FB6860
:10050000282201219954FB68292202219954FB6871
:100510001B68CA225A62FB681B6853225A62132561
:100520007C19FB68180000F0E7F9030023707B19C1
:100530001B78002B62D17B68002B25D1FB681B68E0
:100540009B694022134002D1BB680022DA70BB686D
:100550001B78180000F056FA03001C04BB685B7897
:10056000180000F04FFA03001B021C43BB689B7885
:10057000180000F047FA030022001A43BB68DB783A
:100580009B0513437B6117E0FB681B689B69402256
:10059000134002D1BB680022DA70BB681B781A04D2
:1005A000BB685B781B021343BA6892781A43BB6836
:1005B000DB789B0513437B61FB681B687A691B49E9
:1005C0000A401A60FB681B689A69FB681B68184937
:1005D0000A409A61FB681B689969BB68DA68BB6866
:1005E0001B691A43FB681B680A439A611323FC18B2
:1005F000FB68180000F0C2F903002370FB681B6859
:10060000FF225A621323FB181B78002B03D1FB68CF
:10061000292201219954FB6828220021995413238F
:10062000FB181B781800BD4606B0B0BD7F7F7F0069
:10063000FFFFFBFF80B586B000AFF860B9607A605D
:10064000FB681B689A68BB685A60FB681B681B697B
:100650005B045A0CBB689A60FB681B681B68224AE3
:1006600013407B617B691B0CDBB23F221340DAB283
:10067000BB681A707B691B0ADBB27F221340DAB2B7
:10068000BB685A707B69DBB27F221340DAB2BB6869
:100690009A707B699B0DDBB201221340DAB2BB6812
:1006A000DA707B68002B1AD1BB681B78180000F049
:1006B000D1F903001A00BB681A70BB685B78180098
:1006C00000F0C8F903001A00BB685A70BB689B7839
:1006D000180000F0BFF903001A00BB689A700023ED
:1006E0001800BD4606B080BD7F7F7F00B0B586B0E4
:1006F00000AFF860B9607A60FB6828229B5C012B30
:1007000001D102237EE0FB68282201219954FB6875
:100710002922022199547B68002B0ED1BB685B789B
:100720001A001023134008D0BB685B781022934353
:10073000DBB20A33DAB2BB685A707B68002B1CD17B
:10074000BB68DB78180000F05DF903001C04BB688F
:100750005B78180000F056F903001B021C43BB68CD
:100760009B78180000F04EF9030022001A43BB6882
:100770001B785B0313437B610EE0BB68DB781A04D4
:10078000BB685B781B021343BA6892781A43BB6854
:100790001B785B0313437B61FB681B68CA225A62A8
:1007A000FB681B6853225A6213257C19FB681800EA
:1007B00000F0A2F80300237028003B181B78002BE0
:1007C0000CD1FB681B687A6910490A405A603C18D2
:1007D000FB68180000F0D2F803002370FB681B6868
:1007E000FF225A621323FB181B78002B03D1FB68EE
:1007F000292201219954FB682822002199541323AE
:10080000FB181B781800BD4606B0B0BD3FFFFF00C7
:1008100080B586B000AFF860B9607A60FB681B688D
:100820005B68214A13407B617B691B0CDAB2BB68B1
:10083000DA707B691B0ADBB21F221340DAB2BB6895
:100840005A707B69DBB23F221340DAB2BB689A7000
:100850007B695B0BDBB207221340DAB2BB681A700C
:100860007B68002B1AD1BB68DB78180000F0F2F827
:1008700003001A00BB68DA70BB685B78180000F0F0
:10088000E9F803001A00BB685A70BB689B7818002F
:1008900000F0E0F803001A00BB689A70002318000B
:1008A000BD4606B080BDC0463FFFFF0080B584B0A6
:1008B00000AF78607B681B680E4ADA60FCF72EFB9D
:1008C0000300FB600AE0FCF729FB0200FB68D21A78
:1008D000FA239B009A4201D9032306E07B681B6838
:1008E000DB6820221340EED000231800BD4604B080
:1008F00080BDC0465F00010080B584B000AF786065
:100900000F23FB1800221A707B681B68DB684022EB
:1009100013402CD17B681B68DA687B681B688021D8
:100920000A43DA60FCF7FAFA0300BB6014E0FCF754
:10093000F5FA0200BB68D21A0F203B183918097863
:100940001970FA239B009A4206D93B1803221A70A9
:100950007B682922032199547B681B68DB6840224D
:10096000134004D10F23FB181B78032BDFD10F2377
:10097000FB181B781800BD4604B080BD90B585B04B
:1009800000AF78600F243B1900221A701C4BDA6804
:100990001B4B80218A43DA60194B9B69202213404C
:1009A0000DD17B681800FFF781FF031E21D07B6803
:1009B0002922032199543B1903221A7019E0104B84
:1009C0009A690F4B20218A439A617B681800FFF7D0
:1009D0006DFF031E07D07B682922032199540F2342
:1009E000FB1803221A70064B9A69054B20210A4313
:1009F0009A610F23FB181B781800BD4605B090BD07
:100A00000028004080B584B000AF0200FB1D1A70C2
:100A10000023FB600B23FB18FA1D12781A7008E004
:100A2000FB680133FB600B22BB18BA1812780A3A34
:100A30001A700B217B181B78092BF1D8FB68DBB2ED
:100A40001B01DAB27B181B781343DBB21800BD46DA
:100A500004B080BD80B584B000AF0200FB1D1A70E9
:100A6000FB1D1B781B09DBB21A0013009B009B18AF
:100A70005B00FB60FB68DAB2FB1D1B780F210B40AB
:100A8000DBB2D318DBB21800BD4604B080BD80B520
:100A900086B000AFF860B9607A60FB681B681A0026
:100AA000FB685B68D3187B617B690133FF333B6173
:100AB000BB689B003A69D3183B613B697A681A604E
:100AC000C046BD4606B080BD80B584B000AF78603A
:100AD00039607B681B681A007B685B68D318FB6011
:100AE000FB680133FF33BB603B689B00BA68D318D7
:100AF000BB60BB681B681800BD4604B080BD80B5F4
:100B000082B000AF78607B68002B01D101234AE0FE
:100B10007B683D229B5CDBB2002B07D17B683C22CB
:100B2000002199547B681800F4F7F6F97B683D22A0
:100B3000022199547B681A687B68043319001000FD
:100B400000F0CCFD7B684822012199547B683E224D
:100B5000012199547B683F22012199547B684022EE
:100B6000012199547B684122012199547B684222DA
:100B7000012199547B684322012199547B684422C6
:100B8000012199547B684522012199547B684622B2
:100B9000012199547B684722012199547B683D22A9
:100BA0000121995400231800BD4602B080BD000009
:100BB00080B584B000AF78607B683D229B5CDBB27F
:100BC000012B01D001233FE07B683D220221995493
:100BD0007B681B681E4A934214D07B681A68802386
:100BE000DB059A420ED07B681B681A4A934209D0F3
:100BF0007B681B68184A934204D07B681B68174ABD
:100C0000934216D17B681B689B68154A1340FB60B2
:100C1000FB68062B16D0FA6880235B029A4211D03B
:100C20007B681B681A687B681B6801210A431A608D
:100C300008E07B681B681A687B681B6801210A430F
:100C40001A6000E0C04600231800BD4604B080BD15
:100C5000002C01400004004000080040004001401A
:100C60000700010080B582B000AF78607B68002B80
:100C700001D101234AE07B683D229B5CDBB2002B63
:100C800007D17B683C22002199547B68180000F052
:100C900041F87B683D22022199547B681A687B6881
:100CA00004331900100000F019FD7B68482201216F
:100CB00099547B683E22012199547B683F2201218F
:100CC00099547B684022012199547B68412201217B
:100CD00099547B684222012199547B684322012167
:100CE00099547B684422012199547B684522012153
:100CF00099547B684622012199547B68472201213F
:100D000099547B683D220121995400231800BD4667
:100D100002B080BD80B582B000AF7860C046BD46ED
:100D200002B080BD80B584B000AF786039603B68A8
:100D3000002B08D17B683E229B5CDBB2013B5A1E34
:100D40009341DBB237E03B68042B08D17B683F223C
:100D50009B5CDBB2013B5A1E9341DBB22BE03B684C
:100D6000082B08D17B6840229B5CDBB2013B5A1EFA
:100D70009341DBB21FE03B680C2B08D17B6841221A
:100D80009B5CDBB2013B5A1E9341DBB213E03B6834
:100D9000102B08D17B6842229B5CDBB2013B5A1EC0
:100DA0009341DBB207E07B6843229B5CDBB2013BF3
:100DB0005A1E9341DBB2002B01D0012390E03B6827
:100DC000002B04D17B683E220221995423E03B682A
:100DD000042B04D17B683F22022199541BE03B681D
:100DE000082B04D17B6840220221995413E03B6810
:100DF0000C2B04D17B684122022199540BE03B6803
:100E0000102B04D17B6842220221995403E07B68B5
:100E10004322022199547B681B683968012218001B
:100E200001F054F87B681B682F4A93420ED07B6810
:100E30001B682E4A934209D07B681B682C4A934258
:100E400004D07B681B682B4A934201D1012300E048
:100E50000023002B08D07B681B685A6C7B681B68DA
:100E6000802109020A435A647B681B681E4A934228
:100E700014D07B681A688023DB059A420ED07B6809
:100E80001B681D4A934209D07B681B681B4A93422A
:100E900004D07B681B68154A934216D17B681B6897
:100EA0009B68174A1340FB60FB68062B16D0FA6854
:100EB00080235B029A4211D07B681B681A687B68AA
:100EC0001B6801210A431A6008E07B681B681A68E6
:100ED0007B681B6801210A431A6000E0C0460023BA
:100EE0001800BD4604B080BD002C01400040014008
:100EF0000044014000480140000400400008004058
:100F00000700010080B582B000AF786039607B686F
:100F10001B6839680022180000F0D8FF7B681B6846
:100F2000374A93420ED07B681B68364A934209D0F9
:100F30007B681B68344A934204D07B681B68334A41
:100F4000934201D1012300E00023002B13D07B68E2
:100F50001B681B6A2E4A13400DD17B681B681B6AF5
:100F60002C4A134007D17B681B685A6C7B681B684E
:100F700029490A405A647B681B681B6A244A13404B
:100F80000DD17B681B681B6A224A134007D17B681E
:100F90001B681A687B681B6801218A431A603B68DA
:100FA000002B04D17B683E220121995423E03B6849
:100FB000042B04D17B683F22012199541BE03B683C
:100FC000082B04D17B6840220121995413E03B682F
:100FD0000C2B04D17B684122012199540BE03B6822
:100FE000102B04D17B6842220121995403E07B68D5
:100FF00043220121995400231800BD4602B080BD50
:10100000002C0140004001400044014000480140E4
:101010001111000044040000FF7FFFFF80B586B07F
:1010200000AFF860B9607A601723FB1800221A70CD
:10103000FB683C229B5C012B01D1022348E0FB684A
:101040003C22012199547B68142B35D87B689A0087
:10105000214BD3181B689F46FB681B68BA681100B8
:10106000180000F0D3FB2CE0FB681B68BA68110085
:10107000180000F055FC24E0FB681B68BA681100FA
:10108000180000F0D1FC1CE0FB681B68BA68110076
:10109000180000F051FD14E0FB681B68BA681100ED
:1010A000180000F0B3FD0CE0FB681B68BA68110083
:1010B000180000F00BFE04E01723FB1801221A7041
:1010C000C046FB683C22002199541723FB181B786B
:1010D0001800BD4606B080BD04DB020880B586B0AE
:1010E00000AFF860B9607A601723FB1800221A700D
:1010F000FB683C229B5C012B01D10223E5E0FB68ED
:101100003C22012199547B68142B00D9D1E07B68E3
:101110009A00704BD3181B689F46FB681B68BA681F
:101120001100180000F072FBFB681B689A69FB68ED
:101130001B6808210A439A61FB681B689A69FB686F
:101140001B6804218A439A61FB681B689969BB6824
:101150001A69FB681B680A439A61AFE0FB681B6869
:10116000BA681100180000F0DBFBFB681B689A6985
:10117000FB681B68802109010A439A61FB681B68B0
:101180009A69FB681B6854490A409A61FB681B68AE
:101190009969BB681B691A02FB681B680A439A615C
:1011A0008CE0FB681B68BA681100180000F03CFC7A
:1011B000FB681B68DA69FB681B6808210A43DA616F
:1011C000FB681B68DA69FB681B6804218A43DA61E3
:1011D000FB681B68D969BB681A69FB681B680A430E
:1011E000DA616BE0FB681B68BA681100180000F058
:1011F000A3FCFB681B68DA69FB681B688021090196
:101200000A43DA61FB681B68DA69FB681B683249CC
:101210000A40DA61FB681B68D969BB681B691A025E
:10122000FB681B680A43DA6148E0FB681B68BA6820
:101230001100180000F0EAFCFB681B685A6DFB689F
:101240001B6808210A435A65FB681B685A6DFB68D6
:101250001B6804218A435A65FB681B68596DBB688B
:101260001A69FB681B680A435A6527E0FB681B681C
:10127000BA681100180000F029FDFB681B685A6D60
:10128000FB681B68802109010A435A65FB681B68DB
:101290005A6DFB681B6810490A405A65FB681B6859
:1012A000596DBB681B691A02FB681B680A435A65C3
:1012B00004E01723FB1801221A70C046FB683C2289
:1012C000002199541723FB181B781800BD4606B05F
:1012D00080BDC04658DB0208FFFBFFFF80B586B02B
:1012E00000AFF860B9607A601723FB1800221A700B
:1012F000FB683C229B5C012B01D102230EE1FB68C1
:101300003C2201219954FB683D2202219954BB687B
:101310005B688022920593422FD0802292059342EF
:1013200054D8022B14D98022520593424ED1FB6827
:101330001B689A68FB681B687A490A409A60FB68D8
:101340001B681A6DFB681B6801218A431A6542E01D
:10135000FB681B689A68FB681B6808218A439A60CF
:10136000FB681B681B6D012293431900BB685A6818
:10137000FB681B680A431A652DE0BB68DB68002B1D
:1013800009D0FB683D2201219954FB683C220021D1
:1013900099540123C2E0FB681868BB68D968BB6830
:1013A0009A68BB681B6900F071FDFB681B689A684E
:1013B000FB681B6808210A439A60FB681B681A6D6A
:1013C000FB681B6801218A431A6504E01723FB1898
:1013D00001221A70C0461723FB181B78002B00D07F
:1013E00091E07B68142B00D98CE07B689A004E4B0F
:1013F000D3181B689F46BB681B68002B08D0FB688E
:101400001B689A69FB681B6880210A439A617AE02D
:10141000FB681B689A69FB681B6880218A439A6194
:1014200071E0BB681B68002B09D0FB681B689A69D8
:10143000FB681B68802109020A439A6163E0FB682C
:101440001B689A69FB681B6838490A409A615AE030
:10145000BB681B68002B08D0FB681B68DA69FB6857
:101460001B6880210A43DA614DE0FB681B68DA697A
:10147000FB681B6880218A43DA6144E0BB681B6813
:10148000002B09D0FB681B68DA69FB681B688021A8
:1014900009020A43DA6136E0FB681B68DA69FB6817
:1014A0001B6822490A40DA612DE0BB681B68002BEB
:1014B00008D0FB681B685A6DFB681B6880210A43D3
:1014C0005A6520E0FB681B685A6DFB681B68802129
:1014D0008A435A6517E0BB681B68002B09D0FB687C
:1014E0001B685A6DFB681B68802109020A435A6514
:1014F00009E0FB681B685A6DFB681B680B490A40D2
:101500005A6500E0C046FB683D2201219954FB6802
:101510003C22002199541723FB181B781800BD4664
:1015200006B080BDF700FFFFACDB0208FF7FFFFFC6
:1015300080B584B000AF786039600F23FB180022BB
:101540001A707B683C229B5C012B01D10223BCE01A
:101550007B683C22012199547B683D2202219954E9
:101560007B681B689B68BB60BB685A4A1340BB60C2
:10157000BB68594A1340BB607B681B68BA689A60B5
:101580003B681B6880229201934240D080229201E6
:10159000934200D988E080225201934200D188E032
:1015A00080225201934200D97EE0702B18D000D9DE
:1015B0007AE0602B4FD000D976E0502B3BD000D999
:1015C00072E0402B57D000D96EE0302B63D06BD83F
:1015D000202B60D068D8002B5DD0102B5BD063E04F
:1015E0007B6818683B6899683B685A683B68DB68A9
:1015F00000F04CFC7B681B689B68BB60BB68772273
:101600001343BB607B681B68BA689A6052E07B68D2
:1016100018683B6899683B685A683B68DB6800F06B
:1016200035FC7B681B689A687B681B688021C90150
:101630000A439A603EE07B6818683B6859683B68DB
:10164000DB681A0000F0A6FB7B681B6850211800BD
:1016500000F000FC2EE07B6818683B6859683B6826
:10166000DB681A0000F0C4FB7B681B68602118006F
:1016700000F0F0FB1EE07B6818683B6859683B6827
:10168000DB681A0000F086FB7B681B6840211800AD
:1016900000F0E0FB0EE07B681A683B681B681900ED
:1016A000100000F0D7FB05E00F23FB1801221A7091
:1016B00000E0C0467B683D22012199547B683C22B2
:1016C000002199540F23FB181B781800BD4604B065
:1016D00080BDC04688FFCEFFFF00FFFF80B584B00D
:1016E00000AF786039607B681B68FB607B683F4AAD
:1016F00093420CD07A688023DB059A4207D07B683E
:101700003B4A934203D07B683A4A934208D1FB6834
:1017100070229343FB603B685B68FA681343FB608D
:101720007B68324A93421CD07A688023DB059A4258
:1017300017D07B682E4A934213D07B682D4A934280
:101740000FD07B682C4A93420BD07B682B4A934284
:1017500007D07B682A4A934203D07B68294A934288
:1017600008D1FB68284A1340FB603B68DB68FA68D5
:101770001343FB60FB68802293431A003B685B695C
:101780001343FB607B68FA681A603B689A687B6861
:10179000DA623B681A687B689A627B68134A9342F4
:1017A0000BD07B68154A934207D07B68144A93425A
:1017B00003D07B68134A934203D13B681A697B6864
:1017C0001A637B6801225A617B681B6901221340FE
:1017D000012B06D17B681B69012293431A007B68A9
:1017E0001A61C046BD4604B080BDC046002C014011
:1017F000000400400008004000200040004001407C
:101800000044014000480140FFFCFFFF80B586B066
:1018100000AF786039607B681B6A7B617B681B6AFC
:10182000012293431A007B681A627B685B683B6104
:101830007B689B69FB60FB68324A1340FB60FB6876
:1018400003229343FB603B681B68FA681343FB6009
:101850007B69022293437B613B689B687A691343EF
:101860007B617B68284A93420BD07B68274A93426E
:1018700007D07B68264A934203D07B68254A93426F
:101880000CD17B69082293437B613B68DB687A69F2
:1018900013437B617B69042293437B617B681A4A13
:1018A00093420BD07B68194A934207D07B68184A51
:1018B000934203D07B68174A934211D13B69164A81
:1018C00013403B613B69154A13403B613B685B69D0
:1018D0003A6913433B613B689B693A6913433B6137
:1018E0007B683A695A607B68FA689A613B685A6813
:1018F0007B685A637B687A691A62C046BD4606B047
:1019000080BDC0468FFFFEFF002C0140004001401B
:101910000044014000480140FFFEFFFFFFFDFFFFC4
:1019200080B586B000AF786039607B681B6A7B61E8
:101930007B681B6A102293431A007B681A627B68DB
:101940005B683B617B689B69FB60FB682E4A1340C8
:10195000FB60FB682D4A1340FB603B681B681B0261
:10196000FA681343FB607B69202293437B613B68E9
:101970009B681B017A6913437B617B68244A93420D
:101980000DD17B69802293437B613B68DB681B013F
:101990007A6913437B617B69402293437B617B6857
:1019A0001B4A93420BD07B681A4A934207D07B684C
:1019B000194A934203D07B68184A934213D13B697A
:1019C000174A13403B613B69164A13403B613B6831
:1019D0005B699B003A6913433B613B689B699B00D1
:1019E0003A6913433B617B683A695A607B68FA68DD
:1019F0009A613B685A687B689A637B687A691A6265
:101A0000C046BD4606B080BDFF8FFFFEFFFCFFFF56
:101A1000002C0140004001400044014000480140CA
:101A2000FFFBFFFFFFF7FFFF80B586B000AF7860D8
:101A300039607B681B6A7B617B681B6A334A1A408A
:101A40007B681A627B685B683B617B68DB69FB6073
:101A5000FB682F4A1340FB60FB6803229343FB6043
:101A60003B681B68FA681343FB607B69294A134093
:101A70007B613B689B681B027A6913437B617B68CF
:101A8000254A93420DD17B69244A13407B613B6810
:101A9000DB681B027A6913437B617B69204A134030
:101AA0007B617B681C4A93420BD07B681D4A934242
:101AB00007D07B681C4A934203D07B681B4A934241
:101AC00013D13B691A4A13403B613B69194A1340E1
:101AD0003B613B685B691B013A6913433B613B68AF
:101AE0009B691B013A6913433B617B683A695A6001
:101AF0007B68FA68DA613B685A687B68DA637B68FE
:101B00007A691A62C046BD4606B080BDFFFEFFFF7F
:101B10008FFFFEFFFFFDFFFF002C0140FFF7FFFFDF
:101B2000FFFBFFFF0040014000440140004801402E
:101B3000FFEFFFFFFFDFFFFF80B586B000AF7860EB
:101B400039607B681B6A3B617B681B6A264A1A40C6
:101B50007B681A627B685B687B617B68DB69FB6022
:101B6000FB68224A1340FB60FB68214A1340FB607C
:101B70003B681B681B02FA681343FB603B691D4A04
:101B800013403B613B689B681B033A6913433B610D
:101B90007B68194A93420BD07B68184A934207D05E
:101BA0007B68174A934203D07B68164A934209D157
:101BB0007B69154A13407B613B685B699B017A69CD
:101BC00013437B617B687A695A607B68FA68DA61E3
:101BD0003B685A687B681A647B683A691A62C04637
:101BE000BD4606B080BDC046FFEFFFFFFF8FFFFE82
:101BF000FFFCFFFFFFDFFFFF002C01400040014022
:101C00000044014000480140FFBFFFFF80B586B09F
:101C100000AF786039607B681B6A3B617B681B6A38
:101C2000234A1A407B681A627B685B687B617B6829
:101C30005B6DFB60FB681F4A1340FB603B681B68E1
:101C4000FA681343FB603B691B4A13403B613B68E6
:101C50009B681B043A6913433B617B68174A9342B4
:101C60000BD07B68164A934207D07B68154A934293
:101C700003D07B68144A934209D17B690C4A134014
:101C80007B613B685B691B027A6913437B617B68FC
:101C90007A695A607B68FA685A653B685A687B685B
:101CA0009A657B683A691A62C046BD4606B080BD37
:101CB000FFFFFEFF8FFFFEFFFFFFFDFF002C014037
:101CC00000400140004401400048014080B586B01A
:101CD00000AF786039607B681B6A3B617B681B6A78
:101CE000244A1A407B681A627B685B687B617B6868
:101CF0005B6DFB60FB68204A1340FB603B681B6820
:101D00001B02FA681343FB603B691C4A13403B61AA
:101D10003B689B681B053A6913433B617B68184A23
:101D200093420BD07B68174A934207D07B68164AD0
:101D3000934203D07B68154A934209D17B69144AC8
:101D400013407B613B685B699B027A6913437B614B
:101D50007B687A695A607B68FA685A653B685A689A
:101D60007B68DA657B683A691A62C046BD4606B090
:101D700080BDC046FFFFEFFFFF8FFFFEFFFFDFFFCD
:101D8000002C014000400140004401400048014057
:101D9000FFFFFBFF80B586B000AFF860B9607A60E6
:101DA000FB681B6A7B61FB681B6A012293431A0074
:101DB000FB681A62FB689B693B613B69F0229343B5
:101DC0003B617B681B013A6913433B617B690A22D3
:101DD00093437B617A69BB6813437B61FB683A6913
:101DE0009A61FB687A691A62C046BD4606B080BD3A
:101DF00080B586B000AFF860B9607A60FB681B6A96
:101E00007B61FB681B6A102293431A00FB681A620D
:101E1000FB689B693B613B690D4A13403B617B68F2
:101E20001B033A6913433B617B69A02293437B61A7
:101E3000BB681B017A6913437B61FB683A699A614D
:101E4000FB687A691A62C046BD4606B080BDC046CE
:101E5000FF0FFFFF80B584B000AF786039607B680A
:101E60009B68FB60FB68084A1340FB603A68FB68AC
:101E7000134307221343FB607B68FA689A60C046ED
:101E8000BD4604B080BDC0468FFFCFFF80B586B091
:101E900000AFF860B9607A603B60FB689B687B616B
:101EA0007B69094A13407B613B681A027B681A43CD
:101EB000BB6813437A6913437B61FB687A699A6054
:101EC000C046BD4606B080BDFF00FFFF80B586B0AE
:101ED00000AFF860B9607A60BB681F22134001222E
:101EE0009A4013007B61FB681B6A7A69D2431A40EF
:101EF000FB681A62FB681A6ABB681F210B4079688D
:101F000099400B001A43FB681A62C046BD4606B0F2
:101F100080BD000080B584B000AF786039607B6818
:101F20003C229B5C012B01D102235AE07B683C22BE
:101F3000012199547B683D22022199547B681B68DA
:101F40005B68FB607B681B689B68BB607B681B6889
:101F5000264A934208D1FB68254A1340FB603B6840
:101F60005B68FA681343FB60FB6870229343FB6075
:101F70003B681B68FA681343FB607B681B68FA6860
:101F80005A607B681B68194A934214D07B681A68B0
:101F90008023DB059A420ED07B681B68154A93426A
:101FA00009D07B681B68144A934204D07B681B6885
:101FB000124A93420CD1BB6880229343BB603B68BA
:101FC0009B68BA681343BB607B681B68BA689A60F9
:101FD0007B683D22012199547B683C220021995461
:101FE00000231800BD4604B080BDC046002C01404F
:101FF000FFFF0FFF000400400008004000400140C8
:1020000080B584B000AF786039600023FB607B68E6
:102010003C229B5C012B01D102236FE07B683C22B8
:1020200001219954FB68FF2293431A003B68DB6847
:102030001343FB60FB68334A1A403B689B681343B9
:10204000FB60FB68304A1A403B685B681343FB60E7
:10205000FB682E4A1A403B681B681343FB60FB6811
:102060002B4A1A403B681B691343FB60FB68294AF3
:102070001A403B685B691343FB60FB68264A1A40C1
:102080003B681B6B1343FB60FB68244A1A403B68A8
:102090009B691B041343FB60FB68214A1A403B68A1
:1020A000DB691343FB607B681B681E4A93421CD1AB
:1020B000FB681D4A1A403B689B6A1B051343FB6083
:1020C000FB681A4A1A403B681B6A1343FB60FB68B3
:1020D000174A1A403B685B6A1343FB60FB68154A6A
:1020E0001A403B68DB6A1343FB607B681B68FA6835
:1020F0005A647B683C220021995400231800BD4695
:1021000004B080BDFFFCFFFFFFFBFFFFFFF7FFFFF9
:10211000FFEFFFFFFFDFFFFFFFBFFFFFFFFFF0FF4E
:10212000FFFFFFEF002C0140FFFF0FFFFFFFFFFE4F
:10213000FFFFFFFDFFFFFFDF80B582B000AF7860DB
:102140007B68002B01D1012346E07B6888229B58E5
:10215000002B07D17B688422002199547B681800EA
:10216000F3F7E6F97B688822242199507B681B6885
:102170001A687B681B6801218A431A607B689B6A26
:10218000002B03D07B68180001F0D8F87B6818009A
:1021900000F07EFD0300012B01D101231CE07B68D0
:1021A0001B685A687B681B680D490A405A607B6847
:1021B0001B689A687B681B682A218A439A607B683F
:1021C0001B681A687B681B6801210A431A607B68D8
:1021D000180001F067F903001800BD4602B080BD89
:1021E000FFB7FFFF80B582B000AF78607B68002B3F
:1021F00001D1012332E07B688822242199507B6839
:102200001B681A687B681B6801218A431A607B6817
:102210001B6800221A607B681B6800225A607B687A
:102220001B6800229A607B68180000F01BF87B682E
:102230009022002199507B688822002199507B6868
:102240008C22002199507B680022DA667B6800228C
:102250001A677B6884220021995400231800BD4628
:1022600002B080BD80B582B000AF7860C046BD4688
:1022700002B080BD80B58AB002AFF860B9603B6043
:10228000BB1D1A80FB6888229B58202B00D090E051
:10229000BB68002B03D0BB1D1B88002B01D1012381
:1022A00088E0FB689A6880235B019A4209D1FB6849
:1022B0001B69002B05D1BB680122134001D001230B
:1022C00078E0FB68902200219950FB688822212148
:1022D0009950FAF723FE03007B61FB68BA1D542175
:1022E00012885A52FB68BA1D562112885A52FB684E
:1022F0009A6880235B019A4208D1FB681B69002B16
:1023000004D10023FB61BB68BB6103E0BB68FB61D8
:102310000023BB6130E07A69F8683B6800931300E2
:102320000022802101F068F9031E05D0FB68882295
:102330002021995003233DE0FB69002B0BD1BB69A1
:102340001B881A00FB681B68D205D20D9A62BB6914
:102350000233BB6107E0FB691A78FB681B689A626D
:10236000FB690133FB61FB6856229B5A9BB2013B20
:1023700099B2FB6856229952FB6856229B5A9BB22F
:10238000002BC8D17A69F8683B68009313000022DB
:10239000402101F031F9031E05D0FB68882220217D
:1023A0009950032306E0FB688822202199500023DE
:1023B00000E002231800BD4608B080BD80B58CB097
:1023C00000AFF860B960BB1D1A80FB6888229B587B
:1023D000202B00D08DE0BB68002B03D0BB1D1B88D9
:1023E000002B01D1012385E0FB689A6880235B0103
:1023F0009A4209D1FB681B69002B05D1BB680122F9
:10240000134001D0012375E0FB68BA681A65FB68C8
:10241000BA1D542112885A52FB68BA1D56211288DF
:102420005A52FB6800229A67FB689022002199505B
:10243000FB68882221219950FB685A6E80239B05F6
:102440009A422AD1FB689A6880235B019A4207D19D
:10245000FB681B69002B03D1FB68284A9A6702E0DE
:10246000FB68274A9A67EFF31083FB61FB69BB6245
:1024700001233B623B6A83F31088C046FB681B68FC
:102480009A68FB681B68802109040A439A60BB6A4A
:102490007B627B6A83F3108829E0FB689A6880235B
:1024A0005B019A4207D1FB681B69002B03D1FB68D3
:1024B000144A9A6702E0FB68134A9A67EFF31083A5
:1024C0003B613B69FB6201237B617B6983F310887D
:1024D000C046FB681B681A68FB681B6880210A43BA
:1024E0001A60FB6ABB61BB6983F31088C046002396
:1024F00000E002231800BD460CB080BDF53D020887
:10250000093D02084B3C0208973B020880B58CB09D
:1025100000AF78607B6888229B58FB627B688C22C6
:102520009B58BB627B681B689B6880221340802B92
:1025300038D1FB6A212B35D1EFF310837B617B69A6
:102540007B620123BB61BB6983F31088C0467B6853
:102550001B689A687B681B6880218A439A607B6A43
:10256000FB61FB6983F31088C0467B68DB6F002B3F
:1025700014D07B68DB6F1800FCF79CF8031E0DD0AD
:102580007B68DB6F1800FCF721FA0300202B05D1D4
:102590007B68902210219950032347E07B68180044
:1025A00001F040F97B681B689B6840221340402B78
:1025B0003BD1BB6A222B38D1EFF31083BB60BB68E1
:1025C0003B620123FB60FB6883F31088C0467B6895
:1025D0001B689A687B681B6840218A439A603B6A43
:1025E0003B613B6983F31088C0467B6880229B581F
:1025F000002B16D07B6880229B581800FCF75AF8F5
:10260000031E0ED07B6880229B581800FCF7DEF971
:102610000300202B05D17B689022102199500323C1
:1026200004E07B68180001F03DF900231800BD4666
:102630000CB080BDB0B5AAB000AF78607B681B68F5
:10264000DB69A422B9180B607B681B681B68A0209B
:1026500039180B607B681B689B689C2439190B60D8
:102660001100BB181B68A24A13409822BD182B60AA
:10267000BB181B68002B1AD17B181B682022134043
:1026800015D03B181B682022134005D13B191A684E
:1026900080235B0513400AD07B685B6F002B00D161
:1026A000DCE27B685B6F7A6810009847D6E298237B
:1026B000FB181B68002B00D122E19C23FB181B6830
:1026C0008C4A134006D1A023FB181B688A4A13408A
:1026D00000D115E1A423FB181B680122134012D07E
:1026E000A023FB181A6880235B0013400BD07B6883
:1026F0001B6801221A627B6890229B5801221A43B0
:102700007B6890215A50A423FB181B6802221340B7
:1027100011D09C23FB181B68012213400BD07B684F
:102720001B6802221A627B6890229B5804221A437B
:102730007B6890215A50A423FB181B680422134085
:1027400011D09C23FB181B68012213400BD07B681F
:102750001B6804221A627B6890229B5802221A434B
:102760007B6890215A50A423FB181B680822134051
:1027700017D0A023FB181B682022134005D19C23EF
:10278000FB181B685B4A13400BD07B681B68082250
:102790001A627B6890229B5808221A437B6890211A
:1027A0005A50A423FB181A6880231B01134013D02E
:1027B000A023FB181A688023DB0413400CD07B682D
:1027C0001B68802212011A627B6890229B5820228B
:1027D0001A437B6890215A507B6890229B58002BAB
:1027E00000D13DE2A423FB181B682022134015D022
:1027F000A023FB181B682022134006D19C23FB1842
:102800001A6880235B05134008D07B685B6F002B40
:1028100004D07B685B6F7A68100098477B689022D1
:102820009B5894217A1813607B681B689B68402230
:102830001340402B04D07B181B68282213404CD037
:102840007B68180001F02EF87B681B689B684022AB
:102850001340402B3CD1EFF310833B663B6E90203E
:102860003A18136001237B667B6E83F31088C046A1
:102870007B681B689A687B681B6840218A439A6062
:102880003B181B68BB66BB6E83F31088C0467B6831
:1028900080229B58002B16D07B6880229B58174AB9
:1028A0009A637B6880229B581800FBF763FF031E26
:1028B0001CD07B6880229B589B6B7A688021525881
:1028C0001000984712E07B681800F1F79DFC0DE0BE
:1028D0007B681800F1F798FC08E07B681800F1F7B6
:1028E00093FC7B68902200219950B9E1C046B7E182
:1028F0000F0800000100001020010004693B0208DD
:102900007B68DB6E012B00D03EE1A423FB181B6823
:102910001022134000D137E1A023FB181B681022BE
:10292000134000D130E17B681B6810221A627B687B
:102930001B689B6840221340402B00D0A4E07B68BA
:1029400080229B581B685A687E217B181A807B184E
:102950001B88002B00D185E17B685C229B5A7A188A
:1029600012889A4200D37DE17B687A185E21128832
:102970005A527B6880229B581B681B682022134098
:1029800070D1EFF310833B633B6BBB6701237B6329
:102990007B6B83F31088C0467B681B681A687B6872
:1029A0001B68B4490A401A60BB6FBB63BB6B83F3FF
:1029B0001088C046EFF31083FB63FB6B7B6701233A
:1029C0003B643B6C83F31088C0467B681B689A6845
:1029D0007B681B6801218A439A607B6F7B647B6CF8
:1029E00083F31088C046EFF31083BB64BB6C3B6776
:1029F0000123FB64FB6C83F31088C0467B681B6873
:102A00009A687B681B6840218A439A603B6F3B65EC
:102A10003B6D83F31088C0467B688C22202199503F
:102A20007B680022DA66EFF310837B657B6DFB66C3
:102A30000123BB65BB6D83F31088C0467B681B68B0
:102A40001A687B681B6810218A431A60FB6EFB655D
:102A5000FB6D83F31088C0467B6880229B5818006A
:102A6000FBF728FE7B6802221A677B685C229A5A71
:102A70007B685E215B5A9BB2D31A9AB27B681100C5
:102A80001800F1F71BF9EDE07B685C22995A7B682E
:102A90005E229B5A9AB28E203B188A1A1A807B6853
:102AA0005E229B5A9BB2002B00D1DDE03B181B88B5
:102AB000002B00D1D8E0EFF31083FB60FB68882483
:102AC0003A19136001233B613B6983F31088C046C8
:102AD0007B681B681A687B681B6867490A401A6034
:102AE0003B191B687B617B6983F31088C046EFF359
:102AF0001083BB61BB6984243A1913600123FB6115
:102B0000FB6983F31088C0467B681B689A687B6802
:102B10001B685A490A409A603B191B683B623B6A32
:102B200083F31088C0467B688C22202199507B68F3
:102B30000022DA667B6800225A67EFF310837B621B
:102B40007B6A80243A1913600123BB62BB6A83F35A
:102B50001088C0467B681B681A687B681B68102158
:102B60008A431A603B191B68FB62FB6A83F3108877
:102B7000C0467B6802221A673B181A887B681100DE
:102B80001800F1F79BF86FE0A423FB181A68802364
:102B90005B03134010D09C23FB181A688023DB03CF
:102BA000134009D07B681B68802252031A627B683D
:102BB0001800F1F79BFB5AE0A423FB181B68802246
:102BC000134016D0A023FB181B688022134006D1A7
:102BD0009C23FB181A6880231B04134009D07B68D0
:102BE0009B6F002B42D07B689B6F7A6810009847E0
:102BF0003CE0A423FB181B68402213400AD0A0230A
:102C0000FB181B684022134004D07B68180001F0B9
:102C10006BF92CE0A423FB181A6880231B041340D3
:102C20000BD0A023FB181A688023DB05134004D0C7
:102C30007B68180001F08CF919E0A423FB181A68CE
:102C400080235B04134012D0A023FB181B68002BC9
:102C50000DDA7B68180001F073F908E0C04606E061
:102C6000C04604E0C04602E0C04600E0C046BD46A3
:102C70002AB0B0BDFFFEFFFFDFFEFFFFFEFFFFEF4C
:102C800080B582B000AF7860C046BD4602B080BD5E
:102C9000B0B590B000AF78621A2320229B18DB19E0
:102CA00000221A707B6A9A687B6A1B691A437B6AE6
:102CB0005B691A437B6ADB691343FB637B6A1B68AE
:102CC0001B68C14A134019007B6A1A68FB6B0B43EF
:102CD00013607B6A1B685B68BC4A134018007B6A00
:102CE000D9687B6A1A6803000B4353607B6A9B694F
:102CF000FB637B6A1B68B64A934209D07B6A1B68F8
:102D0000B44A934204D07B6A1B6AFA6B1343FB6399
:102D10007B6A1B689B68B04A134019007B6A1A687B
:102D2000FB6B0B4393607B6A1B68DB6A0F22934348
:102D300018007B6A596A7B6A1A6803000B43D362E6
:102D40007B6A1B68A54A934231D1A54B5B6D032278
:102D50001340032B1DD023D8022B0CD020D8002BDE
:102D600002D0012B0ED01BE01B2320229B18DB1965
:102D700000221A7054E11B2320229B18DB19022227
:102D80001A704DE11B2320229B18DB1904221A70B4
:102D900046E11B2320229B18DB1908221A703FE111
:102DA0001B2320229B18DB1910221A7038E17B6A42
:102DB0001B688C4A934231D1894B5B6D0C221340C6
:102DC0000C2B1DD023D8082B0CD020D8002B02D0E0
:102DD000042B0ED01BE01B2320229B18DB190022A2
:102DE0001A701DE11B2320229B18DB1902221A7086
:102DF00016E11B2320229B18DB1904221A700FE115
:102E00001B2320229B18DB1908221A7008E11B23C0
:102E100020229B18DB1910221A7001E17B6A1B68C3
:102E2000714A934231D16E4B5B6D30221340302B8F
:102E30001DD023D8202B0CD020D8002B02D0102B53
:102E40000ED01BE01B2320229B18DB1900221A70D6
:102E5000E6E01B2320229B18DB1902221A70DFE018
:102E60001B2320229B18DB1904221A70D8E01B2395
:102E700020229B18DB1908221A70D1E01B23202284
:102E80009B18DB1910221A70CAE07B6A1B68574A2C
:102E9000934206D11B2320229B18DB1900221A70B3
:102EA000BEE07B6A1B68524A934206D11B23202254
:102EB0009B18DB1900221A70B2E07B6A1B684D4A2E
:102EC000934206D11B2320229B18DB1900221A7083
:102ED000A6E07B6A1B683E4A93423ED1404B5A6D46
:102EE000C0231B011340C0221201934227D0C022ED
:102EF000120193422AD880221201934211D08022DB
:102F00001201934222D8002B04D08022D200934297
:102F10000ED01BE01B2320229B18DB1900221A7005
:102F20007EE01B2320229B18DB1902221A7077E017
:102F30001B2320229B18DB1904221A7070E01B232C
:102F400020229B18DB1908221A7069E01B2320221B
:102F50009B18DB1910221A7062E07B6A1B681D4AFD
:102F6000934257D11E4B5A6DC0239B001340C02281
:102F70009200934240D0C0229200934243D88022D4
:102F80009200934211D08022920093423BD8002BB2
:102F900004D08022520093420ED034E01B23202222
:102FA0009B18DB1900221A703AE01B2320229B1881
:102FB000DB1902221A7033E01B2320229B18DB1935
:102FC00004221A702CE0C046F369FFCFFFCFFFFF49
:102FD0000080004000840040FFF4FF1100380140F1
:102FE000001002400044004000480040004C0040F7
:102FF00000500040003C01401B2320229B18DB199D
:1030000008221A700CE01B2320229B18DB191022C7
:103010001A7005E01B2320229B18DB1910221A705E
:103020007B6A1B68C14A934205D07B6A1B68C04A11
:10303000934200D093E01B2320229B18DB191B78BE
:10304000082B15D018DC042B0DD015DC002B02D07A
:10305000022B05D010E0FCF7B5FE03007B6314E003
:10306000B44B7B6311E0FCF721FE03007B630CE0B3
:1030700080231B027B6308E000237B631A2320224A
:103080009B18DB1901221A70C0467B6B002B00D104
:1030900035E17B6A5A6AA84B5200D35A1900786B03
:1030A000DDF758F80300BB627B6A5A6813005B00C7
:1030B0009B18BA6A9A4205D37B6A5B681B03BA6A9B
:1030C0009A4206D91A2320229B18DB1901221A7072
:1030D00044E07B6BBB610023FB617B6A5A6A964BC1
:1030E0005200D35A3B6100237B613A697B69B8691E
:1030F000F969DDF71DFA02000B00110E1D020D43E8
:1031000014027B6A5B685B08BB600023FB60B868E5
:10311000F968001969417B6A5B683B6000237B604A
:103120003A687B68DDF704FA02000B0013003B638A
:103130003A6BC0239B009A4209D33A6B80235B030E
:103140009A4204D27B6A1B683A6BDA6006E01A2363
:1031500020229B18DB1901221A70D0E0CFE07B6A95
:10316000DA6980231B029A4200D070E01B232022E0
:103170009B18DB191B78082B15D018DC042B0DD0FD
:1031800015DC002B02D0022B05D010E0FCF71AFE54
:1031900003007B6314E0674B7B6311E0FCF786FD63
:1031A00003007B630CE080231B027B6308E00023A9
:1031B0007B631A2320229B18DB1901221A70C04658
:1031C0007B6B002B00D19AE07B6A5A6A5A4B520003
:1031D000D35A1900786BDCF7BDFF03005A007B6AF5
:1031E0005B685B08D2187B6A5B6819001000DCF72B
:1031F000B1FF03003B633B6B0F2B21D93A6B80235C
:103200005B029A421CD23B6B9AB20E202024031917
:10321000DB190F218A431A803B6B5B089BB20722A4
:10322000134099B20319DB190219D21912880A4303
:103230001A807B6A1B680219D2191288DA605EE074
:103240001A2320229B18DB1901221A7057E01B2336
:1032500020229B18DB191B78082B15D018DC042BB7
:103260000DD015DC002B02D0022B05D010E0FCF7AE
:10327000A9FD03007B6314E02E4B7B6311E0FCF798
:1032800015FD03007B630CE080231B027B6308E0D9
:1032900000237B631A2320229B18DB1901221A705A
:1032A000C0467B6B002B2AD07B6A5A6A224B5200A5
:1032B000D35A1900786BDCF74DFF03001A007B6AC4
:1032C0005B685B08D2187B6A5B6819001000DCF74A
:1032D00041FF03003B633B6B0F2B0AD93A6B802302
:1032E0005B029A4205D23B6B9AB27B6A1B68DA603A
:1032F00005E01A2320229B18DB1901221A707B6A31
:103300006A22012199527B6A6822012199527B6AC3
:1033100000225A677B6A00229A671A2320229B1890
:10332000DB191B781800BD4610B0B0BD008000400E
:10333000008400400024F40008DC020880B582B05C
:1033400000AF78607B689B6A082213400BD07B68D3
:103350001B685B684A4A134019007B689A6B7B685C
:103360001B680A435A607B689B6A012213400BD09A
:103370007B681B685B68434A134019007B68DA6A04
:103380007B681B680A435A607B689B6A0222134071
:103390000BD07B681B685B683B4A134019007B6855
:1033A0001A6B7B681B680A435A607B689B6A04221D
:1033B00013400BD07B681B685B68344A13401900CC
:1033C0007B685A6B7B681B680A435A607B689B6A00
:1033D000102213400BD07B681B689B682C4A13405B
:1033E00019007B68DA6B7B681B680A439A607B680C
:1033F0009B6A202213400BD07B681B689B68254A80
:10340000134019007B681A6C7B681B680A439A603A
:103410007B689B6A402213401DD07B681B685B68F9
:103420001D4A134019007B685A6C7B681B680A436D
:103430005A607B685A6C80235B039A420BD17B688D
:103440001B685B68154A134019007B689A6C7B689F
:103450001B680A435A607B689B6A802213400BD02A
:103460007B681B685B680E4A134019007B68DA6C46
:103470007B681B680A435A60C046BD4602B080BDE7
:10348000FF7FFFFFFFFFFDFFFFFFFEFFFFFFFBFFD3
:10349000FFEFFFFFFFDFFFFFFFFFEFFFFFFF9FFFDC
:1034A000FFFFF7FF80B592B002AF78607B68902293
:1034B00000219950F9F732FD0300FB637B681B681C
:1034C0001B6808221340082B2DD1FB6B802291032F
:1034D0007868474A0092002200F08EF8031E22D03E
:1034E000EFF310837B627B6ABB630123BB62BB6A21
:1034F00083F31088C0467B681B681A687B681B686A
:1035000080218A431A60BB6BFB62FB6A83F31088DD
:10351000C0467B688822202199507B688422002144
:103520009954032360E07B681B681B6804221340E6
:10353000042B46D1FB6B8022D10378682C4A009281
:10354000002200F059F8031E3BD0EFF31083FB601C
:10355000FB687B6301233B613B6983F31088C046B2
:103560007B681B681A687B681B6822490A401A60DE
:103570007B6B7B617B6983F31088C046EFF310831C
:10358000BB61BB693B630123FB61FB6983F310886B
:10359000C0467B681B689A687B681B6801218A4368
:1035A0009A603B6B3B623B6A83F31088C0467B6842
:1035B0008C22202199507B68842200219954032376
:1035C00012E07B688822202199507B688C22202180
:1035D00099507B680022DA667B6800221A677B6854
:1035E00084220021995400231800BD4610B080BDEC
:1035F000FFFFFF01DFFEFFFF80B584B000AFF86082
:10360000B9603B60FB1D1A7051E0BB6901334ED0BD
:10361000F9F784FC02003B68D31ABA699A4202D3D4
:10362000BB69002B01D1032351E0FB681B681B68B9
:10363000042213403BD0BB68802B38D0BB68402BA2
:1036400035D0FB681B68DB6908221340082B11D1B9
:10365000FB681B6808221A62FB68180000F022F958
:10366000FB68902208219950FB688422002199541C
:1036700001232CE0FB681B68DA6980231B011A40D8
:1036800080231B019A4212D1FB681B688022120121
:103690001A62FB68180000F005F9FB6890222021EF
:1036A0009950FB6884220021995403230FE0FB68A2
:1036B0001B68DB69BA681340BA68D31A5A4253418F
:1036C000DBB21A00FB1D1B789A429ED00023180023
:1036D000BD4604B080BD000080B590B000AFF8607A
:1036E000B960BB1D1A80FB68BA689A65FB68BA1D91
:1036F0005C2112885A52FB68902200219950FB6885
:103700008C2222219950FB6880229B58002B2DD0BF
:10371000FB6880229B58404ADA62FB6880229B58F3
:103720003E4A1A63FB6880229B583D4A5A63FB68F5
:1037300080229B5800229A63FB6880229858FB687D
:103740001B6824331900FB689B6D1A00BB1D1B8886
:10375000FAF72AFF031E09D0FB6890221021995026
:10376000FB688C2220219950012350E0FB681B69E3
:10377000002B19D0EFF31083BB62BB6AFB630123FC
:10378000FB62FB6A83F31088C046FB681B681A68FB
:10379000FB681B68802149000A431A60FB6B3B638E
:1037A0003B6B83F31088C046EFF310833B613B69AA
:1037B000BB6301237B617B6983F31088C046FB6890
:1037C0001B689A68FB681B6801210A439A60BB6BFF
:1037D000BB61BB6983F31088C046EFF31083FB61C4
:1037E000FB697B6301233B623B6A83F31088C0461D
:1037F000FB681B689A68FB681B6840210A439A6053
:103800007B6B7B627B6A83F31088C04600231800C1
:10381000BD4610B080BDC04671390208A13A020809
:10382000E33A020880B58AB000AF7860EFF3108306
:10383000BB60BB687B620123FB60FB6883F310887D
:10384000C0467B681B681A687B681B68C0218A4376
:103850001A607B6A3B613B6983F31088C046EFF3D3
:1038600010837B617B693B620123BB61BB6983F38E
:103870001088C0467B681B689A687B681B6808498B
:103880000A409A603B6AFB61FB6983F31088C0467B
:103890007B68882220219950C046BD460AB080BD71
:1038A000FFFF7FFF80B58EB000AF7860EFF310832D
:1038B0007B617B697B630123BB61BB6983F31088F8
:1038C000C0467B681B681A687B681B6826490A40EB
:1038D0001A607B6BFB61FB6983F31088C046EFF3D2
:1038E00010833B623B6A3B6301237B627B6A83F309
:1038F0001088C0467B681B689A687B681B681B49F8
:103900000A409A603B6BBB62BB6A83F31088C04677
:103910007B68DB6E012B18D1EFF31083BB60BB68B3
:10392000FB620123FB60FB6883F31088C0467B6861
:103930001B681A687B681B6810218A431A60FB6A3F
:103940003B613B6983F31088C0467B688C22202151
:1039500099507B680022DA667B6800225A67C0466D
:10396000BD460EB080BDC046DFFEFFFFFEFFFFEF8D
:1039700080B594B000AF78607B689B6AFB647B681D
:103980001B681B68202213406FD1FB6C5E22002154
:103990009952EFF31083BB61BB69BB640123FB61E8
:1039A000FB6983F31088C046FB6C1B681A68FB6CCC
:1039B0001B683A490A401A60BB6C3B623B6A83F35E
:1039C0001088C046EFF310837B627B6A7B6401231F
:1039D000BB62BB6A83F31088C046FB6C1B689A68A5
:1039E000FB6C1B6801218A439A607B6CFB62FB6A5B
:1039F00083F31088C046EFF310833B633B6B3B645B
:103A000001237B637B6B83F31088C046FB6C1B68D0
:103A10009A68FB6C1B6840218A439A603B6CBB63CD
:103A2000BB6B83F31088C046FB6C8C22202199501D
:103A3000FB6CDB6E012B18D1EFF31083FB60FB688E
:103A4000FB6301233B613B6983F31088C046FB6C39
:103A50001B681A68FB6C1B6810218A431A60FB6B99
:103A60007B617B6983F31088C046FB6C00221A6778
:103A7000FB6CDB6E012B08D1FB6C5C229A5AFB6C51
:103A800011001800F0F71AF903E0FB6C1800F0F7CA
:103A900025FCC046BD4614B080BDC046FFFEFFFFFA
:103AA00080B584B000AF78607B689B6AFB60FB6880
:103AB00001221A67FB68DB6E012B0AD1FB685C22CE
:103AC0009B5A5B089AB2FB6811001800F0F7F6F8F1
:103AD00003E0FB681800FFF7D3F8C046BD4604B00A
:103AE00080BD80B586B000AF78607B689B6A7B61E3
:103AF0007B6988229B583B617B698C229B58FB60C9
:103B00007B691B689B6880221340802B0AD13B692C
:103B1000212B07D17B695622002199527B6918001D
:103B2000FFF780FE7B691B689B6840221340402B97
:103B30000AD1FB68222B07D17B695E2200219952B2
:103B40007B691800FFF7AEFE7B6990229B5810221C
:103B50001A437B6990215A507B691800F0F754FB97
:103B6000C046BD4606B080BD80B584B000AF786069
:103B70007B689B6AFB60FB685E2200219952FB68B0
:103B8000562200219952FB681800F0F73DFBC04611
:103B9000BD4604B080BD80B58AB000AF78607B6858
:103BA00088229B58212B4CD17B6856229B5A9BB272
:103BB000002B32D1EFF31083BB60BB687B62012323
:103BC000FB60FB6883F31088C0467B681B681A683B
:103BD0007B681B6880218A431A607B6A3B613B6972
:103BE00083F31088C046EFF310837B617B693B62EF
:103BF0000123BB61BB6983F31088C0467B681B68E7
:103C00001A687B681B6840210A431A603B6AFB61A3
:103C1000FB6983F31088C04613E07B681B6D1A783C
:103C20007B681B689A627B681B6D5A1C7B681A65EF
:103C30007B6856229B5A9BB2013B99B27B68562205
:103C40009952C046BD460AB080BD80B58CB000AF69
:103C500078607B6888229B58212B51D17B68562243
:103C60009B5A9BB2002B32D1EFF31083FB60FB68B1
:103C7000BB6201233B613B6983F31088C0467B68CC
:103C80001B681A687B681B6880218A431A60BB6ABC
:103C90007B617B6983F31088C046EFF31083BB61BF
:103CA000BB697B620123FB61FB6983F31088C0461B
:103CB0007B681B681A687B681B6840210A431A608E
:103CC0007B6A3B623B6A83F31088C04618E07B68DE
:103CD0001B6DFB62FB6A1B881A007B681B68D205A0
:103CE000D20D9A627B681B6D9A1C7B681A657B6893
:103CF00056229B5A9BB2013B99B27B68562299523D
:103D0000C046BD460CB080BD80B58CB000AF7860B9
:103D10007B6888229B58212B65D12E23FB187A685B
:103D20006A21525A1A8059E07B6856229B5A9BB2EC
:103D3000002B33D1EFF31083FB60FB68BB620123E0
:103D40003B613B6983F31088C0467B681B689A68B7
:103D50007B681B6826490A409A60BB6A7B617B6965
:103D600083F31088C046EFF31083BB61BB697B62AD
:103D70000123FB61FB6983F31088C0467B681B68E5
:103D80001A687B681B6840210A431A607B6A3B62A1
:103D90003B6A83F31088C046C04624E07B681B68FA
:103DA000DB698022134013D07B681B6D1A787B6817
:103DB0001B689A627B681B6D5A1C7B681A657B685E
:103DC00056229B5A9BB2013B99B27B68562299526C
:103DD0002E217B181A887B18013A1A802E23FB1893
:103DE0001B88002BA0D1C046BD460CB080BDC0468C
:103DF000FFFF7FFF80B58CB000AF78607B688822C2
:103E00009B58212B6AD12E23FB187A686A21525ABB
:103E10001A805EE07B6856229B5A9BB2002B33D1FE
:103E2000EFF31083BB60BB687B620123FB60FB6820
:103E300083F31088C0467B681B689A687B681B68A0
:103E400028490A409A607B6A3B613B6983F310888A
:103E5000C046EFF310837B617B693B620123BB614A
:103E6000BB6983F31088C0467B681B681A687B684F
:103E70001B6840210A431A603B6AFB61FB6983F3BC
:103E80001088C046C04629E07B681B68DB69802239
:103E9000134018D07B681B6DBB62BB6A1B881A007D
:103EA0007B681B68D205D20D9A627B681B6D9A1CD9
:103EB0007B681A657B6856229B5A9BB2013B99B27C
:103EC0007B68562299522E217B181A887B18013A5A
:103ED0001A802E23FB181B88002B9BD1C046BD46A1
:103EE0000CB080BDFFFF7FFF80B586B000AF78606B
:103EF000EFF31083BB60BB687B610123FB60FB6851
:103F000083F31088C0467B681B681A687B681B684F
:103F100040218A431A607B693B613B6983F31088C7
:103F2000C0467B688822202199507B6800229A67CE
:103F30007B681800F0F74CF9C046BD4606B080BD5E
:103F400080B582B000AF7860C046BD4602B080BD8B
:103F500080B582B000AF7860C046BD4602B080BD7B
:103F600080B588B002AFF8603B1D19605A60172316
:103F7000FB1800221A70FB6884229B5C012B01D184
:103F800002234CE0FB68842201219954FB688822BB
:103F900024219950FB681B681A68FB681B68012183
:103FA0008A431A60FB681B689B681F4A134019000C
:103FB0003B1D1A68FB681B680A439A603B1D1B681F
:103FC000002B05D13B1DF86819685A6800F0B6F956
:103FD000FB681B681A68FB681B6801210A431A60AA
:103FE000F8F79CFF03003B613B698022D103F8682E
:103FF0000E4A00920022FFF7FFFA031E04D0172397
:10400000FB1803221A7003E0FB68882220219950D4
:10401000FB688422002199541723FB181B78180091
:10402000BD4606B080BDC046FFFFCFFFFFFFFF01CA
:1040300080B586B000AF78607B6884229B5C012BE2
:1040400001D1022321E07B68842201219954EFF3FE
:104050001083BB60BB687B610123FB60FB6883F35B
:104060001088C0467B681B681A687B681B68022141
:104070000A431A607B693B613B6983F31088C04641
:104080007B6884220021995400231800BD4606B0A5
:1040900080BD80B586B000AF78607B6884229B5C71
:1040A000012B01D1022321E07B6884220121995454
:1040B000EFF31083BB60BB687B610123FB60FB688F
:1040C00083F31088C0467B681B681A687B681B688E
:1040D00002218A431A607B693B613B6983F3108844
:1040E000C0467B6884220021995400231800BD46F5
:1040F00006B080BD80B584B000AF78607B68842254
:104100009B5C012B01D1022327E07B6884220121E3
:1041100099547B688822242199507B681B681B680E
:10412000FB607B681B681A687B681B6801218A43F7
:104130001A60FB680B4A1340FB607B6800225A66DA
:104140007B681B68FA681A607B6888222021995076
:104150007B6884220021995400231800BD4604B0D6
:1041600080BDC046FFFFFFDF80B584B000AF786040
:1041700039607B6884229B5C012B01D102232EE0F5
:104180007B688422012199547B68882224219950DC
:104190007B681B681B68FB607B681B681A687B6810
:1041A0001B6801218A431A607B681B689B68DB00DF
:1041B000D9087B681B683A680A439A607B681800D4
:1041C00000F0E0F87B681B68FA681A607B68882258
:1041D000202199507B6884220021995400231800E3
:1041E000BD4604B080BD000080B584B000AF7860EB
:1041F00039607B6884229B5C012B01D102232FE074
:104200007B688422012199547B688822242199505B
:104210007B681B681B68FB607B681B681A687B688F
:104220001B6801218A431A607B681B689B680E4AE1
:10423000134019007B681B683A680A439A607B68E0
:10424000180000F09FF87B681B68FA681A607B68AA
:104250008822202199507B688422002199540023D0
:104260001800BD4604B080BDFFFFFFF1B0B58AB0B5
:1042700000AFF860B960BB1D1A80FB688C229B58A8
:10428000202B56D1BB68002B03D0BB1D1B88002BF5
:1042900001D101234EE0FB689A6880235B019A42BA
:1042A00009D1FB681B69002B05D1BB6801221340B3
:1042B00001D001233EE0FB680122DA66FB680022A0
:1042C0001A6727257C19BB1D1A88B968FB68180076
:1042D000FFF702FA030023707B191B78002B24D10F
:1042E000FB68DB6E012B1CD1FB681B6810221A6275
:1042F000EFF310837B617B693B620123BB61BB6988
:1043000083F31088C046FB681B681A68FB681B684B
:1043100010210A431A603B6AFB61FB6983F3108832
:1043200003E02723FB1801221A702723FB181B78B0
:1043300000E002231800BD460AB0B0BD80B584B0CD
:1043400000AFF8603B1D19605A60FB681B685B6832
:10435000102293431A003B1D9B881900FB681B68C1
:104360000A435A60FB681B685B681B02190A3B1D05
:104370009B791A06FB681B680A435A60C046BD4613
:1043800004B080BDF0B585B000AF78607B685B6E2F
:10439000002B08D17B686A22012199527B68682230
:1043A0000121995243E00F26BB1908221A700E20F2
:1043B0003B1808221A707B681B689B685B0EDAB298
:1043C0000D243B1907210A401A707B681B689B6803
:1043D0005B0FDAB20C257B1907210A401A703B18D3
:1043E0001B787A19127814498A5C5A4310007B1999
:1043F0001B78124AD35C1900DBF736FF030099B231
:104400007B686A229952BB191B783A1912780A49BB
:104410008A5C5A4310003B191B78084AD35C190088
:10442000DBF722FF030099B27B6868229952C046ED
:10443000BD4605B0F0BDC04628DC020830DC0208ED
:1044400080B500AFE0F71AFAFEE780B582B000AFA2
:104450007860FEE780B584B000AFF860B9607A603C
:1044600001235B421800BD4604B080BD80B584B016
:1044700000AFF860B9607A6001235B421800BD4666
:1044800004B080BD80B584B000AFF860B9607A60D8
:1044900001235B421800BD4604B080BD80B582B0E8
:1044A00000AF7860396001235B421800BD4602B05E
:1044B00080BD80B582B000AF786000231800BD4693
:1044C00002B080BD80B500AF01231800BD4680BD9D
:1044D00080B582B000AF786039603B68802292017D
:1044E0005A6000231800BD4602B080BD80B582B07E
:1044F00000AF786001235B421800BD4602B080BD6A
:1045000010B5002101F026FA10BD10B50A220021D5
:1045100001F0B8FA10BD10B50A22002101F0B2FA7C
:1045200010BD000010B5034B0100186800F00EF834
:1045300010BDC046A407002010B5034B0100186849
:1045400001F088FD10BDC046A4070020F0B50D00A5
:1045500087B00B350190162D09D907239D4307D548
:104560000C23019A13600024200007B0F0BD102531
:10457000A942F5D8019800F0F9F9FC23BA4E5B0086
:104580009D421DD22A000832B21811005468083921
:10459000EB088C4203D1D4680233A24226D0032216
:1045A0006368A1689343E268E318CA6091600122DE
:1045B00059680A435A60019800F0E0F90834D3E7DB
:1045C0003F236A0A03D0042A26D8AB0938330322D2
:1045D0009446D9008919CC688C4206D0604662683E
:1045E0008243571B0F2F2FDD013B013334699F4955
:1045F0008C4250D0032062688243501B0F2831DD6B
:10460000012367191D430343656077613761F960D2
:10461000B9607B60A050CEE7142A02D813005B3348
:10462000D5E7542A02D82B0B6E33D0E7AA235B00C0
:104630009A4202D8EB0B7733C9E78D497E238A4231
:10464000C5D8AB0C7C33C2E7E068002F08DBA36859
:10465000D86083600123A21851680B435360AAE716
:104660000400B9E7716131610028F3DA71688C46A2
:10467000802189008A4200D38AE0D10850090122B2
:104680008240604602437260CA0092199168E260FB
:10469000A1609460CC600122734899108A404168FF
:1046A000914226D30A4205D10324A3435200043386
:1046B0000A42FBD0DE008619B44602936146CC68FC
:1046C000644500D09BE00834A446032402990131DC
:1046D00002912142F2D1234200D0B7E043689343D4
:1046E0004360614B52005968914202D3002A00D0C6
:1046F000B8E00322836802935B6893430393AB4261
:1047000003D35A1B0F2A00DD1FE1029B039A0820E6
:104710009E18584B1B6810335F1901F00FFC564B65
:1047200004901B68013303D0013F3B1847421F40F0
:104730003900019801F0AEFB0400431C00D1DAE01F
:10474000864204D9484B029A9A4200D0D3E04B4AA1
:104750001368FB181360049A013AA64200D093E054
:10476000164200D090E0404B9A68039BDF1901236A
:104770003B435360414B424A1B6811688B4200D94E
:104780001360404A11688B4200D8B4E01360B2E075
:10479000500A042811D891093831CF00BF19B868E0
:1047A000874225D1012289108A4061460A437260FE
:1047B000E760A060BC60C4606DE7142802D8010007
:1047C0005B31EAE7542802D8110B6E31E5E7AA21E4
:1047D0004900884202D8D10B7731DEE7244F7E2191
:1047E000B842DAD8910C7C31D7E78068874204D090
:1047F00003264168B1439142F7D8C768D8E7032739
:104800006168B9430391E768491B0F2910DD012254
:10481000631915436560A5680A43EF60BD60436195
:10482000036112485A60D8609860039BE150C2E669
:10483000002909DB039BE11801234A6813434B60FD
:10484000A368DF60BB60B6E63C0039E73168083E2C
:10485000013BB14200D13EE743E7043352000A4234
:10486000FBD027E7029BFAE7240200202C0200205D
:1048700054050000B89501201C02002088950120F5
:10488000B4950120B095012035490868013040D128
:104890000C600721260000230E400C4202D0083392
:1048A0009B1BE418E1190591059F04991740CB184B
:1048B000DF1B17403900019801F0ECFA431C07D1C7
:1048C000371E059804D030000027059B08381818BB
:1048D000244A001B1368C019DB1913600122224B04
:1048E000029910439C606060994200D142E7039BAB
:1048F0000F2B13D8626003221B4B9B685B689343AA
:104900005A1BAB4201D30F2A1FDC019800F036F886
:1049100029E61449A61BF6180E60BAE70721039B87
:104920000C3B8B43029949680A4002991A434A603A
:10493000CA180521516091600F2B00D81AE702991F
:104940000198083101F086FB14E70123180006499D
:1049500028438C681343651960608D606B602AE69C
:104960001C020020889501202402002010B5024876
:1049700001F0E2FA10BDC046FC96012010B50248D5
:1049800001F0DBFA10BDC046FC960120094B10B5C2
:104990001C68094A983420686168084BDBF7E8FD19
:1049A00001220023801859412060616048004008BE
:1049B00010BDC046A40700202D7F954C2DF4515802
:1049C00010B5034B0A000100186800F003F810BD91
:1049D000A4070020F0B587B00C1E0390059206D105
:1049E0001100FFF7B3FD0700380007B0F0BD0398D2
:1049F000FFF7BCFF2300083B5F6802933A000323E4
:104A00009A43059B04920B33162B08D90722934334
:104A1000019306D50C23039A13600027E4E71023C3
:104A20000193059B019A9342F4D8049B019A934207
:104A300000DB6DE1049A029BBA489B188268944699
:104A40005A689C4506D001251100A94359184968A8
:104A5000294244D103218A4304998E1801999C4527
:104A600017D11031B1423CDC019A01219446B61AAB
:104A70002200029B0E4363448360083A5E605368E1
:104A800003980B4061460B435360FFF777FF270005
:104A9000AAE7B14225DCDA689B68DA609360019B83
:104AA000029AF41A029B92195868012318400F2C9D
:104AB00000D82FE1019D029928434919029D1C430A
:104AC00068604C605068083103435360039801F0FC
:104AD000C1FA0398FFF752FF029F083784E70022CC
:104AE0001300FF0700D5C6E02100032008390D6838
:104AF00002994D1B6968814304980F18002B00D15F
:104B000084E0D6199C4548D1019B1033B3427DDC2B
:104B1000AA68EB682F00D3609A600200043A083755
:104B2000242A35D83B00132A08D92368AB60636870
:104B3000EB601B2A1AD82B000834103322681A6045
:104B400062685A60A2689A60019B764AEB1893608B
:104B5000019AB61A012216435E606B681340019AEF
:104B600013436B600398FFF709FF3DE7A3682B61D0
:104B7000E3686B61242A03D02B0010341833DDE77F
:104B80002369AB612B0062692033EA611834D5E7F1
:104B90002100380001F0B4F8D6E7019AB24235DCC2
:104BA0002800DA689B680830DA609360AA68EB68CE
:104BB000D3609A60049A043A242A23D8132A07D986
:104BC0002368AB606368EB601B2A09D8083408309F
:104BD0002368036063684360A368836002955EE7AF
:104BE000A3682B61E3686B61242A03D0280010348A
:104BF0001830EDE7280023692030AB616369183471
:104C0000EB61E5E7210001F07BF8E7E7019BBB42A0
:104C100031DC2800AA68EB680830D3609A60049AF7
:104C2000043A242A23D8132A07D92368AB6063687F
:104C3000EB601B2A09D808340830236803606368D6
:104C40004360A36883603E00C8E7A3682B61E36804
:104C50006B61242A03D0280010341830EDE72800B7
:104C600023692030AB6163691834EB61E5E721000B
:104C700001F046F8E7E705990398FFF767FC071E80
:104C800003D10398FFF77AFEC7E623000122083B11
:104C90005B689343029AD3180200083A934205D105
:104CA0005E6803239E43049BF618F8E6049A043AD0
:104CB000242A29D803002100132A08D92368036075
:104CC000636843601B2A0DD80300083108330A6863
:104CD0001A604A685A608A689A602100039801F055
:104CE000B9F93FE7A3688360E368C360242A03D06F
:104CF000030010311033EAE7236918310361030020
:104D0000626918334261E2E7210000F0F9FFE4E74D
:104D1000049EC4E6029906434E6051680B435360FB
:104D2000D7E6C0462402002070B516000D0002F040
:104D3000E7F8002E0DD06B236A00520D9B1A002B52
:104D400007DD0024034A1B059D182B002200DDF718
:104D5000D1FB70BD0000F03FF0B5A3B01B92002264
:104D600000260027059009911E921D910A782B2A92
:104D700053D03FD80D2A39D8082A39D8002A42D032
:104D80000022129200211D9D0C912A78302A00D019
:104D900083E06A7820318A43582A00D073E0029376
:104DA000129B9B4A01931EAB009305981FAB1DA954
:104DB00001F06AFA0F2302001A400400069218421A
:104DC00005D0062A2BD1002301351D9512931B9B7C
:104DD000002B02D01D9B1B9A1360129B002B19D035
:104DE000802330001B06F91823B0F0BD202AC7D15C
:104DF0000131BAE72D2AC3D12C3A12924A1C1D92D6
:104E00004A78002ABED1099B1D93002312931B9B55
:104E1000002BDFD130003900E6E70022EDE71E9AD3
:104E2000002A07D0352120A802F060F91E990598C4
:104E300001F056FD06981F9B0138042806D8DBF7C1
:104E400075F912031C1E1200209E219FE40502D555
:104E500080231B061F436F4B3B42B8D101F040F843
:104E600022230360B3E76C49219A209E0A406B49D4
:104E70005B181B051A431700E8E7664FE6E70126B3
:104E8000674F7642E2E71D9B5A1C1D925B78302BE0
:104E9000F9D0002B9BD001230C931D9B0A22139366
:104EA000002310930D9308931D9804782300303B42
:104EB000D9B2092927D901225A4900F056FF002802
:104EC00033D0002023008446089A0E9006922022B8
:104ED000190091430A0000210791452A00D0CBE038
:104EE000069B0C9A034313438B428CD01D9B099362
:104EF00001331D93099B5B782B2B7BD00C002D2B52
:104F00007ED1012477E00899082909DC0D995143E5
:104F10005B180D93089B0130013308931D90C3E784
:104F2000109D55435B191093F4E71D9B5A1C1D926D
:104F3000089A5B78002A3ED00E9006921A00303A0A
:104F4000092A12D901229446C1E71D9B01305A1C3F
:104F50001D925B78302BF8D01A00313A082A44D8D9
:104F60000E9000201D9A069013921C00421C303CAB
:104F7000302B1AD00E9B06999B180E930A239C4641
:104F8000069D4B1C5D1BAA4217DCC343069ADB1728
:104F90000340D1180132D318069308291CDC0A23D8
:104FA0000D9A53430022E3180D931D9B1000591CCA
:104FB0001D915B78C2E70898CCE7082905DC6546B7
:104FC0000D9969430D911900DAE7102BFBDC61465E
:104FD000109D4D431095F6E700220F29E5DC0A23CA
:104FE000109D5D4363191093DFE700220E92069235
:104FF0000132A8E70024099B02331D93099B9B788B
:105000001A00303A092A13D9099A1D92002232E077
:10501000B4DE02080000F07FFFFFEFFF3304000062
:10502000FFFFFF7FF4DC02081D9B5A1C1D925B787A
:10503000302BF9D0002207921A00313A082A1BD8E7
:10504000303B1A001D9B07931D9B591C1D915B78DB
:105050001D00303D092D3AD9079D491B0D00B3496C
:105060000791082D03DC07928A4200DD0791002C8E
:1050700002D0079A52420792069A002A4BD10C9A04
:10508000104300D0A3E66246002A00D0BBE6692B9D
:1050900025D021DC492B22D04E2B00D0B3E6A449E9
:1050A0001DA801F027FB002800D1ACE61D9B1B7852
:1050B000282B2AD19F4920AA1DA801F02FFB0528E3
:1050C00023D1219B9C4A209E1A4317007FE60A2188
:1050D0004A43D218303AB7E76E2BE0D093E69749AF
:1050E0001DA801F007FB002800D18CE61D9B944908
:1050F000013B1DA81D9301F0FDFA002802D11D9B64
:1051000001331D9300268C4F61E68E4800F032FF7C
:1051100006000F005BE6079B0E9A9B1A0C93089BF8
:10512000002B01D1069B0893069C102C00DD102457
:105130000D98DEF75BF9069B06000F00092B13DCC8
:105140000C9B002B00D142E60C9B002B00DC7EE088
:10515000162B63DC7C49DB00C918320008684968FB
:105160003B00DDF7C7F9D3E72200774B093AD200BD
:105170009B181A685B68DDF7BDF9060010980F00F0
:10518000DEF734F90B00020039003000DCF7B2F929
:10519000069B06000F000F2BD2DD069B1C1B0C9BF1
:1051A000E418002C00DC9BE00F2223001340144283
:1051B0000AD06549DB00C9183200086849683B001D
:1051C000DDF798F906000F000F239C4373D02633B8
:1051D000FF339C424BDD0023069307930D93089306
:1051E00022230026059A544F13600D9BB34200D131
:1051F000EDE51E99059801F073FB0899059801F0FB
:105200006FFB0799059801F06BFB0D99059801F06C
:1052100067FB0699059801F063FBD8E52523069AFC
:105220009B1A0C9A9342B8DB0F24069B464DE41A56
:10523000E10069183200086849683B00DDF75AF957
:105240000C9B1C1BE4002D192A686B6889E70C9BDA
:105250001633A2DB07990E9A3B4B521AD2009B18C9
:1052600030001A685B683900DCF70AFD50E700235C
:1052700030003900354D24110993012C1EDC002B20
:1052800001D006000F00324B099AFF182F4BD500B2
:105290005D193200286869683B00DDF72BF9264B61
:1052A0002C4A06000B40934295D82B4A934213D9BF
:1052B00001262A4F76420023099386E001221442F8
:1052C00004D02A686B68DDF715F90123099A641088
:1052D000013209920835D0E7D4239B04CF18EAE7BE
:1052E000002CE8D064420F2322001A401C420AD04E
:1052F000154BD2009B1830001A685B683900DCF748
:10530000BFFC06000F002411D5D01F2C28DD002380
:10531000069307930D9308932223059A00261360A2
:105320000D9B0027002B00D063E750E51F4E0000C7
:10533000D5DD0208A0DE02080000F07FCDDD020806
:105340003BDE020837DE020828E0020800E002081F
:105350000000B0FC0000A07C0000907CFFFFEF7F0D
:10536000102322001A4009921C4201D05A3309939B
:10537000300039000023C04D0122144204D02A68B5
:105380006B68DDF7B7F8012364100835002CF3D102
:10539000002B01D006000F00099B002B0DD06B23C2
:1053A0007A00520D39009B1A002B06DD1F2B5CDDA5
:1053B0000026342B52DDDC27BF04002200233000FE
:1053C0003900DBF74DF80028A1D10D9B089A009316
:1053D0001399069B059801F0D1FA0D90002800D191
:1053E000F9E60C9B0799DB430E9ADB17521A1492CD
:1053F0000C9A1499D21711400C9A14911A40002358
:105400001A92069307930D9B0598596801F040FA8C
:105410000890002800D1E3E60D9B0C3019001A69B2
:105420000C310232920000F09CFD20AB01931FABC7
:10543000009332003B0005981096119701F0CCFDC7
:105440001E90002800D1CBE60121059801F032FB27
:10545000079000280ED100230793C1E64B239A1A28
:105460004C3B934019400F00A7E7012252429A405B
:105470001640A2E71F9B1A9A149DD41A002B01DB39
:105480001A9C5D190999209A5B1A36219B188A1A71
:105490007A4901208C460021013B15911690634505
:1054A00006DA6146C91A521A1F293FDC8840169055
:1054B000AB180E93A418099B0E9A1C192B00954249
:1054C00000DD1300A34200DD2300002B04DD0E9A53
:1054D000E41AD21A0E92ED1A149B002B16DD1A0054
:1054E0000799059801F0A8FB07900028B3D00100A8
:1054F0001E9A059801F0F6FA1390002800D16FE685
:105500001E99059801F0ECF9139B1E930E9B002B3E
:1055100012DC0C9B002B18DD1A9A0899059801F0F3
:105520008BFB0890002810D1002358E65449CB1A71
:10553000010099401591BAE70E9A1E99059801F05D
:10554000BDFB1E900028E4D14AE6002C07DD2200B6
:105550000899059801F0B2FB08900028E4D0002DCE
:1055600008DD2A000799059801F0A8FB079000289C
:1055700000D135E6089A1E99059801F027FC06909F
:10558000002800D12CE6C368079913930023C36059
:1055900001F000FC00283BDA139B334367D13B0347
:1055A00065D1D622374BD2043B4093425FD9069B4C
:1055B0005B69002B03D1069B1B69012B57DD069904
:1055C0000122059801F07AFB0799069001F0E2FBB1
:1055D00000284CDD2B4B099A3B40002A74D0D62280
:1055E000D204934270D8DC229204934200D893E60E
:1055F00030003900244B0022DCF77CFF214B0600F1
:105600000F000B4200D0F4E52223059A1360F0E569
:105610000E97002875D1139A3B031B0B002A39D033
:105620001A4A934238D10121099B494232000800AD
:10563000002B0BD0D424134B08003B40E404A342BE
:1056400004D86C301B0DC31A99400800824223D144
:105650000F4B0E99994202D1013200D1C0E5094B9E
:105660000E9A00261A401300802252039F18099BAD
:10567000002BBDD1BDE5C046C8DE020802FCFFFF1D
:10568000E2FBFFFF0000F07F00005039FFFF0F003A
:10569000FFFFEF7F33439DD0159B002B1CD00E9B4B
:1056A000159A1342E3D0139B30003900099A002B5E
:1056B00016D0FFF739FB02000B0010981199DBF7A9
:1056C00019FF06000F00D2E70126924A76429B1886
:1056D000914A1A431700CAE7169B3342C7D0E2E744
:1056E000FFF722FB02000B0010981199DDF7E8F993
:1056F0000022002306000F00DAF7B2FE0028B6D021
:105700000AE60799069801F0C7FC80230022DB0512
:1057100004000D00DAF7B4FE00286CD0139B002BB8
:1057200077D1002E57D10E9B1B035AD100222000A7
:1057300029007A4BDAF79AFE002859D12000290077
:105740000022774BDCF7D6FE04000D0080231B06F9
:10575000EB180A940B930A9A0B9B16921793714AB3
:105760000E9B13401593159A6F4B9A4200D087E019
:105770006E4A0E9B944663441F003000190001F0EE
:10578000BFFB0A9A0B9BDCF7B5FE32003B00DBF750
:10579000B1FE644A664B06000A409A4240D9119B0A
:1057A000644A934203D1109B013300D118E50126CE
:1057B000604F76421E99059801F092F80899059875
:1057C00001F08EF80799059801F08AF80699059876
:1057D00001F086F817E6012E03D10E9B002B00D1B5
:1057E0009AE50023544C4D4D0A930B940024B2E7E4
:1057F00000244B4DAAE720002900494B0022DCF78A
:1058000079FE139B04000D00002B9FD00A940B958A
:10581000A1E70023414C25000A930B941C009AE752
:10582000D4239B04CF18099B1097002BC2D13D4B6A
:10583000159A3B409A42BDD120002900DAF7FCFEC0
:10584000DAF734FF02000B0020002900DDF738F9F9
:105850003C03139B240B34430E900F91374A1C4397
:1058600052D0374BDAF702FE002800D0C1E40E9880
:105870000F99344A2A4BDAF70DFE00289AD0B8E483
:10588000099B002B2AD0D423159ADB049A4225D8F1
:10589000200029002C4A2D4BDAF7F2FD002816D003
:1058A00020002900DAF7AAFE002800D10130DDF738
:1058B0009DFD139B04000D00002B22D180231B06AD
:1058C000CB1818901993189A199B16921793D622F1
:1058D000179BD2049B18159A9B1A1793109811992D
:1058E000169E179F01F00CFB02000B0030003900E0
:1058F000DCF700FE109A119BDBF7FCFD06000F00A1
:1059000091E718941995DEE7114B0E980F99DAF785
:10591000ADFDB2E70000F0FFFFFF0F000000F03F19
:105920000000E03F0000F07F0000E07F0000B0FCDE
:10593000FFFF9F7CFFFFEF7F0000F0BF9535A09435
:10594000FFFFDF3F35E5AF350000C0FFFFFFDF4160
:10595000FFFFCF3F10B5044C0A000100034B206845
:10596000FFF7FAF910BDC046A40700203806002052
:10597000F0B585B017001E0003900191242B23D8A9
:105980000C00012B20D03D4B08229C462300614691
:105990001D780134485D010011401042F6D12D2DD3
:1059A00019D125789C1C01230093102233009343C6
:1059B0001DD1302D15D1202123788B43582B10D1A8
:1059C00065780234102612E000F08AFA162303608C
:1059D000002005B0F0BD00912B2DE6D125789C1C50
:1059E000E3E7002EEED10A36302D00D1023E244AE4
:1059F000009B94466344310018000293DAF730FCB0
:105A00000022844610002B00303B092B11D81D00CA
:105A1000AE421DDD531C09D001225242844505D3FC
:105A200001D1A94211DB01227043281825780134E5
:105A3000E9E72B00413B192B01D8373DE8E72B0064
:105A4000613B192B04D8573DE2E701225242EDE7B2
:105A5000531C08D12223039A02981360002FB8D058
:105A6000631E019307E0009B002B00D04042002FF3
:105A7000AFD0002AF4D1019B3B60AAE7F1DE020817
:105A8000FFFFFF7F10B5044C13000A0001002068DF
:105A9000FFF76EFF10BDC046A4070020002310B51D
:105AA000040003604360836081814366C2810361B7
:105AB00043618361190008225C3000F033F90B4B1D
:105AC000E46123620A4B63620A4BA3620A4BE362FE
:105AD0000A4B9C4205D00A4B9C4202D0094B9C4287
:105AE00003D12000583000F025FA10BD695C02088F
:105AF000915C0208C95C0208F55C0208BC950120B3
:105B0000249601208C96012010B5034A03490448CD
:105B100000F06CF810BDC0462C0600208D860208EF
:105B2000A807002041680B4B10B50400994201D032
:105B300002F0ACFDA168084B994202D0200002F0AF
:105B4000A5FDE168054B994202D0200002F09EFDC0
:105B500010BDC046BC950120249601208C960120E2
:105B600010B5094B094A04211A6009480022FFF7C1
:105B700095FF012209210748FFF790FF0222122119
:105B80000548FFF78BFF10BDF4960120095B020862
:105B9000BC950120249601208C96012010B5024866
:105BA00000F0CAF910BDC046FE96012010B50248AB
:105BB00000F0C3F910BDC046FE96012010B50400E8
:105BC000FFF7ECFF636B002B02D0FFF7EFFF10BD78
:105BD000044B6363044B1B68002BF6D1FFF7C0FF37
:105BE000F3E7C046255B0208F4960120F7B51400E0
:105BF000002600900191A5686768013F04D52468DC
:105C0000002CF8D13000FEBDAB89012B08D90E2243
:105C1000AB5E013304D029000098019B98470643EE
:105C20006835EAE70EB410B500240C499DB01FABEF
:105C3000029006900791049109480A4904CB059106
:105C4000006802A901931B9401F0A2FA029B1C7048
:105C50001DB010BC08BC03B01847C046FFFFFF7F53
:105C6000A40700200802FFFF70B50C000E25495F55
:105C700000F0FCF8002803DB236D1B18236570BDC2
:105C8000A389024A1340A381F9E7C046FFEFFFFF53
:105C9000F8B51F008B8905000C001600DB0505D543
:105CA0000E23C95E0022022300F0CCF8A389054A26
:105CB00028001340A38132000E23E15E3B0000F078
:105CC000FBF8F8BDFFEFFFFF70B50C000E25495F34
:105CD00000F0B8F8A389421C03D1054A1340A38100
:105CE00070BD802252011343A3812065F8E7C046AE
:105CF000FFEFFFFF10B50E23C95E00F091F810BD55
:105D000010B5884202D98B18984208D300239A42D2
:105D100007D0CC5CC4540133F9E78B5C8354013A5F
:105D2000FBD210BD03008218934200D17047197056
:105D30000133F9E7020010B5137814000132002B8B
:105D4000FAD1CA5CE2540133002AFAD110BDC9B2BB
:105D50000378002B04D08B4200D170470130F7E765
:105D60004B42594149420840F7E730B50500101E43
:105D70000BD00024013A2B5D085D834204D194428C
:105D800002D00134002BF6D1181A30BD030030B513
:105D90001D00002A06D00C78013A01332C70013125
:105DA000002CF5D100219A18934200D130BD197012
:105DB0000133F9E7034B10B51A680123503200F0A4
:105DC00003F810BDA4070020F0B5041E02D114682A
:105DD000002C09D020000E00057801343778002F00
:105DE00004D1002D0DD11560002006E00136BD4222
:105DF000F4D1002BEED114600370F0BD0133002DFF
:105E000003D126000B00377801341D78AF42F5D15D
:105E1000002319009F4201D0230031701360ECE78A
:105E2000002370B5064D040008002B60FEF75EFBF2
:105E3000431C03D12B68002B00D0236070BDC046EB
:105E4000F896012070B50400080011001A00002324
:105E5000054D2B60FEF716FB431C03D12B68002B6E
:105E600000D0236070BDC046F896012070B50400D4
:105E7000080011001A000023054D2B60FEF7F6FA0A
:105E8000431C03D12B68002B00D0236070BDC0469B
:105E9000F8960120002370B5064D040008002B6021
:105EA00004F0BCFC431C03D12B68002B00D0236002
:105EB00070BDC046F896012070B5040008001100BE
:105EC0001A000023054D2B60FEF7C4FA431C03D1D2
:105ED0002B68002B00D0236070BDC046F8960120CF
:105EE000014B18687047C046A407002070B5002613
:105EF0000C4C0D4D641BA410A64209D1002604F0E1
:105F00009FFC0A4C0A4D641BA410A64205D170BD2B
:105F1000B300EB5898470136EEE7B300EB589847CB
:105F20000136F2E738E1020838E1020840E10208F0
:105F300038E102087047704770477047802310B5FA
:105F4000082804D0FFF7CCFF16230360173B180086
:105F500010BD03000A7801311A700133002AF9D10B
:105F60007047002310B59A4200D110BDCC5CC454D8
:105F70000133F8E7002001497047C0460000F87F70
:105F8000034B10B5002B02D0024800F005F810BDFD
:105F900000000000B9880208002310B501001A00B3
:105FA000180002F0DBFC10BDF7B5040008200D005E
:105FB000FFF7C4FF06002000FEF7D8FC0322224FA3
:105FC0003100BB685B68934318001138401B80198F
:105FD0000193DAF7BFF8451E7543AE4204DD200099
:105FE000FEF7CCFC0020FEBD00212000FFF752FF91
:105FF000BB68019A9B189842F1D120006942FFF7D3
:1060000049FF013010D100212000FFF743FFBA689B
:10601000811A0F29E3DD0D4D0D4B2D68401B1860D3
:1060200001230B435360DAE70126019BBA685B1B2F
:1060300033435360064A200013685B1B1360FEF76E
:106040009DFC3000CFE7C046240200201C02002047
:1060500088950120F7B50D1E01902DD0FEF786FC26
:10606000012329009C4608394F6862463B0064467C
:106070009343C8184568023295434A4A27409668B8
:1060800086421AD15B19002F06D10868091A8D685B
:106090001B18C868E860856001201843486091605B
:1060A000414A12689A4204D8404B01981968FFF798
:1060B0007BFF0198FEF762FCF7BD00264560B74202
:1060C00009D10F683A4CC91BDB198F68A7422CD045
:1060D000CC68FC60A76047197C6801273C420BD163
:1060E0005B198568002E22D1314CA5421FD13E009C
:1060F00051611161CD608D60012528001843486011
:10610000CB50002ED5D180208000834213D2D808F6
:106110005B099D4053681D43C3009B1855609A68F6
:10612000CB608A609960D160C3E76646D3E7C068F8
:10613000E8608560E0E75D0A042D12D898093830E0
:10614000C600B618B5680327AE4225D101238010DA
:106150008340506803435360CE608D60B160E96056
:10616000A7E7142D02D828005B30E9E7542D02D8A8
:10617000180B6E30E4E7AA204000854202D8D80B05
:106180007730DDE70B4E7E20B542D9D8980C7C30B5
:10619000D6E7AD68AE4203D06A68BA439A42F8D8EF
:1061A000EE68D9E72402002020020020B8950120E3
:1061B0002C020020540500000200F0B5046985B0EF
:1061C00014324B11160002939C4231DD1F260F0042
:1061D0009B00A500D3183740551900930197314211
:1061E0000DD1160019008D4236D8009B0026033BC6
:1061F0009D4202D3029BE41AA600961918E02021C2
:10620000019E019F891B009E039102CE9446F94096
:10621000B54216D8009B002601339D4203D3029B52
:10622000E41AA600043E96193160002900D0043615
:10623000B11A89100161964201D10023436105B072
:10624000F0BD3768039B9F400F43614680C18C4679
:10625000019B02CED940DBE780C980C6C3E70200BC
:10626000303A0300092A02D8203BD8B27047020016
:10627000613A052A01D8473BF7E71A00413A002066
:10628000052AF3D8273BF0E7F0B589B007930B68F0
:106290000192039006919A1C11000132501E007861
:1062A0003028F9D0CB1A023B05930091FFF7D7FFB6
:1062B00000231D00029398421ED10122A649009896
:1062C000FFF753FD0700A84200D06AE0009B587812
:1062D0005C1CFFF7C4FF01230293A8422FD0009457
:1062E000009B1878302809D0FFF7B9FF424242419D
:1062F0000123250002920593009C04E0009B0133DA
:106300000093EDE701342078FFF7A9FF071EF9D1CC
:10631000012220009049FFF728FD00280DD1002D13
:1063200006D1013425002078FFF799FF002802D11B
:106330002D1BAF0003E00134F5E7002DF8D120223A
:10634000237826009343502B1DD163782B2B2DD01F
:106350002D2B2FD00023661C04933078FFF77FFF8E
:10636000431EDBB20500182B2AD87078FFF777FFA1
:10637000431EDBB20136103D182B1DD9049B002BA8
:1063800000D06D427F19069B1E60029B002B19D026
:10639000059B06265A4253415B421E40300009B01D
:1063A000F0BD01230027009C0293C8E7002304935B
:1063B000A61CD2E70123FAE70A235D432D18D4E790
:1063C0002600E0E7009B0299E31A013B072B0ADC59
:1063D000039800F05DFA051E08D12A00E4215F4B06
:1063E0005F4802F0FBFA01315B10EFE70300143362
:1063F0000293059300231E000493009BA34238D30D
:10640000059C029B40C4E41AA41030002C6100F0EB
:1064100001FB019B64011B68261A00939E4252DD1A
:10642000F61A3100280000F082FE041E0FD001246D
:106430001F212000731E1940884001005A11029844
:10644000920012580A4202D0A34234DC02243100E6
:106450002800FFF7B1FEBF19019B9B68BB4242DADF
:106460002900039800F03CFA00230E9AA32613603B
:1064700094E7013C23782E2B12D0049B202B04D1CF
:10648000059B40C30026059304962078FFF7E7FE9E
:106490000F231840049B9840043306430493ACE751
:1064A000009BA342E9D8012220002B49FFF75DFCA5
:1064B0000028E2D1A1E72800B11E00F038FE002834
:1064C000C4D00324C3E7009B00249E42C4DA9E1B71
:1064D00029003200039800F0F1FB0300143305009B
:1064E000BF1B0293B8E7019B5E68BE426FDD009B55
:1064F000F61BB34236DC019BDB68022B24D0032B56
:1065000026D0012B17D1009BB34214D1012B0BD104
:10651000019B079A5B68622613600123029A2B6134
:1065200013600E9B1D6039E700992800013900F0C7
:10653000FEFD0028ECD12900039800F0D1F90023DA
:106540000E9A5026136029E70F9B002BF3D1DFE74B
:106550000F9B002BDCD1EEE7F4DC0208FEDC020826
:106560000FDD0208771E002C2FD1002F04D0390038
:10657000280000F0DCFD04001F237A111F401E3BA1
:10658000BB400299920052581A4201D002231C4388
:10659000009B31009B1B022628000093FFF70CFE96
:1065A000019B5F68002C3FD0019BDB68022B10D061
:1065B000032B12D0012B06D1A20704D5029A126830
:1065C00014431C420CD110232DE00124D4E70126F2
:1065D000E8E701230F9A9B1A0F930F9B002BF2D031
:1065E0002B69002002939B0004932B00049A143320
:1065F00099181A68541C1CD001321A602B001433ED
:10660000022E3FD1019A00991268013A8A4209D1BB
:106610000A001F2010400122824049118900CB58F6
:1066200013423DD120231E430E9B1D60079B1F601C
:10663000B4E601C39942DCD8AB68029A9A4218DBEF
:1066400069680398013100F023F9041E04D1220087
:1066500084211D4B1D48C4E629002A690C310232F1
:1066600092000C30FFF77DFC2900039800F038F908
:1066700025002B695A1C2A61012204339B00EB1868
:106680005A60BBE72A6902998A420BDD0121280082
:10669000FFF792FD019B01379B68BB4200DADFE602
:1066A0000126BFE71F22009C009914401142F7D039
:1066B000049A9B18043B186800F0ACF920231B1BBC
:1066C0009842E3DBECE7C046FEDC02080FDD02087F
:1066D000082370B520259A1A9200AD1A4368046801
:1066E0001E00AE40D340344304604360043088420F
:1066F000F4D370BD30B503680C780133002C02D19F
:106700000360012030BD1A781500413D192D00D8D5
:1067100020320131A242EFD00020F3E7F0B50B6840
:106720008BB0019201995A1192008A1802921900B5
:106730001F22114008900691134202D0029B04339D
:106740000293029B00251F1F3E003C00089B3D60FA
:106750001B68079505930395059B01330993059BDA
:106760005B780493002B28D00498FFF778FD00286D
:1067700055D1049B202B19D8039B079A934212DD15
:10678000B44206D2072D04DC2A0031002000FFF7B6
:106790009FFF019B08259C4205D9261F0025340038
:1067A000039B35600793099B0593D5E7049B292B31
:1067B0005AD1059B089A02331360039B002B53D0D8
:1067C000B44206D2072D04DC2A0031002000FFF776
:1067D0007FFF019B9C4236D91A00230002CB02C2E4
:1067E0009F42FBD2029B621CD91E0423914205D317
:1067F000029B043B1B1B9B0801339B00019AD3188F
:10680000002204C39F42FCD23B68002B04D1019BB1
:106810009F4227D101233B6005200BB0F0BD039BB5
:10682000013501330393082D06DD019B9C42BAD943
:1068300000230125043C23600F22236810401B0124
:1068400003432360AFE7069B002BDDD02023069A8D
:1068500002999B1A01225242DA4004390B68134014
:106860000B60D1E7043FCFE70420D6E782B00029D0
:1068700000D101A9101E06D0002B06D013780B60A2
:106880001078431E984102B0704702204042FAE758
:10689000436C70B506000C00002B12D0736CA20084
:1068A0009B181868002815D101210D00A5406A1D0C
:1068B0003000920002F0B0F8002809D044608560F2
:1068C0000AE02122042102F0A7F870640028E5D133
:1068D000002070BD02681A6000230361C360F8E7FE
:1068E000002906D04A68436C92009B181A680A6017
:1068F00019607047F7B50F0001900C001E000020D2
:106900000D6914373B68013099B251431B0C534356
:1069100089190E0C9B191E0C89B21B045B1808C741
:106920008542EFDC002E22D0A368AB4219DC6168FF
:1069300001980131FFF7ACFF071E05D13A00BA21DB
:106940000C4B0D4802F04AF8210022690C3102324A
:1069500092000C30FFF705FB21000198FFF7C0FF04
:106960003C002B1D9B00E31801355E602561200073
:10697000FEBDC046FEDC02086FDD0208F7B5070069
:1069800018000C000830092101931500D9F76CFCA0
:106990000123002183420ADB3800FFF779FF011E43
:1069A00008D10A00194B1A48D33102F017F85B00DE
:1069B0000131EFE7089B436101230361092D18DDD5
:1069C000230009331E000093641933780A2238002B
:1069D000303BFFF78FFF01360100A642F5D12C00B6
:1069E000009B083C1C192E00019B9E4204DB080002
:1069F000FEBD09250A34F6E7631B9B5D0A223800B9
:106A0000303BFFF777FF01360100EDE7FEDC0208BF
:106A10006FDD02088022030052020020934201D25F
:106A20001B04103080225204934201D208301B0212
:106A300080225205934201D204301B018022D205EC
:106A4000934201D202309B00002B03DB0130134242
:106A500000D1202070470368010007221800104071
:106A600013420DD0063A0020134205D102300342F2
:106A700003D0D34010000B6070479B080B60FBE70E
:106A80009AB2002A01D110201B0CDAB2002A01D1DF
:106A900008301B0A1A0701D104301B099A0701D1DB
:106AA00002309B08DA07E9D401305B08E6D12020E8
:106AB000E2E7000010B50C000121FFF7E9FE002815
:106AC00007D14621054C0200054B2000FF3101F0A3
:106AD00085FF01234461036110BDC0466FDD0208DC
:106AE000FEDC0208F0B514000A6923690D0089B0C4
:106AF0009A4202DB23000C001D0027692E696168A1
:106B0000BB190093A368BA19934200DA0131FFF769
:106B1000BFFE8446002806D1B1216246444B454859
:106B2000490001F05BFF0200BB1914329B00D3182F
:106B30000193002113000198834228D32300BF0052
:106B4000143304931435DB19B6000293AB19079381
:106B500004230593230002991533994205D30C1B96
:106B6000153CA4080134A3000593079B9D4210D354
:106B7000009B002B05DD019B043B01931B68002B50
:106B800052D063466046009A1A6109B0F0BD02C354
:106B9000D1E72C68A4B2002C1FD000231700049E5C
:106BA000039308CE396806936B461B8B88B2634308
:106BB0001B180398090C1B180698000C604340181A
:106BC000190C4118080C9BB209041943029B03904D
:106BD00002C7B342E5D8059BD0502C68240C20D0C6
:106BE000002110001368049E03913168076889B280
:106BF00061433F0CC919039F9BB2C9190F041F437E
:106C0000076080CE43683F0C67439BB2090CFB18BA
:106C10005B18190C039102990430B142E5D805992B
:106C2000535004350432A0E7009B013B00939FE7DB
:106C3000FEDC02086FDD0208F7B50323150007002C
:106C40000E001A401D4208D01A49013A92005258CB
:106C500000233100FFF74EFE0600AD1027D03C6C3C
:106C6000002C07D138001449FFF724FF002304004B
:106C70003864036001231D420AD03100220038002D
:106C8000FFF730FF310001903800FFF729FE019E29
:106C90006D100CD02068002807D122002100380098
:106CA000FFF720FF0023206003600400E2E73000CC
:106CB000FEBDC046F4DF020871020000F0B50C0012
:106CC00016002369571185B0FB1801930133009317
:106CD0004968A3680290009A934210DB0298FFF77C
:106CE000D7FD0023010005001A00143198420CD191
:106CF000EF212A00254B2648490001F06FFE0131A3
:106D00005B00E8E798000A500133BB42FADBFB4323
:106D1000DB171F40BF0023001F20C919370022695D
:106D2000143392009A180740064229D00130C01B44
:106D300003908C4600201E68BE400643604640C05B
:106D40008446039E01CBF0409A42F4D826001536C3
:106D50000423B24204D3131B153B9B0801339B0051
:106D6000C850002802D0019B02330093009B029878
:106D7000013B21002B61FFF7B3FD280005B0F0BDFA
:106D800001CB01C19A42FBD8F0E7C046FEDC020805
:106D90006FDD020830B50B6904690200E01A9C42FD
:106DA0000FD114329B0014311400C918D218043AC0
:106DB000043915680B689D4204D001209D4200D221
:106DC000023830BD9442F2D3FBE70000F0B50C006E
:106DD00087B00090110020001700FFF7DBFF051EB1
:106DE00010D101000098FFF753FD021E04D1404B63
:106DF0004048414901F0F2FD012345610361100063
:106E000007B0F0BD0026B04203DA23003C001F00AB
:106E1000013661680098FFF73BFD021E03D1344B39
:106E200034483649E6E72369143400939B00E3189D
:106E3000210001943C0002933B6914349B00E31849
:106E400003930300C6608C4600201433049305931B
:106E5000634620CBA9B20E009C4608CC2D0C99B2FB
:106E6000711A09181B0C0814EB1A1B18181489B294
:106E70001B041943059B02C30593039BA342E7D858
:106E80003900039C153104238C4204D3E31B153BCA
:106E90009B0801339B000199CD1804992E00CB1853
:106EA0001F0002998E4211D3029CE91E00208C42E1
:106EB00004D321000331491B890888001B18043BB7
:106EC0001968002910D0009B136198E7844602CE10
:106ED00088B2604400140C0C04196144201489B277
:106EE0002404214302C7DCE7009901390091E6E759
:106EF000FEDC02086FDD02083702000045020000D8
:106F000010B500240C4B0D4A0B409B18A34206DC25
:106F10005B421A15132A05DC80231B031341190059
:106F2000200010BD143A01241E2A02DC802424060D
:106F3000D4400023F3E7C0460000F07F0000C0FC0F
:106F4000F7B50600036914369B00F3181D1F2C6863
:106F50000F0020000193FFF75DFD2022121A3A6016
:106F600003001C4A0A2815DC0B212700091ACF4010
:106F70003A438C4611000022AE4202D2019A083AEE
:106F8000126815339C4063462700DA4017433800E7
:106F900003B0F0BD0027AE4202D2019D083D2F682C
:106FA0000B2149428C469C440B2B10D06146202378
:106FB0008C405B1A3900D9400C4322431100002257
:106FC000B54201D9043D2A686446A740DDE7224363
:106FD0001100DCE70000F03FF7B5012116001F00AB
:106FE000FFF756FC041E05D12200254B25482649F3
:106FF00001F0F4FC3B037D001B0B6D0D02D08022E1
:10700000520313430193002E25D068460096FFF7E4
:1070100022FD019B009900281BD020221E00121A7D
:1070200096403200C3400A4362610193019EA6610B
:10703000731E9E4101362661002D14D03526134B58
:10704000ED18089B2D181D60099B361A1E60200044
:10705000FEBD6161EAE701A8FFF7FDFC019B012687
:1070600063612030E7E70A4BC018089B1860094BA2
:10707000F3189B00E3185869FFF7CCFC7601E3E7AF
:10708000FEDC02086FDD02080F030000CDFBFFFFEE
:10709000CEFBFFFFFFFFFF3FF0B587B00F0004A955
:1070A0000600FFF74DFF00900191009B019C380006
:1070B00005A902930394FFF743FF0D0002000B00A4
:1070C00030693969049E401A05994001711A4118C6
:1070D0000805002908DD01994118039102980399D8
:1070E000DAF7CEFD07B0F0BD2B1AF7E770B5140044
:1070F00005000139136949110131890014349B00DD
:107100004118E318A3420DD8140011340025A342FE
:1071100003D39B1A113B9B089D0000234019814219
:1071200003D870BD40CC40C5ECE708C0F7E70200CB
:10713000006910B514324B11984213DB0CDD1F248B
:1071400008002040214207D099008C582100C140FE
:10715000814001208C4204D19B00D318934203D874
:10716000002010BD0300F7E7043B19680029F5D0A3
:107170000120F6E70300081E05D0FF2A04D98A2261
:1071800001201A604042704701200A70FBE70000AE
:10719000F0B5DDB01C000C9109920B9001F088FB5A
:1071A000036818002093D8F7B9FF0C9B18909B89AF
:1071B0001B0616D50C9B1B69002B12D140210B9886
:1071C000FDF7C4F90C9B18601861002806D10C2348
:1071D0000B9A136001235B421A93BBE240230C9A83
:1071E000536100230022329331930E9300231692B1
:1071F0001793002333AF30972393229314931D9357
:1072000021931A93099D2B78002B02D0252B00D0B7
:1072100091E0099BEE1A9D4216D03B60329B7E6046
:107220009B193293319B083701333193072B08DDCB
:107230000C990B9830AA01F007FA002800D084E2DC
:1072400033AF1A9B9B191A932B78002B01D101F0B5
:10725000AFF91B22002322A95218137001221E002D
:10726000524201350A9219936B1C15932B78119396
:10727000119820385A2801D900F02FFED8F760FF66
:107280009B002D062D06A5002D062D062D0680003F
:107290002D062D06A700AF002D06AD00B4002D066B
:1072A000D900DB00DB00DB00DB00DB00DB00DB0008
:1072B000DB00DB002D062D062D062D062D062D06E6
:1072C0002D0661012D0606011A01610161016101AE
:1072D0002D062D062D062D06ED002D062D06F70494
:1072E0002D062D062D063B052D065F052D062D06C8
:1072F00091052D062D062D062D062D062D062D0693
:107300002D0661012D0606011C016101610161016B
:10731000EF001C0102012D06FB002D06D904F90423
:107320002B0502012D063B05A30061052D062D0648
:107330005D002D06A300013565E7AC4B30002393BB
:10734000202318401E4201D100F02EFD193B0734C6
:107350009C43220018CA069307941092F3070AD59B
:10736000069B079A134306D0302229AB1A70119A54
:107370005A7002231E439E4B1E40022300F089FCDC
:107380000B9801F095FA436818002193D8F7C6FED0
:107390001D900B9801F08CFA836814931D9B002BB1
:1073A00011D0149B002B0ED01B78002B0BD0802308
:1073B000DB001E4307E01B2322AA9B181A78002A31
:1073C00001D120321A70159D4EE70123F1E708CC58
:1073D0001993002BF7DA5B4219930423E9E71B2387
:1073E00022AA9B182B22EDE7159A159B12780133E0
:1073F00011922A2A0ED000220A20119915933039B1
:10740000092910D90A92002A00DB31E701235B42E7
:107410000A932DE704CC0A92002A02DA0122524292
:107420000A921593CFE7424352181978013311910C
:10743000E3E78023BDE700220A21159B1992199AE0
:1074400011984A433038821819921A7801331192F0
:10745000303A092AF3D915930AE70823A9E7159BBF
:107460001B78682B05D1159B0133159380239B0056
:107470009FE740239DE7159B1B786C2B04D1159B40
:1074800001331593202394E7102392E7210004C9C8
:1074900043AB10911B211A70002222A809180A7010
:1074A0000D9201320A920022099314001B9212924B
:1074B000139207E210231E43B30631D50723073486
:1074C0009C43220018CA069307941092079A01233E
:1074D000002A0BDA069C079D00226142AA41069110
:1074E00007921B2222A952182D2111700799069A82
:1074F0000A430A99002901DA01F066F88021340074
:107500008C43002A01D001F064F80A9A002A01D1C4
:1075100000F0D9FC012B01D001F05FF800F06BFC0A
:10752000220008CA1092F20603D50693DB170793D0
:10753000CCE7720601D51BB2F7E7B205F5D55BB211
:10754000F3E7072307349C43220018CA1092012254
:1075500016931794169B52422493179B5B005B086B
:10756000259324982599234BDBF7B4FE002826D1D8
:107570002498259901221F4B5242D8F781FF0028F9
:107580001DD11698179900220023D8F76FFF002805
:1075900004D01B2322AA9B182D221A70164B099384
:1075A000119B472B01DC154B099380239E4300233D
:1075B0000D9303330A9300231B9301F03DF8169AB1
:1075C000179B10001900DBF785FE00281CD0179BC5
:1075D000002B04DA1B2322AA9B182D221A70084BB9
:1075E0000993119B472BE0DC064BDDE7D8DD020851
:1075F000FFFBFFFFFFFFEF7FCCDD0208C8DD0208C5
:10760000D4DD0208D0DD0208119B612B00D185E09A
:107610005822412B00D182E00A9B013300D1A4E023
:107620002023119A0D909A43472A03D10A9B002BDD
:1076300000D19EE080235B0033431B93179B002BFC
:1076400000DB98E0802212069446169B1E93179B3F
:1076500063441F932D231C932023119D9D43412D93
:1076600000D001E21E981F992AAA01F045F9FF23D4
:1076700000229B05DAF73EFF002200230E900F91B7
:10768000D8F7EEFE002801D001232A933E4B129337
:10769000119B612B01D13D4B12930A9B099D013B2C
:1076A0000A9300220E980F99394BDAF723FF0E90B8
:1076B0000F91DBF731FE0400DBF76AFE02000B00DE
:1076C0000E980F99DBF7FCF92B00129A0135125D29
:1076D0000E900F911A700A9B139501335AD00A9B92
:1076E00000225C1E0023D8F7BBFE002849D02B00E7
:1076F00030200A9AA918CA1A00D4B2E10122012145
:107700000A9B0A98DB17524290424B410024DBB29D
:10771000A34200D044182B19139361E07822302142
:1077200029AB19705A7002231E430A9B632B14DD88
:107730000B98591CFCF70AFF0990002812D10C9BEA
:107740009A89402313430C9A93810C9B9B895B0677
:1077500000D53FE51A985DB0F0BD00230D9343AB13
:10776000099367E7099B0D9364E706230D900A933D
:1077700060E70123FBE7169B179C1E931F940023D1
:1077800069E70A948DE7C046E9DD0208D8DD020802
:107790000000304000220E980F99D04BD8F77AFEA7
:1077A00000280BD10E980F990022CC4BD8F758FE29
:1077B000002800D19BE7E30700D498E73020129B14
:1077C0002E95DB7B2E9A013A2E921178994200D1A8
:1077D00045E14B1CDBB2392901D1129B9B7A137016
:1077E000139B099A9B1A0E9344216B462A9A11986F
:1077F0005B1824398843541E01001B7800202A940A
:10780000412902D10F33DBB201302CA90B702B239D
:10781000002C02DA01240233A41A4B70092C00DC7C
:10782000A0E1372522ABED1820000A210A95D8F7F0
:1078300001FE013D3031200029700A211294D8F751
:1078400013FD129B0400632BEEDC2A220A9B22A864
:10785000991E121837200B0030340C7022AC00191E
:10786000834200D279E10023884204D322AA39332B
:107870009B180A9A9B1A2A2222A95218D3182CAABA
:107880009B1A2293229A0E9B944663440A930E9B62
:10789000012B01DCF30704D5189A0A9B9446634434
:1078A0000A9380228E4B520033401A4300231C005F
:1078B0001B92129313931C9B002B00D0B3E1002367
:1078C0001B9E1B931B9B0A9A1C93934200DA1C92EB
:1078D0001B2322AA9B181B785A1E93411C9AD3186B
:1078E0001C9302233340269302231E4202D01C9B8A
:1078F00002331C9384233340279384231E421FD1D9
:10790000199B1C9A9D1A002D1ADD3900319B754870
:10791000329A013308313860102D00DDEFE27D60CE
:10792000AD180F0032953193072B09DD0C990B9898
:1079300030AA00F089FE002801D000F018FE33AF15
:107940001B2222A952181178329B002914D03A60C8
:1079500001229B183293319B7A609B183193083730
:10796000072B09DD0C990B9830AA00F06DFE00285A
:1079700001D000F0FCFD33AF269A329B002A15D0CF
:1079800029AA3A6002229B183293319B7A60013314
:1079900031930837072B09DD0C990B9830AA00F0BA
:1079A00053FE002801D000F0E2FD33AF279B802B6F
:1079B0001FD1199B1C9A9D1A002D1ADD3900319B8D
:1079C0004948329A013308313860102D00DDA9E2B0
:1079D0007D60AD180F0032953193072B09DD0C99AE
:1079E0000B9830AA00F030FE002801D000F0BFFD57
:1079F00033AF1B9B0A9A9D1A002D1ADD3900319B6B
:107A00003948329A013308313860102D00DD9CE28C
:107A1000AA187D6032920F003193072B09DD0C9973
:107A20000B9830AA00F010FE002801D000F09FFD56
:107A300033AF329B1B93F30500D5A1E20A9A099B51
:107A400094463B600A9B7B601B9B63443293319B53
:107A500001333193072B00DD78E30837D4E210704F
:107A6000B0E61870013346E603230A9C462D06D083
:107A70002C00453C624254410A9A013B14192EAA3B
:107A800004922BAA03922AAA029200930B980194C3
:107A90001E9A1F9B01F094F80990472D3CD1F307E3
:107AA00024D42E9B099A2A9C9B1A0E93472D4BD0C7
:107AB000462D00D098E6012233000A9913400B436B
:107AC000002C6DDD002B00D186E00A00189BE31826
:107AD000D3180A936623119370E0C0460000E03F7C
:107AE000FFFBFFFF00E10208F0E00208099B1B1901
:107AF0000E9300221E981F990023D8F7B1FC00288E
:107B000001D00E9B2E9330222E9B0E999942C8D9FC
:107B1000591C2E911A70F7E7099B1B190E93462DDD
:107B2000E7D1099B1B78302B0AD11E981F990022A0
:107B30000023D8F795FC002802D101231B1B2A93B0
:107B40002A9B0E9AD318D3E7E31C02DB0A9BA342BD
:107B500016DA119B023B119346E61C780133147030
:107B600001327DE62A2222ABD218002804D130232C
:107B70002B228B7022ABD2183034531C14707EE64B
:107B80000E9BA34212DD189A0E9B944663440A93FF
:107B900067231193002C11DC0A9B1B1B01330CE0A3
:107BA000002B1BD0189B0A9A013391E767230A9494
:107BB0001193F30702D5189BE3180A938023320030
:107BC000DB001A401392002212921E4200D172E68C
:107BD000944225DC13926EE60A947BE766230A92B0
:107BE0001193EBE7A3420EDAE41A149B5B78002BA7
:107BF00012D0139B01331393149B01331493149BE2
:107C00001B78FF2BEED1129A139B9B181D9A53439E
:107C10000A9A9B180A934EE6129B01331293EEE7E1
:107C2000129B1393EBE71B2322AA9B182D221A7099
:107C300045E6B30609D523681A9A1A60D2175A6026
:107C40000434159B0993FFF7DDFAF30603D5236887
:107C50001A9A1A60F4E7730603D523681A9A1A80F1
:107C6000EEE7B605F3D523681A9A1A70E8E71023F1
:107C70001E432023300018401E4210D0193B073409
:107C80009C43220018CA069307941092B84B1E40DA
:107C900000231B2222A952180021FFF726FC2200F4
:107CA00008CA3100109210221140164202D00693E9
:107CB0000790EBE7402230001040164203D09BB201
:107CC00006930791E2E780223100920011401642AC
:107CD000F6D0DBB2EBE7230004CBA649069229AA33
:107CE0001180A54A10930023239278220793023330
:107CF0001E431192CDE7230004CB002410931B23D5
:107D0000099222AA9B181C700A9BA34210DB1A003E
:107D10002100099800F0E4FD0D90A04200D1EBE0B5
:107D2000099A0D94831A0A931B9412941394C9E52B
:107D30000998D8F7F3F923000A900D943CE4102336
:107D40001E432023300018401E4209D0193B07343F
:107D50009C43220018CA069307941092012398E7C7
:107D6000230004CB31001093102319401E4203D08E
:107D7000069207900F3B8CE74023300018401E42CC
:107D800003D093B206930791E8E7802331009B006C
:107D900019401E4203D0D3B206930790DEE7069245
:107DA000F1E7764BFFF7CAFA230004CB31001093BA
:107DB000102319401E4203D006920790FFF7CEFA17
:107DC0004023300018401E4204D093B2069307911E
:107DD000FFF7C4FA802331009B0019401E4202D0F5
:107DE000D3B20693E9E70692F1E7079B002B0CD18B
:107DF000069B092B09D8069B3033DBB2E72222A968
:107E000052181370099200F00EFC00230E93802389
:107E1000DB0023405CAE0D930A22069807990023ED
:107E2000D8F786FB731E303209931A700E9B05003B
:107E300001330E930D9B1291002B23D0149B0E9AAD
:107E40001B789A421ED1FF2A1CD0079B002B03D11E
:107E5000069B092B00D8E6E3099B1D9A21999B1AE2
:107E600018000993FDF792FF0022149B0E925B7895
:107E70005A1E9341149AD3181493129B099E069587
:107E80000793C9E7079B002BF7D1069B092BF4D872
:107E9000C9E30F205CAB0993099B239A013B09932B
:107EA000069B0340D35C099A1370079B1907069B36
:107EB0001A09079B11431B0907930B00079A0691A8
:107EC0001343E9D1AFE35CAA0992002B00D0AAE3E7
:107ED000F60700D4A7E3303390E7119B002B00D1C5
:107EE00066E3119A1B2143AB1A70002222A80918DD
:107EF0000A701094FFF7D4FA0D9BFFF75DFB10207A
:107F00001218786032923193072B08DD0C990B9888
:107F100030AA00F099FB002800D028E333A90F0015
:107F2000103DF2E410201218786032923193072B42
:107F300008DD0C990B9830AA00F086FB002800D0D1
:107F400015E333A90F00103D38E5102012187860B2
:107F500032923193072B08DD0C990B9830AA00F070
:107F600073FB002800D002E333A90F00103D45E564
:107F7000FFFBFFFF30780000D8DD0208E9DD0208D2
:107F8000119B652B00DC3FE2169817990022002315
:107F9000D8F766FA002878D07A4B3B6001237B60E3
:107FA0001B9B083701333293319B01333193072BED
:107FB00008DD0C990B9830AA00F046FB002800D091
:107FC000D5E233AF2A9B0E9A934201DBF3071BD510
:107FD000209B189A3B60189B7B60329B08379B184C
:107FE0003293319B01333193072B08DD0C990B98A9
:107FF00030AA00F029FB002800D0B8E233AF0E9B76
:1080000010255C1E002C2FDC760700D592E2199B10
:108010001C9A934200DA13001A9AD3181A93329BCF
:10802000002B07D00C990B9830AA00F00DFB00280C
:1080300000D09CE2002331930D9B002B00D0B2E2D4
:10804000109C33AFFDE510327D6032923193072BE7
:1080500008DD0C990B9830AA00F0F6FA002800D041
:1080600085E233A90F00103C3900319B4648329A13
:10807000013308313860102CE5DC7C60A4180F0057
:1080800032943193072BBFDD60E02A9B002B00DD8B
:108090007CE03C4B3B6001237B601B9B083701333A
:1080A0003293319B01333193072B08DD0C990B98E8
:1080B00030AA00F0C9FA002800D058E233AF0E9978
:1080C0002A9B329A0B43012131400B439CD0209BC9
:1080D0003B60189B7B609A18319B3292013331933D
:1080E0000837072B08DD0C990B9830AA00F0ACFA82
:1080F000002800D03BE233AF2A9C002C19DA38006C
:10810000102564423199204A329B013108370260C0
:10811000102C25DC4460E41832943191072908DDE5
:108120000C990B9830AA00F08FFA002800D01EE2BC
:1081300033AF099B329A3B600E9BD2183292319A30
:108140007B6001323192072A00DC86E40C990B989F
:1081500030AA00F079FA002800D008E233AF53E7E4
:108160001033456032933191072908DD0C990B9843
:1081700030AA00F069FA002800D0F8E133AF3800E7
:10818000103CBFE7FADD0208F0E002080E9B250074
:108190009C4200DD1D00002D14DD099B7D603B60CD
:1081A0001B9B0837EB183293319B01333193072B1C
:1081B00008DD0C990B9830AA00F046FA002800D090
:1081C000D5E133AFEB43DB171D40651B002D19DDF7
:1081D0003900319BCB48329A013308313860102D79
:1081E00000DD83E07D60AD180F0032953193072BE1
:1081F00008DD0C990B9830AA00F026FA002800D070
:10820000B5E133AF099B1C1973050BD5139B002BEC
:108210007FDC129B002B7FDC099B0E9A9B189C42F3
:1082200000D91C002A9B0E9A934201DBF30716D556
:10823000209B189A3B60189B7B60329B08379B18E9
:108240003293319B01333193072B08DD0C990B9846
:1082500030AA00F0F9F9002800D088E133AF0E9A77
:10826000099B94462A9D63441B1B551B9D4200DDC0
:108270001D00329B002D12DDEB183293319B3C60C8
:1082800001337D6031930837072B08DD0C990B987B
:1082900030AA00F0D9F9002800D068E133AF0E9B76
:1082A0002A9C1C1BEB43DB171D40641B1025002C74
:1082B00000DCA9E63900319B9248329A013308313B
:1082C0003860102C00DCD8E610327D603292319399
:1082D000072B08DD0C990B9830AA00F0B5F900289F
:1082E00000D044E133A90F00103CE3E7102012183E
:1082F000786032923193072B08DD0C990B9830AAE5
:1083000000F0A2F9002800D031E133A90F00103DA0
:108310005EE7129B002B5DDD129B013B1293219BBC
:108320001D9A3B601D9B7B60329B08379B183293E4
:10833000319B01333193072B08DD0C990B9830AA40
:1083400000F082F9002800D011E133AF099B0E9AAA
:108350009D18149B2D1B1B789D4200DD1D00329B38
:10836000002D12DDEB183293319B3C6001337D60B0
:1083700031930837072B08DD0C990B9830AA00F0D1
:1083800063F9002800D0F2E033AF149B1A78EB4376
:10839000DB171D40551B002D18DD3900319B594856
:1083A000329A013308313860102D1ADC7D60AD1827
:1083B0000F0032953193072B08DD0C990B9830AAEA
:1083C00000F042F9002800D0D1E033AF149B1B78B5
:1083D000E4181BE7149B013B1493139B013B13937D
:1083E0009DE710201218786032923193072B08DD38
:1083F0000C990B9830AA00F027F9002800D0B6E0BD
:1084000033A90F00103DC8E73C001B99319B0E9A21
:10841000013101330834012A03DC0122164200D164
:1084200083E0099A32913A60012231937A60072BF6
:1084300008DD0C990B9830AA00F006F9002800D04E
:1084400095E033AC209B189A2360189B6360329BA5
:1084500008349B183293319B01333193072B08DD8D
:108460000C990B9830AA00F0EFF8002800D07EE0BD
:1084700033AC319B0022169817990A930E9B329FBA
:108480005D1E0023D7F7ECFF002826D1099B0A9A2E
:1084900001330E9923607B1E01325B1865603293B5
:1084A00031920834072A07DD0C990B9830AA00F0A6
:1084B000CBF800285BD133AC2CAB2360229B229AF3
:1084C0006360329B9B183293319B01333193072BAE
:1084D00000DD3BE60834270096E50E9B1027012BB4
:1084E000EADD2100319B0748329A013308312060D0
:1084F000102D09DC65600C00AD1832953193072B07
:10850000DADDD1E7F0E00208103267603292319391
:10851000072B07DD0C990B9830AA00F095F800287E
:1085200025D133A90C00103DDBE70998329105C72E
:108530003193E4E7199B1C9A10259C1A002C00DC4F
:1085400065E5319B3F49329A01333960102C19DCC3
:108550007C60A41832943193072B00DC57E50C990A
:108560000B9830AA00F070F8002800D14FE50D9B61
:10857000002B01D1FFF7E9F819000B98FDF76AFD10
:10858000FFF7E3F810327D60329231930837072B02
:1085900007DD0C990B9830AA00F056F80028E6D1B8
:1085A00033AF103CCDE70D990B98FDF753FD47E530
:1085B000329B002B01D1FFF7C8F80C990B9830AA19
:1085C00000F042F8FFF7C1F83400002A01D1FEF7AD
:1085D000A1FF012B01D1FFF708FC022B00D158E4C9
:1085E00007255CAB0993099A1300013B0993069B8D
:1085F00009992B4030330B7007994E070699C8082C
:1086000007990643C9080791310007980696014368
:10861000E9D1E10707D5302B05D03021099B013B7B
:108620001970931E09930A9B099A1B935CAB9B1AC2
:108630000A93002326000D931C0012931393FFF757
:1086400041F9C04600E10208F7B50E0014001568B4
:108650000190A368002B04D100200023A360636075
:10866000FEBD63685A1E6260002BF5DD6F68002F47
:108670000AD03B0031002A68019801F0D1FD431C6B
:10868000EBD0A368DB1BA3600835E2E770B50500FB
:108690000C1E1AD0002804D0436B002B01D1FDF72B
:1086A0008DFA0C22A35E626ED20704D49B050FD410
:1086B000A06DFDF741FC0C22A35E002B08D1636E78
:1086C000DB0702D4A06DFDF738FC0026300070BD3A
:1086D0002100280000F036F8E36A0600002B06D0DF
:1086E0002800E1699847002801DA01267642A3892B
:1086F0001B0603D528002169FDF7ACFC216B00297E
:1087000008D023004033994202D02800FDF7A2FC94
:1087100000232363616C002904D02800FDF79AFC34
:1087200000236364FDF73AFA0023A381636EDB073D
:1087300002D4A06DFDF701FCA06DFDF7FCFBFDF779
:1087400035FAC3E7F7B50C228B5E05000C001A075B
:108750005ED4802212011A438A814A68002A02DC10
:10876000CA6B002A52DDA76A002F4FD0002280205A
:108770002E682A601A004001E1690240034237D0A6
:10878000226DA3895B0706D56368D21A236B002B81
:1087900001D0E36BD21A00232800A76AE169B84729
:1087A000431C06D12A681D2A4AD82C4BD340DB072C
:1087B00046D50C22A35E2A4A1A40A281002262609A
:1087C00022692260DB0405D5431C02D12B68002BF3
:1087D00000D12065216B2E60002917D02300403383
:1087E000994202D02800FDF735FC002323630DE0F9
:1087F00001232800B8470200431CC2D12B68002B7C
:10880000BFD01D2B01D0162B1AD12E6000201EE0E8
:108810000E69002EFAD00F680E60BA1B019200227A
:108820009B0700D14A69A260019B002BEEDD636AC1
:1088300032001F002800019BE169B847002807DCCF
:1088400040230120A289404213431BB2A381FEBDF5
:10885000019B36181B1A0193E6E7C0460100402031
:10886000FFF7FFFF70B505000C00002804D0436B34
:10887000002B01D1FDF7A2F90C22A35E1E1E15D01C
:10888000626ED20704D49B0502D4A06DFDF754FBA1
:1088900021002800FFF756FF636E0600DB0705D4B2
:1088A000A3899B0502D4A06DFDF747FB300070BD86
:1088B000004870472807002070B5074C074D641B1F
:1088C000A410002C02D101F0C1FF70BD013CA30037
:1088D000EB589847F5E7C04644E1020840E102083A
:1088E000C9B28218904201D10020704703788B42B0
:1088F000FBD00130F6E7000070B5140000252560BC
:10890000104D4B000A005B08AB421AD81D0005430E
:1089100017D00D4D294209D100220C4BD9F7EAFDA1
:1089200036250A004B006D425B082560084D1B157B
:108930005B192568EB182360064B1A40064B13435E
:10894000190070BDFFFFEF7F0000F07F0000504373
:1089500002FCFFFFFFFF0F800000E03FF7B51C4F58
:1089600004003868160001930091FDF7E5FA194AF2
:108970001368002B01D1184B13605A6838681F2AFE
:1089800004DDFDF7DAFA01204042FEBD002C14D0D0
:10899000910059180F0088373E6001271E0097404C
:1089A0008536FF367568FC313D437560019DCD60AD
:1089B000022C02D1B1683943B160511C59600232B6
:1089C00000999200D150FDF7B8FA0020DDE7C046CB
:1089D000E808002000970120049701207FB51400CB
:1089E0001A00094B05001B680E00D868074B002CC5
:1089F00001D1074B1C000749019302942B000096FC
:108A000000F0B2FE01F024FEA4070020FCDD020805
:108A100037DE020809DE0208F8B500240B0C160C3C
:108A2000A34233D1A64221D18BB291B25943FBF775
:108A30008DFD051E32D00300083B5A6803239A437C
:108A4000043A242A32D80300132A0AD90460446065
:108A500008331B2A05D98460C460242A21D003006E
:108A6000103300221A605A609A6018E0331C0D1C03
:108A700089B292B29BB24A43ADB25D43110C691800
:108A80000B0C07D1090492B21143D0E7002E01D19B
:108A9000151CEDE7FDF724FA0C23036000252800E0
:108AA000F8BD0300046118334461DAE70021FDF7E3
:108AB00039F9F4E7F0B503690C6989B003900691C0
:108AC0000020A34263DB0B00013C1433A500049398
:108AD0005B190593039B143301935D19059B2F6864
:108AE0001E68380001363100D7F734FB0290B742D8
:108AF00027D3049B00279C46019E0797624608CA1D
:108B000030689446029A99B251431B0C5343C919D9
:108B10000A0C9B1889B282B2521A07991F0C52187C
:108B2000000C9BB21114C31A5B18191492B21B04E7
:108B30001A43059B079104C66345DFD22B68002BBF
:108B40002BD006990398FEF725F900281EDB002696
:108B5000019D049901C92B6887B29AB2D21B921960
:108B6000000C1B0C1B1A10141B181E1492B21B04B1
:108B70001A43059B04C58B42ECD2019AA300D3187B
:108B80001A68002A14D0029B01330293029809B09C
:108B9000F0BD2B68002B04D1013C019B043DAB428E
:108BA000F7D3039B1C61CCE71A68002A04D1013C6F
:108BB000019A043B9A42F7D3039B1C61E3E7000050
:108BC000F0B514001D00816B9DB00A940B95259E95
:108BD0000390002909D00123C26B93404A608B6047
:108BE000FDF77EFE0023039A9363002D1EDA012316
:108BF00033606B005B080B930B9FB64BB54A3B4051
:108C0000934216D1B44B249A13603B031B0B2343AE
:108C100001D100F07BFDB14B269A0893002A02D0C7
:108C2000AF4B269A136008981DB0F0BD0023336047
:108C3000E2E70A9A0B9B129213931298139900225F
:108C40000023D7F70DFC061E0BD00123249A1360D6
:108C5000269B002B02D0A34B269A1360A24B0893AD
:108C6000E1E71AAB01931BAB00930398129A139B95
:108C7000FEF7B2F97A000590520D00D17BE0139B0C
:108C800018961903994B090B0B43994957181298D9
:108C9000139919000022974BD9F712FF964A974B68
:108CA000D9F728FC964A974BD8F724FC04003800E3
:108CB0000D00DAF76DFB944A944BD9F71BFC0200C8
:108CC0000B0020002900D8F715FC04000D00DAF78E
:108CD00023FB00220490002320002900D7F7C6FBC5
:108CE00000280BD00498DAF753FB2B002200D7F7AB
:108CF000B7FB43425841049B1B1A0493012315936D
:108D0000049B162B10D812981399049A804BD2000A
:108D10009B181A685B68D7F7A9FB002847D0049B0B
:108D2000013B04930023159300221A9B0692DB1B40
:108D30005A1E3ED50122D31A069300230D93049B9D
:108D4000002B38DB049A0D9B944663440D9300235B
:108D500014920F93229B0124092B62D8052B02DD6C
:108D60000024043B2293229B981E032863D8D7F744
:108D7000DDF95456382B1B9B1A9EF618654BF218DA
:108D8000202A0FDD40239B1A9F40634B3800F318C5
:108D9000DC402043DAF72AFB0122604B771ECB1818
:108DA000189276E7202320009B1A9840F2E715904E
:108DB000BAE70D92C3E7069B049A9B1A06935342A7
:108DC0000F9300231493C5E70123239A109394462D
:108DD000049B63440E9301330993002B08DC0123A9
:108DE00006E001231093239B002B28DD0E930993AB
:108DF0000021042210001430984225D9039B18004A
:108E0000D963FDF745FD0890002820D1B021444BDF
:108E10004448089AFF31FFF7E1FD0023E2E7002311
:108E2000D3E7002310942293013B00220E93099371
:108E300013332392DCE701231093023BF5E7012370
:108E40001A000E930993F4E701315200D2E7039B15
:108E5000089A9A63099B0E2B00D9D4E0002C00D10C
:108E6000D1E0049B002B61DD0F21049A284B0A40BE
:108E7000D2009B181E685F68049B02241D11DB054D
:108E80000AD5294B0D401A6A5B6A12981399D8F7D4
:108E9000F7FE0A900B910134234B0C93002D08D15F
:108EA0000A980B9932003B00D8F7EAFE0A900B9122
:108EB00057E001231D4209D0E4180C9B30001A68CA
:108EC0005B683900D9F716FB06000F000C9B6D108C
:108ED0000833E2E70000F07F0F27000041DE0208C0
:108EE00044DE0208FBDD0208FADD02080000F03F64
:108EF00001FCFFFF0000F83F61436F63A787D23F8B
:108F0000B3C8608B288AC63FFB799F501344D33F78
:108F100028E002083204000012040000000010FEE5
:108F2000FEDC020845DE020800E00208049B022481
:108F3000002B16D0129813990F225D422A40D54B70
:108F4000D2009B181A685B68D9F7D4FA012700236E
:108F50000A900B91D04E2D11002D00D095E0002BE2
:108F6000A4D10A9E0B9F159B002B00D198E00022F4
:108F700030003900C94BD7F779FA002800D18FE0CB
:108F8000099B002B00D18BE00E9B002B37DD049B4F
:108F90000022013B0C933000C14B3900D9F7AAFAEB
:108FA0000A900B910E9B013420001193DAF7F0F92F
:108FB0000A9A0B9BD9F79EFABA4B0022D8F79AFA75
:108FC000B94B0600CF18119B002B6DD10A980B9955
:108FD0000022B64BD9F774FD32003B0004000D00AF
:108FE000D7F758FA002800D0B5E2802109067B188F
:108FF000320020002900D7F739FA002828D1129B27
:10900000139C0A930B941B9B002B00DA74E1049AC7
:109010000E2A00DD70E19F4BD2009B185C681B6834
:1090200006930794239B002B00DBE7E0099B002BB2
:1090300000DDE3E00CD10698079900229B4BD9F79D
:1090400059FA0A9A0B9BD7F72FFA002800D185E22C
:1090500000263700239B089CDB430C9304970027D2
:1090600031000398FDF73CFC049B002B00D1BBE0D2
:10907000002F05D09F4203D039000398FDF730FC44
:1090800004990398FDF72CFCAEE03D4205D0326810
:109090007368D9F72FFA3B0001346D1008365BE78F
:1090A000049B0C93099B7FE7119A7A4B013AD200FB
:1090B00010999B181A685B6800294CD000207C49E5
:1090C000D8F7DEFD32003B00D9F7FAFC089A06001B
:1090D00094460F00089B1693119B634411930A98C2
:1090E0000B99DAF719F90500DAF752F902000B00CB
:1090F0000A980B99D9F7E4FC169B30355C1C1D705F
:1091000032003B000A900B91D7F7B0F900286BD1E1
:109110000A9A0B9B00206149D9F7D2FC32003B0030
:10912000D7F7A4F9002800D0C6E0119BA34200D1D4
:1091300065E7002230003900594BD9F7DBF90022EE
:1091400006000F000A980B99554BD9F7D3F91694DE
:109150000A900B91C3E730003900D9F7CBF9089D8D
:10916000119A2B00944616901791634419930A980C
:109170000B99DAF7D1F80400DAF70AF90B000200CC
:109180000A980B99D9F79CFC3034199B2C70013547
:1091900006000F00AB422AD116981799089B119C24
:1091A0009C460022424B6444D8F7A4F902000B000D
:1091B00030003900D7F76EF9002800D07CE0169A0D
:1091C000179B00203A49D9F77BFC02000B003000C6
:1091D0003900D7F74BF9002800D110E72300013CF4
:1091E0002278302AFAD01C000C9B049342E0002223
:1091F0002B4BD9F77FF90A900B91B8E7099B089D93
:10920000013B5B190A9E0B9F0A93069A079B30004D
:109210003900D8F735FDDAF77FF80990DAF7B8F8B2
:10922000069A079BD9F766F902000B003000390057
:10923000D9F746FC2B00099A013530321A700A9A88
:109240002C009A424BD102000B00D8F753F9069A32
:10925000079B06000F00D7F71DF900282AD1069AB0
:10926000079B30003900D7F7FBF8002802D0099B94
:10927000DD071FD405990398FDF732FB0023237007
:10928000049B249A01331360269B002B00D1CAE46F
:109290001C60C8E428E0020800E002080000F03F7B
:1092A0000000244000001C400000C0FC00001440EE
:1092B0000000E03F049B0C9323001C00013B1A7844
:1092C000392A08D1089A9A42F7D10C9A08990132A2
:1092D0000C9230220A701A7801321A7084E7002248
:1092E000C54BD9F707F90022002306000F00D7F776
:1092F000B7F8002889D0BDE7109F0F9D069C002F6E
:1093000014D0229A012A00DDE4E0189A002A00D144
:10931000DAE0BA4A9B18069A0121D21806920D9AF1
:109320000398D3180D93FDF7C5FB0700002C0ED052
:109330000D9B002B0BDD0D9A2300944200DD1300E2
:10934000069AE41AD21A06920D9AD31A0D930F9B1D
:10935000002B21D0109B002B00D1D3E0059E002DC7
:1093600014D039002A000398FDF766FC059A010025
:1093700007000398FDF7B6FB060005990398FDF773
:10938000AFFA0F9B05965B1B0F9305D031000F9A28
:109390000398FDF751FC059001210398FDF78AFB26
:1093A000149B0600002B00D1BAE11A0001000398BB
:1093B000FDF742FC229B06000025012B16DC002550
:1093C0000A9BAB420ED10B9B1B03AB420AD18C4BC9
:1093D0000B9A134206D0069B0135013306930D9B71
:1093E00001330D93149B0120002B08D03369033304
:1093F0009B00F3185868FDF70DFB2023181A0D9BEE
:10940000181802001F231A40184200D181E00133CE
:109410009B1A042B79DD1C239B1A069AE418D21898
:1094200006920D9AD3180D93069B002B05DD1A00AA
:1094300005990398FDF742FC05900D9B002B05DD77
:1094400031001A000398FDF739FC0600159B002B2C
:1094500061D031000598FDF79DFC00285BDA049B84
:109460000A22013B0C93059900230398FDF742FA69
:10947000109B0590002B00D159E1002339000A22EE
:109480000398FDF737FA0E9B0700002B4DDC229B5B
:10949000022B46DD0E9B002B00D0DBE531000522C0
:1094A0000398FDF727FA060001000598FDF772FC06
:1094B000002800DCCEE5089B089A5C1C3123137061
:1094C0000C9B01330C93C9E536231A9A0F9D9B1A06
:1094D000069C20E7099B5D1E0F9BAB4208DB5D1BD2
:1094E000099B002BF4DA069B099A9C1A002312E7C9
:1094F0000F9B149AEB1AD31814930F95069C002512
:10950000099B08E70F9A059942E7042B8CD01C337E
:1095100083E71300FBE7049B0C93099B0E93002B3E
:10952000B5DD109B002B00D105E1002C05DD3900D5
:1095300022000398FDF7C2FB07000497002D1FD0FF
:1095400079680398FDF7A4F9041E0BD122002D4B76
:109550002D482E495FE4119E3700ACE7049B099E1D
:109560000C93F9E739003A690C31023292000C3061
:10957000FCF7F7FC012221000398FDF79FFB049004
:10958000089B0E9A0693013B9B1801220F930A9B9E
:1095900013400E9331000598FFF78CFA390005004F
:1095A0000A900598FDF7F6FB049A0D903100039898
:1095B000FDF70CFC0122C368040030350992002B32
:1095C00004D101000598FDF7E5FB099021000398FF
:1095D000FDF786F9069B229A5C1C099B13430E9AA1
:1095E000134315D1392D2ED00D9B002B01DD0A9D83
:1095F0003135069B1D7033E5000024403304000024
:109600000000F07FFEDC020845DE0208EF020000E9
:109610000D9B002B04DB229A13430E9A13431ED199
:10962000099B002BE5DD059901220398FDF746FB18
:1096300031000590FDF7AEFB002802DCD9D1EB0725
:10964000D7D5392DD3D13923069A137023001C00A6
:10965000013B1A78392A50D001321A7000E5099B73
:10966000002B03DD392DEED00135C2E7069B069AAB
:109670001D700F9B93422BD000230A22059903985B
:10968000FDF738F9049B05909F4209D1390000236A
:109690000A220398FDF72EF907000490069479E753
:1096A000390000230A220398FDF724F9002307005C
:1096B0000A2204990398FDF71DF90490EEE70E9B2A
:1096C0000124002B00DD1C0004970027089B1C19B7
:1096D000059901220398FDF7F1FA31000590FDF795
:1096E00059FB0028B2DC01D1ED07AFD423001C00E8
:1096F000013B1A78302AFAD0B2E4089A9A42A6D1ED
:109700000C9B01330C9331231370A9E4144B269A5C
:109710000893144B002A01D0FFF783FAFFF783FA6E
:10972000229B012B00DC4AE60120149D67E60E9B7C
:10973000002B00DCABE6002431000598FFF7BAF9F6
:10974000089B303018550E9B01340500A342B6DD4E
:1097500000230A2205990398FDF7CCF80590EBE762
:1097600038DE020840DE02080EB417B5054C05AB22
:1097700004CB01002068019300F006F81EBC08BC71
:1097800003B01847A4070020F0B5C1B01C001D00AD
:10979000069004910792002804D0436B002B01D15E
:1097A000FCF70CFA049B5B6EDB0707D4049B9B89D8
:1097B0009B0503D4049B986DFCF7BEFB049B0C2116
:1097C000595E80239B01194207D10B43049A0499E7
:1097D000526E8B819F4B13404B66049B01225B6E44
:1097E000990407D5134217D001235B4208930898C8
:1097F00041B0F0BD049B9B891B0703D5049B1B69EB
:10980000002B12D10499069800F0C4FE00280CD059
:10981000049B5B6EDB07E7D4049B9B899B05E3D429
:10982000049B986DFCF789FBDEE7049B0C229B5E92
:109830001A221A400A2A16D1049A0E21525E002AD0
:1098400011DB049A526ED20705D49B0503D4049B06
:10985000986DFCF772FB2300079A0499069800F0B4
:109860008BFC0890C3E7002317AE1496169315934C
:1098700003960C930D930E930F930893079C2378F4
:10988000002B02D0252B00D087E0079BE71A9C42D3
:1098900010D0039A1360169B5760DB191693159B23
:1098A00001331593072B7ADC130008330393089BCD
:1098B000DB1908932378002B01D100F017FC00225C
:1098C00012A9CA700121631C140049420591099232
:1098D0005A1C1B780792180020385A2800D962E3D6
:1098E000D6F72EFCA00061036103A90061036103A8
:1098F0006103850061036103AB00B3006103B10044
:10990000BE006103E000E200E200E200E200E200EB
:10991000E200E200E200E20061036103610361032F
:10992000610361036103610361030A01EE016103E5
:109930006103610361036103610361036103610307
:10994000610345026103610361037E0261039802C2
:1099500061036103C6026103610361036103610383
:10996000610361036103610361030A01F0016103A3
:1099700061036103F300F00106016103FF0061036D
:109980002A0247027202060161037E02A7009A02C0
:109990006103610367006103A70001346FE7049965
:1099A000069814AA00F02CFC002800D079E317AB2D
:1099B0007CE7294A20000C9220221040144200D15A
:1099C00058E2193A0735954306CD00910192E20716
:1099D00009D5009A01990A4305D013AA3021537082
:1099E000022311701C431D4B1C400223CFE106983B
:1099F000FEF75EFF436818000F93D6F78FFB0E90BB
:109A00000698FEF755FF83680D930E9B002B10D030
:109A10000D9B002B0DD01B78002B0AD08023DB0080
:109A20001C4306E012ABDA780333002A01D120325E
:109A30001A70079B4CE70123F2E708CD0993002B2E
:109A4000F7DA5B4209930423EAE72B2212ABDA70C0
:109A5000EFE7C046FFDFFFFFD8DD0208FFFBFFFF97
:109A6000079B5A1C1B782A2B0ED000210A271800AE
:109A700030380792092810D90591002900DB2AE720
:109A800001225242059226E708CD0593002B02DA07
:109A900001235B4205930792CBE7794313780918BA
:109AA0000132E4E78023BBE70021079A09910A31DC
:109AB0000998303B48431B1809931378013218006A
:109AC00030380928F4D9079205E7079B1B78682BE3
:109AD00005D1079B0133079380239B00A0E7402318
:109AE0009EE7079B1B786C2B04D1079B01330793E0
:109AF000202395E7102393E704CD27AB1A700022AB
:109B000012A9CA7001211E0005910B920B9B059AA8
:109B10000A93934200DA0A9212AB03331B785A1E5F
:109B200093410A9AD3180A930223234010930223E5
:109B30001C4202D00A9B02330A93842322001A405B
:109B400011921C4221D1099B0A9A9F1A002F1CDDF9
:109B5000169B03999C46CC48159B039A0133083108
:109B60001060102F00DD2BE25760674416971593A5
:109B70000391072B09DD0499069814AA00F040FB15
:109B8000002800D08DE217AB039312A9C878169A6B
:109B9000159B033100280DD003980133016001218A
:109BA0005218416016921593072B00DD1BE203004B
:109BB000083303931099169A159B00290ED0039829
:109BC00013A90160022101335218416016921593C6
:109BD000072B00DD10E2030008330393119B802B59
:109BE00021D1099B0A9A9F1A002F1CDD169B03990D
:109BF0009C46A648159B039A013308311060102F2C
:109C000000DD02E257606744169715930391072B16
:109C100009DD0499069814AA00F0F2FA002800D091
:109C20003FE217AB03930B9B059A9F1A002F1CDD95
:109C3000169B03999C469548159B039A013308315E
:109C40001060102F00DDF3E15760674416971593FD
:109C50000391072B09DD0499069814AA00F0D0FAA5
:109C6000002800D01DE217AB0393039A059B1660F2
:109C70005360169B059A9B181693159B01331593F9
:109C8000072B00DDE7E1039E0836640700D5EBE112
:109C9000099B0A9A934200DA1300089AD318089392
:109CA000169B002B07D00499069814AA00F0A8FA76
:109CB000002800D0F5E10023159317AB0393DDE5F1
:109CC00010231C43A30628D5072307359D430CCD3D
:109CD00000920193019A0123002A09DA009E019F54
:109CE00000227142BA41009101922D2112AAD17035
:109CF0000199009A0A430599002900DA04E28021BB
:109D000027008F43002A00D002E2059A002A00D1E2
:109D10003FE1012B00D0FEE1D9E008CDE20603D5FA
:109D20000093DB170193D5E7620601D51BB2F7E775
:109D3000A205F5D55BB2F3E7A30606D52B68089A12
:109D40001A60D2175A60043598E5E30603D52B68EC
:109D5000089A1A60F7E7630603D52B68089A1A80F9
:109D6000F1E7A405F3D52B68089A1A70EBE71023E6
:109D70001C432023200018401C420BD0193B073500
:109D80009D430CCD00920193414B1C4000230021C8
:109D900012AAACE71022210008CD1140144202D0D3
:109DA00000930190F0E7402220001040144203D0BD
:109DB0009BB200930191E7E78022210092001140BD
:109DC0001442F6D0DBB2EBE708CD32490093002312
:109DD00013AA1180304A019302331C430C92D6E738
:109DE000002708CD1E0012ABDF70059BBB420CDBC9
:109DF0001A0039003000FEF773FD0B90B84200D115
:109E000084E6831B05930B9780E63000D6F786F92E
:109E10000590F8E710231C432023200018401C4223
:109E200007D0193B07359D430CCD009201930123C8
:109E3000ADE71023210004CD19401C4203D000924D
:109E400001900F3BA3E74023200018401C4203D0A1
:109E500093B200930191EAE7802321009B0019400F
:109E60001C4203D0D3B200930190E0E70092F1E7E7
:109E70000A4A9FE51021270004CD0F400C420FD065
:109E800000920190A3E5C04620E1020810E102081B
:109E9000FFFBFFFF30780000D8DD0208E9DD020893
:109EA0004021200008400C4203D092B2009201975A
:109EB0008DE58021270089000F400C42F6D0D2B2F8
:109EC000DEE7019B002B0BD1009B092B08D8009BE0
:109ED0003033DBB2B72212A952181600137041E1D9
:109EE00040AB1E0080230024DB003B400A930A2283
:109EF000009801990023D6F71BFB33003032013B59
:109F00001E001A700A9B0B9010910134002B20D078
:109F10000D9B1B78A3421CD1FF2C1AD0019B002B58
:109F200003D1009B092B00D81CE10E9A0F99B31A9C
:109F300018001E00FBF72AFF0D9B00245B785A1EB9
:109F400093410D9AD3180D930B9B0093109B019393
:109F5000CDE7019B002BF7D1009B092BF4D801E141
:109F600040AB1E000F203300013B1E00009B0C9AEB
:109F70000340D35C3370019B1907009B1A09019BB6
:109F800011431B0901930B00019A00911343EAD17D
:109F9000E8E040AA1600002B00D0E3E0E40700D47C
:109FA000E0E0303396E7002B00D19FE027AA137042
:109FB000002312A9CB700121160005910B93A5E592
:109FC000102050606246121816921593072B07DD79
:109FD0000499069814AA00F013F9002861D117A972
:109FE000103F0391B4E50499069814AA00F008F90B
:109FF000002856D117ABDCE50499069814AA00F0A6
:10A00000FFF800284DD117ABE7E5102050606246FD
:10A01000121816921593072B07DD0499069814AAB7
:10A0200000F0EEF800283CD117A9103F0391DDE5C0
:10A03000102050606246121816921593072B07DD08
:10A040000499069814AA00F0DBF8002829D117A972
:10A05000103F0391ECE50499069814AA00F0D0F89B
:10A0600000281ED117AE10E6099B0A9A10279C1AE9
:10A07000002C00DC0CE615993E4A169B013132603B
:10A08000102C22DC7460E41816941591072900DC6A
:10A09000FEE50499069814AA00F0B2F8002800D151
:10A0A000F6E5049B5B6EDB0707D4049B9B899B054D
:10A0B00003D4049B986DFBF740FF049B9B895B06D0
:10A0C00001D4FFF794FBFFF78FFB103377601693F3
:10A0D00015910836072907DD0499069814AA00F09F
:10A0E0008FF80028DDD117AE103CC4E7169B002B7B
:10A0F00002D100231593D4E70499069814AA00F01E
:10A100007FF80028F5D0CCE72700002A00D100E630
:10A11000012B00D1D5E6022B00D121E740AB1E0078
:10A1200007239C463300013B32001E006346009922
:10A130000B40019930334C0700993370C8080199DE
:10A140000443C90801912100019800940143E9D119
:10A15000F90707D5302B05D033003021013B1970AA
:10A16000931E1E00059B3C000B9340AB9B1B05936D
:10A17000CCE4C04620E10208F0B5150002221E4CD6
:10A180001F008B89A54493436A4693814B6E06005A
:10A190001993CB8916A8D381CB690C0007934B6A1E
:10A1A00009931AAB009304938023DB000293059379
:10A1B00000230693FBF7BEFE2A003B0069463000F1
:10A1C000FFF7E2FA051E07DB69463000FEF74AFB9F
:10A1D000002801D001256D426B469A8940231A421E
:10A1E00002D0A2891343A3811698FBF7A4FE28008E
:10A1F000024B9D44F0BDC04694FBFFFF6C04000081
:10A20000002310B5140092689A4205D0220000F095
:10A2100067F800220300A26000221800626010BDEF
:10A22000F0B58E6885B01F000C000B680290039299
:10A23000BE4230D80C21625E9021C9000A4228D06B
:10A24000032021695B1A0193636943430198DD0F81
:10A25000ED187B1C1B186D10AB4200D91D00520578
:10A2600028D529000298FAF771F9061E2CD0019A18
:10A270002169FBF776FEA289184B1A40802313430D
:10A28000A381019B2661F61826603E006561ED1AE8
:10A29000A560BE4200D93E00320003992068FBF75A
:10A2A0002FFD0020A3689B1BA36023689B192360DC
:10A2B00005B0F0BD2A000298FAF78CFB061EE0D12B
:10A2C00021690298FBF7C6FE0C230120029A404246
:10A2D0001360A28934331343A381E9E77FFBFFFFB7
:10A2E000F0B5936887B00C0002900492002B02D165
:10A2F000002007B0F0BD8B891B0756D50B69002BDA
:10A3000053D0049B1B6801930C22A35E02221E0003
:10A31000164013426FD1012201211A400B4200D195
:10A32000A2E0300037000396002F00D10AE1002898
:10A330000AD13A000A210398FEF7D2FA7E1C0028BF
:10A3400002D0039B0130C61A0596BE4200D905977C
:10A3500020682269A5686369904200D8FBE0059AED
:10A36000ED18AA4200DCF6E003992A00FBF7C8FCCE
:10A37000236821005B1902982360FEF773FA002816
:10A380006DD10120761B05D121000298FEF76AFAF3
:10A39000002864D1039B049A5B190393049B7F1BE1
:10A3A0009B685B1B9360BFD1A2E72100029800F07D
:10A3B000F1F80028A5D0012040429AE7019B1E68D1
:10A3C0005D6808330193676AE169002DF6D06E4A33
:10A3D0002B00954200D9130032000298B84700289C
:10A3E0003DDD049B049A9B6836181B1A2D1A936056
:10A3F000002BE8D17CE700263500E4E7019B1B68D1
:10A400000393019B5D68083301930C22A35E2068CF
:10A41000A668002DF2D080229200134262D0AE4294
:10A4200037D89022D200134233D02169421A032038
:10A43000059262694243D70FBF18059A7F10013217
:10A440005219BA4200D917005B053CD53900029871
:10A45000FAF77CF8061E0AD10C23029A13604023F7
:10A46000A2891343A381A6E715000392CDE7059ABD
:10A470002169FBF776FDA289444B1A4080231343E0
:10A48000A381059B2661F61826602E006761FF1ADE
:10A49000A7602F00AE4200D92E0032000399206839
:10A4A000FBF72EFCA3689B1BA36023689B1923600A
:10A4B000039B049ADB190393049BED1B9B68DB1B36
:10A4C0009360A2D114E73A000298FAF783FA061EC5
:10A4D000D7D121690298FBF7BDFD8022A389934360
:10A4E000A381B9E72369834202D36769AF4216D9D2
:10A4F000AE4200D92E0032000399FBF701FCA3689D
:10A5000022689B1B92193700A3602260002BCFD1D9
:10A5100021000298FEF7A6F90028C9D09FE7802302
:10A5200028001B069D4200D319483900D5F79CFE30
:10A530003B00666A4343039AE1690298B047071EED
:10A54000B6DC8CE7019B00201B680393019B5F68CE
:10A5500008330193E8E6059A934208DC656A039A9A
:10A56000E1690298A847051E00DD0AE777E7059A2A
:10A570000399FBF7C5FB059AA36815009B1AA36016
:10A5800023689B182360FCE600FCFF7F7FFBFFFF36
:10A59000FFFFFF7F2D4B70B5050018680C000028E9
:10A5A00004D0436B002B01D1FBF708FB0C22A35E08
:10A5B0001A0723D4DA0607D409222A604022012090
:10A5C0001343A38140423AE05B0713D5216B002976
:10A5D00008D023004033994202D02800FBF73AFD0F
:10A5E000002323632422A3899343A3810023636070
:10A5F000236923600823A2891343A3812369002BC5
:10A600000BD1A0218022A389890092000B409342A4
:10A6100003D02100280000F051F80C22A35E012194
:10A620001A000A400B420BD00022A260626952421B
:10A63000A26100202269824201D11A06BED470BDF7
:10A64000990700D46269A260F3E7C046A40700201E
:10A65000062010B500F09EF8012000F0EFF8000091
:10A6600070B50E001D000E23C95E140096B00029BF
:10A6700009DAB2898023110019401A4218D18023C7
:10A68000DB00080010E06A4600F08EF80028F0DBDE
:10A69000F02301991B021940074B8020C9184B4237
:10A6A000594180230001DB002960236016B070BD92
:10A6B00000214023E5E7C04600E0FFFFF0B5022699
:10A6C0008B8905000C0085B0334207D0230043334B
:10A6D000236023610123636105B0F0BD03AB02AACF
:10A6E000FFF7BEFF029F019039002800F9F72EFF07
:10A6F000002808D10C22A35E9A05EDD403229343CF
:10A700001E43A681E2E78023A28920601343A38130
:10A71000039B20616761002B0CD028000E23E15EB3
:10A7200000F054F8002805D00323A2899A43023B85
:10A730001343A381A389019A1343A381CCE770B586
:10A7400004000D001F2904D9162303600120404294
:10A7500070BD0300FC33DB6B002B04D08A009B1818
:10A760001A68002A08D1200000F054F82A000100DD
:10A77000200000F03DF8EBE7012A09D0511C03D17D
:10A78000162303600120E3E70021280019609047A9
:10A790000020DDE710B5034B01001868FFF7CFFF7D
:10A7A00010BDC046A4070020002370B5064D04006C
:10A7B000080011002B60F9F78BFE431C03D12B68B6
:10A7C000002B00D0236070BDF8960120002370B5E7
:10A7D000064D040008002B60F9F76BFE431C03D103
:10A7E0002B68002B00D0236070BDC046F896012076
:10A7F000002370B5064D0400080011002B60F9F726
:10A800004DFE431C03D12B68002B00D0236070BD8C
:10A81000F896012010B5F9F755FE10BD054A030062
:10A820001168002901D1044911601068C318136030
:10A830007047C0469498012098980120FEE70000D8
:10A84000F8B5C046F8BC08BC9E467047F8B5C0468F
:10A85000F8BC08BC9E46704701B40248844601BC5F
:08A86000604700BFED08002075
:10A86800081C3044586C800000000000000048308C
:10A8780031523000503031523000483233523000BB
:10A88800483233523100483233523300483037525D
:10A89800330048303852360050303852360048308D
:10A8A8003952300048303952390048314252360066
:10A8B800483132523000483133523700483046521E
:10A8C8003100483046523600483046523700483149
:10A8D8004152320048304152390048314452310027
:10A8E80048314452350048304252340048313852D9
:10A8F8003000483236523000483135523000483145
:10A908003052340048324152330048343152360014
:10A9180048334252360048313852310048314652A5
:10A928003500483342523200483231523200483101
:10A9380037523100483135523800483242523000DF
:10A94800483035523000483342523700483242527C
:10A9580031004830375238004830385237004831D3
:10A9680036523600503038523700483139523000AC
:10A9780052504900000048313452410000000000A4
:10A9880000000000000000006D650000616C6C00B4
:10A9980069660000666F72004D6F6E646179000031
:10A9A80054756573646179005765646E6573646195
:10A9B80079000000546875727364617900000000C2
:10A9C80046726964617900005361747572646179D3
:10A9D8000000000053756E64617900004A616E00E2
:10A9E800466562004D617200417072004D617900E8
:10A9F8004A756E004A756C004175670053657000B2
:10AA08004F6374004E6F7600446563000D0A424F31
:10AA1800532E726573706F6E73653A20616C6C2C7F
:10AA2800206D6573736167652C20636C692C206EDB
:10AA38006F6E650D0A0000000D0A424F532E7472A6
:10AA48006163653A20616C6C2C206D657373616776
:10AA5800652C20726573706F6E73652C206E6F6E37
:10AA6800650D0A00424F532E636C6962617564720A
:10AA78006174653A20434C4920626175647261745F
:10AA8800652E2044656661756C74206973203932BF
:10AA9800313630302E2054686973206166666563EC
:10AAA800747320616C6C20706F7274732E20496609
:10AAB80020796F75206368616E67652074686973B3
:10AAC8002076616C75652C202020202020202020F5
:10AAD800202020796F75206D75737420636F6E6EFA
:10AAE80065637420746F206120434C4920706F7235
:10AAF80074206F6E20656163682073746172747569
:10AB08007020746F20726573746F7265206F74683B
:10AB1800657220417272617920706F727473206956
:10AB28006E746F2064656661756C7420626175640B
:10AB3800726174650D0A0000424F532E6465626F9E
:10AB4800756E63653A2031202E2E2E2E2E2E2E2E37
:10AB58002E2E2E2E203635353336206D7365630D37
:10AB68000A000000424F532E73696E676C65636C70
:10AB780069636B74696D653A2031202E2E2E2E2E56
:10AB8800203635353336206D7365630D0A000000B5
:10AB9800424F532E6D696E696E746572636C69639A
:10ABA8006B74696D653A2031202E2E2E2032353592
:10ABB800206D7365630D0A00424F532E6D617869ED
:10ABC8006E746572636C69636B74696D653A203184
:10ABD800202E2E2E20323535206D7365630D0A0028
:10ABE8000A0D54686973206D6F64756C6520776908
:10ABF8006C6C20626520666F7263656420696E7490
:10AC08006F20626F6F746C6F61646572206D6F6422
:10AC1800652E0A0D506C6561736520757365207427
:10AC28006865202253544D20466C617368204C6F30
:10AC3800616465722044656D6F6E73747261746FC0
:10AC48007222200909097574696C69747920746F16
:10AC58002075706461746520746865206669726D1A
:10AC6800776172652E0A0D0A092A2A2A20496D7011
:10AC78006F7274616E74202A2A2A0A0D496620743C
:10AC8800686973206D6F64756C6520697320636FE4
:10AC98006E6E6563746564206469726563746C794B
:10ACA80020746F20504320706C6561736520636C5D
:10ACB8006F7365207468697320706F727420666999
:10ACC8007273742E0A0D00000A0D4D6F64756C6561
:10ACD8002025642077696C6C20626520666F72633A
:10ACE800656420696E746F20626F6F746C6F616445
:10ACF8006572206D6F64652E000000000A0D506CAF
:10AD080065617365207573652074686520225354E6
:10AD18004D20466C617368204C6F616465722044F5
:10AD2800656D6F6E73747261746F722220757469C9
:10AD38006C69747920746F2075706461746520740F
:10AD48006865206669726D776172652E0909090A5E
:10AD58000D0A092A2A2A20496D706F7274616E746F
:10AD6800202A2A2A0A0D2D20496620746869732032
:10AD78006D6F64756C6520697320636F6E6E6563B3
:10AD8800746564206469726563746C7920746F20DB
:10AD9800504320706C6561736520636C6F73652028
:10ADA8007468697320706F72742066697273742E88
:10ADB8000A0D0909092D20596F75206D75737420C6
:10ADC800706F776572206379636C6520746865209D
:10ADD800656E74697265204172726179206166746A
:10ADE8006572207468652075706461746520697384
:10ADF8002066696E69736865642E0A0D000000009C
:10AE08000A0D52656D6F74652075706461746520F4
:10AE1800766961206D6F64756C652025642C2070DF
:10AE28006F7274205025642077696C6C20626520ED
:10AE38007472696767657265642E00003D000000E2
:10AE48003E0000003C0000003E3D00003C3D00008C
:10AE5800213D00000A0D284D6F64756C653A506FEE
:10AE680072742909090000005025640900000000D7
:10AE78000A0A0D004D6F64756C652025643A090057
:10AE8800090000002564090025643A2564090000CA
:10AE98000A0D00000A0000000A0D54686573652059
:10AEA800706F727473206172652072657665727353
:10AEB80065643A000A0D4D6F64756C652025642041
:10AEC8003A205025640000000A0A0D416C6C206F7E
:10AED8007468657220706F72747320617265206E79
:10AEE8006F726D616C0A0D000A0D2A2A2A204D6FB7
:10AEF80064756C6520256420537461747573202A09
:10AF08002A2A0A000A0D436F6E6E65637465642011
:10AF180076696120706F72743A205025640A0D00BA
:10AF28000A0D4669726D776172652076657273697C
:10AF38006F6E3A2025642E25642E256400000000DB
:10AF48004A756E2032322032303235000A0D466999
:10AF5800726D7761726520646174653A20202020E3
:10AF68002573000031313A30333A323400000000A2
:10AF78000A0D4669726D776172652074696D653A6C
:10AF88002020202025730A0D000000000A0D506FB4
:10AF9800727473205374617475733A0A0A0D000051
:10AFA8005025643A20000000467265650A0D0000CD
:10AFB800526563656976696E67206D65737361674D
:10AFC80065730A0D0000000053747265616D696E47
:10AFD800670A0D00526563656976696E6720757347
:10AFE800657220636F6D6D616E64730A0D000000F9
:10AFF800436F6E6E656374656420746F20612062B0
:10B008007574746F6E2F7377697463680A0D000026
:10B018000A0D444D412053747265616D7320537459
:10B02800617475733A0A0D000A0D53747265616D87
:10B03800696E6720444D412025642069732066723B
:10B04800656500000A0D53747265616D696E67204D
:10B05800444D412025642069732073747265616DC5
:10B06800696E672066726F6D2050256420746F20AA
:10B07800502564000A0D546865736520706F7274FA
:10B0880073206172652072657665727365643A2013
:10B098000000000050256420000000004E6F6E651F
:10B0A80000000000065F0008145F0008225F000827
:10B0B800305F00083E5F00086D650000616C6C0041
:10B0C800DE6900086C66000888660008A666000845
:10B0D800D466000802670008426700088267000813
:10B0E8006C660008F06900083C6800085C680008A5
:10B0F8007E680008B0680008E26800082669000851
:10B108006A6900083C680008C26B0008D06B000838
:10B11800DE6B0008EC6B0008FA6B0008257320252D
:10B128003032642F253032642F253034640000001B
:10B13800253032643A253032643A253032640000D2
:10B14800081C3044586C80000A0D0A0D3D3D3D3DF9
:10B158003D3D3D3D3D3D3D3D3D3D3D3D3D3D3D3D17
:10B168003D3D3D3D3D3D3D3D3D3D3D3D3D3D3D3D07
:10B178003D3D3D3D3D3D3D3D3D3D3D3D3D3D3D3DF7
:10B188000920202020200A0D3D3D3D3D3D3D3D3D0F
:10B198003D3D3D3D3D3D3D3D3D3D3D3D3D3D3D3DD7
:10B1A8003D3D3D3D3D3D3D3D3D3D3D3D3D3D3D3DC7
:10B1B8003D3D3D3D3D3D3D3D3D3D3D3D0920202042
:10B1C80020200A0D7C7C20202020202020202020E8
:10B1D800202057656C636F6D6520746F2042697419
:10B1E8007A4F5320434C4921202020202020202022
:10B1F8002020202020207C7C0909200A0D7C7C202E
:10B2080020202020202028432920434F50595249EC
:10B2180047485420484558414249545A2032303111
:10B22800372D323032352E20202020202020207C3F
:10B238007C0920202020200A0D7C7C202020202032
:10B2480020202020202020202020202020202020F6
:10B2580020202020202020202020202020202020E6
:10B2680020202020202020202020207C7C0909204C
:10B278000A0D7C7C202020202020506C656173659D
:10B2880020636865636B207468652070726F6A65F7
:10B298006374207765627369746520617420202067
:10B2A800202020207C7C0909200A0D7C7C2020207D
:10B2B80020202020202020202020687474703A2F1D
:10B2C8002F686578616269747A2E636F6D2F20200C
:10B2D800202020202020202020202020207C7C09C5
:10B2E80020202020200A0D7C7C20202020202020C7
:10B2F8002020202020202020202020202020202046
:10B308002020202020202020202020202020202035
:10B318002020202020202020207C7C092020202084
:10B32800200A0D7C7C202020547970652068656C8B
:10B338007020666F722061206C697374206F6620BC
:10B34800617661696C61626C6520636F6D6D616EB9
:10B3580064732E20207C7C0920202020200A0D3DAB
:10B368003D3D3D3D3D3D3D3D3D3D3D3D3D3D3D3D05
:10B378003D3D3D3D3D3D3D3D3D3D3D3D3D3D3D3DF5
:10B388003D3D3D3D3D3D3D3D3D3D3D3D3D3D3D3DE5
:10B398003D3D3D0920202020200A0D3D3D3D3D3DFD
:10B3A8003D3D3D3D3D3D3D3D3D3D3D3D3D3D3D3DC5
:10B3B8003D3D3D3D3D3D3D3D3D3D3D3D3D3D3D3DB5
:10B3C8003D3D3D3D3D3D3D3D3D3D3D3D3D3D3D09D9
:10B3D80020202020200A0A0D000000000D0A00008D
:10B3E8000D0A5B507265737320454E5445522074A4
:10B3F8006F20657865637574652074686520707260
:10B408006576696F757320636F6D6D616E64206119
:10B418006761696E5D0D0A3E00000000436F6E6E45
:10B42800656374656420746F206D6F64756C652046
:10B43800256420282573292C20706F7274205025CC
:10B44800642E0A0A0D3E0000696620000A43616EF8
:10B458006E6F742073746F7265206D6F7265204310
:10B468006F6D6D616E6420536E6970706574732EB4
:10B4780020506C656173652064656C657465206532
:10B4880078697374696E67206F6E657320616E6486
:10B498002074727920616761696E2E0A0D000000C0
:10B4A800656E642069660000000000000A436F6E44
:10B4B800646974696F6E616C2073746174656D651D
:10B4C8006E7420616363657074656420616E6420C6
:10B4D800616464656420746F20436F6D6D616E6490
:10B4E80020536E6970706574732E0A0D0000000099
:10B4F800626F730057726F6E67206D6F64756C654D
:10B50800206E616D652120506C65617365207472D1
:10B518007920616761696E2E0A0D000057726F6E9F
:10B5280067206D6F64756C652049442120506C65F7
:10B538006173652074727920616761696E2E0A0DE6
:10B5480000000000436F6D6D616E642062726F6170
:10B558006463617374656420746F20616C6C0A0D98
:10B568000000000025734D756C7469636173742065
:10B57800436F6D6D616E6420666F7277617264658A
:10B588006420746F2067726F75702025730A0D0030
:10B598007570646174650000436F6D6D616E642041
:10B5A800666F7277617264656420746F204D6F6492
:10B5B800756C652025640A0D0000000025734D6F29
:10B5C80064756C65202564206973206E6F74207221
:10B5D8006561636861626C652E0A0D00636C69635E
:10B5E8006B656400646F75626C6520636C69636B7E
:10B5F8006564000020000000207A00086C790008CB
:10B608008279000898790008BE790008D479000882
:10B61800FA790008081C3044586C80003D3D003E13
:10B6280000003C00003E3D003C3D00213D00000084
:10B6380072756E2D74696D652D7374617473000075
:10B6480072756E2D74696D652D73746174733A0D1E
:10B658000A20446973706C61792061207461626C9E
:10B66800652073686F77696E6720686F77206D75DE
:10B6780063682070726F63657373696E672074699D
:10B688006D652065616368204672656552544F5345
:10B69800207461736B2068617320757365640D0A8B
:10B6A8000D0A000038B6020848B60208157E0008E0
:10B6B800000000007461736B2D7374617473000073
:10B6C8007461736B2D73746174733A0D0A20446945
:10B6D80073706C61792061207461626C6520736895
:10B6E8006F77696E6720746865207374617465206C
:10B6F8006F662065616368204672656552544F53D2
:10B70800207461736B0D0A0D0A000000BCB60208B4
:10B71800C8B60208D57D00080000000070696E6791
:10B728000000000070696E673A0D0A2050696E6764
:10B738002061206D6F64756C650D0A0D0A000000AC
:10B7480024B702082CB70208557E00080000000044
:10B7580075706461746500007570646174653A0D94
:10B768000A2050757420746865206D6F64756C6567
:10B7780020696E20666163746F727920626F6F74DE
:10B788006C6F61646572206D6F646520746F2075DD
:10B79800706461746520697473206669726D77617D
:10B7A80072652E0D0A0A09090909090920202D20A8
:10B7B8005573652027236E2E757064617465272084
:10B7C800746F207570646174652072656D6F74653F
:10B7D800206D6F64756C65206E2E204D616B652041
:10B7E80073757265207468652070726F6772616D19
:10B7F8006D696E6720706F72742069732074686554
:10B8080020696E636F6D696E6720706F7274206F48
:10B81800662074686973206D6F64756C652E0D0AF7
:10B8280009090909090920202D2055736520277564
:10B8380070646174652076696120236E20707827B2
:10B8480020746F20757365207468652053542046F2
:10B858006C617368204C6F6164657220746F6F6CE3
:10B868002077697468206D6F64756C65206E2C2074
:10B87800706F7274207820746F20757064617465BD
:10B888002061206E65696768626F72206D6F6475EC
:10B898006C652E205468697320697320757365661A
:10B8A800756C20696620090909090909097461721A
:10B8B800676574206D6F64756C65206973206E6FA1
:10B8C800742070617274206F662074686520746FCC
:10B8D800706F6C6F6779206F722069662070726F65
:10B8E8006772616D6D696E6720706F72742069731D
:10B8F800206E6F7420696E207468652073686F729B
:10B9080074657374207061746820746F2074617238
:10B91800676574206D6F64756C652E0D0A0D0A00DD
:10B9280058B7020860B70208F17E0008FF0000005F
:10B938006578706C6F7265006578706C6F72653AC7
:10B948000D0A204578706C6F7265207468652061F7
:10B958007272617920616E64206275696C64206915
:10B96800747320746F706F6C6F67790D0A0D0A001D
:10B9780038B9020840B90208F18000080000000048
:10B98800726573657400000072657365743A0D0A18
:10B9980020526573657420746865206D6F64756CDA
:10B9A800650D0A0D0A00000088B9020890B902085E
:10B9B800E9810008000000006E616D65000000006C
:10B9C8006E616D653A0D0A204E616D65207468657B
:10B9D800206D6F64756C65207769746820616E20CE
:10B9E800616C6961732028317374207061722E292B
:10B9F8000D0A0D0A00000000C0B90208C8B9020803
:10BA0800F98100080100000067726F75700000007E
:10BA180067726F75703A0D0A2047726F7570206DE6
:10BA2800756C7469706C65206D6F64756C657320D6
:10BA380028326E642B207061722E2920696E746F13
:10BA48002061206E6577206F72206578697374694C
:10BA58006E672067726F757020283173742070616B
:10BA6800722E290D0A0D0A0010BA020818BA020827
:10BA7800E1820008FF0000007374617475730000B0
:10BA88007374617475733A0D0A20446973706C613C
:10BA980079206D6F64756C65207374617475730DAE
:10BAA8000A0D0A0080BA020888BA0208D58500087B
:10BAB80000000000696E666F00000000696E666F26
:10BAC8003A0D0A20446973706C6179206172726161
:10BAD8007920696E666F726D6174696F6E0D0A0DFB
:10BAE8000A000000BCBA0208C4BA0208F1850008BE
:10BAF800000000006164642D627574746F6E00004C
:10BB08006164642D627574746F6E3A0D0A20446521
:10BB180066696E65206120627574746F6E20617449
:10BB2800206F6E65206F662074686520617272618F
:10BB38007920706F7274732E20427574746F6E2042
:10BB4800747970652028276D6F6D656E74617279E0
:10BB58002D6E6F272C20276D6F6D656E746172795D
:10BB68002D6E63272C20276F6E6F66662D6E6F27EC
:10BB78002C20276F6E6F66662D6E63272928317318
:10BB880074207061722E292C20427574746F6E2097
:10BB9800706F72742028326E64207061722E290DC5
:10BBA8000A0D0A00FCBA020808BB0208ED86000864
:10BBB8000200000072656D6F76652D627574746F92
:10BBC8006E00000072656D6F76652D627574746F16
:10BBD8006E3A0D0A2052656D6F7665206120627598
:10BBE80074746F6E2074686174207761732070724A
:10BBF8006576696F75736C7920646566696E6564CE
:10BC0800206174207468697320706F727420283101
:10BC18007374207061722E290D0A0D0A000000004D
:10BC2800BCBB0208CCBB02083D880008010000002C
:10BC3800736574007365743A0D0A20536574206146
:10BC480020706172616D657465722028317374208B
:10BC58007061722E2920776974682061206769767F
:10BC6800656E2076616C75652028326E642070617F
:10BC7800722E290D0A0D0A0038BC02083CBC0208C5
:10BC8800D1880008FF000000676574006765743A92
:10BC98000D0A2047657420746865206375727265A3
:10BCA8006E742076616C7565206F66206120706106
:10BCB80072616D65746572202831737420706172C9
:10BCC8002E290D0A0D0A000090BC020894BC020837
:10BCD80085940008FF00000064656661756C740057
:10BCE80064656661756C743A0D0A20547970652034
:10BCF8002764656661756C7420706172616D732765
:10BD080020746F2073657420616C6C20706172619F
:10BD18006D657465727320746F2064656661756CF7
:10BD2800742076616C7565730D0A205479706520EE
:10BD38002764656661756C74206172726179272069
:10BD4800746F2072656D6F76652063757272656EAB
:10BD58007420746F706F6C6F67790D0A0D0A00009C
:10BD6800E0BC0208E8BC02082198000801000000B5
:10BD780074696D650000000074696D653A0D0A20EC
:10BD8800446973706C61792063757272656E742092
:10BD980074696D6520696E2048483A4D4D3A535391
:10BDA8002D6D73656320666F726D61740D0A0D0ADF
:10BDB8000000000078BD020880BD0208199900083B
:10BDC800000000006461746500000000646174652F
:10BDD8003A0D0A20446973706C6179206375727238
:10BDE800656E74206461746520696E205765656BA3
:10BDF800646179204D4D2F44442F59595959206673
:10BE08006F726D61740D0A0D0A000000CCBD020846
:10BE1800D4BD0208F1990008000000007365742D74
:10BE28006261756472617465000000007365742D49
:10BE380062617564726174653A0D0A2053657420F5
:10BE4800554152542062617564726174650D0A0926
:10BE58002831737420706172616D65746572293A56
:10BE680020503120746F2050360D0A0928326E6434
:10BE780020706172616D65746572293A206261751E
:10BE880064726174650D0A0D0A00000024BE020880
:10BE980034BE0208259A000802000000757569641E
:10BEA80000000000757569643A0D0A2044697370D2
:10BEB8006C6179204D435520756E69717565205503
:10BEC80049440D0A0D0A0000A4BE0208ACBE0208CF
:10BED800E59A0008000000006964636F646500006B
:10BEE8006964636F64653A0D0A20446973706C6114
:10BEF80079204D4355204944434F44452028444523
:10BF0800565F494420616E64205245565F49442972
:10BF18000D0A0D0A00000000E0BE0208E8BE020893
:10BF2800759B000800000000666C6173682D7369DA
:10BF38007A650000666C6173682D73697A653A0DDD
:10BF48000A20446973706C6179204D435520466C12
:10BF58006173682073697A6520696E204B62797411
:10BF680065730D0A0D0A000030BF02083CBF0208C5
:10BF7800F19B000800000000736E6970000000006B
:10BF8800736E69703A0D0A20446973706C61792088
:10BF980061206C697374206F662073746F726564B6
:10BFA80020436F6D6D616E6420536E6970706574A7
:10BFB8007320746F2065646974206F722064656CE7
:10BFC8006574650D0A0D0A0080BF020888BF020863
:10BFD800259C0008000000006163742D736E697071
:10BFE800000000006163742D736E69703A0D0A20B9
:10BFF8004163746976617465206120436F6D6D617A
:10C008006E6420536E69707065740D0A0D0A000025
:10C01800E0BF0208ECBF0208019F00080100000011
:10C0280070617573652D736E69700000706175734A
:10C03800652D736E69703A0D0A205061757365201D
:10C048006120436F6D6D616E6420536E6970706519
:10C05800740D0A0D0A00000028C0020834C0020846
:10C06800B99F00080100000064656C2D736E69704B
:10C078000000000064656C2D736E69703A0D0A202B
:10C0880044656C657465206120436F6D6D616E64F5
:10C0980020536E69707065740D0A0D0A0000000067
:10C0A80070C002087CC0020871A0000801000000EE
:10C0B80062726964676500006272696467653A0D57
:10C0C8000A204272696467652074776F2061727212
:10C0D800617920706F7274730D0A0D0A00000000F8
:10C0E800B8C00208C0C0020845A20008020000004B
:10C0F800756E62726964676500000000756E627231
:10C10800696467653A0D0A20556E2D627269646725
:10C11800652074776F20617272617920706F727414
:10C12800730D0A0D0A000000F8C0020804C10208D5
:10C1380061A3000802000000746573742D706F72AB
:10C1480074000000746573742D706F72743A0D0A70
:10C15800207465737420706F72742066756E6374D2
:10C16800696F6E616C6974792E20796F75206361CF
:10C178006E2063686F6F73652065697468657220E7
:10C18800746F2074657374206F6E652073706563B7
:10C198006966696320706F7274206F7220746F20F3
:10C1A8007465737420616C6C20706F7274732E20C8
:10C1B800706C65617365207479706520507820779C
:10C1C800686572652078207374616E647320666F89
:10C1D8007220746865206E756D626572206F6620C6
:10C1E800706F7274206F722074797065203C616C76
:10C1F8006C3E20746F207465737420616C6C2070C1
:10C208006F72740D0A0D0A0040C102084CC1020881
:10C218007DA4000801000000726561642D616463FB
:10C2280000000000726561642D6164633A0D0A20A4
:10C2380052656164204144432056616C75652066EF
:10C24800726F6D20506F72742032206F7220506FA1
:10C258007274203320616E642063686F6F73652089
:10C2680074686520736964652077686572656173B1
:10C2780020746F70206F7220626F74746F6D0D0A76
:10C288000D0A000020C202082CC2020855A70008A7
:10C2980002000000726561642D74656D7000000015
:10C2A800726561642D74656D703A0D0A205265617E
:10C2B8006420696E7465726E616C2074656D70655A
:10C2C8007261747572650D0A0D0A00009CC202083D
:10C2D800A8C2020881A80008000000007265616415
:10C2E8002D76726566000000726561642D76726550
:10C2F800663A0D0A205265616420696E7465726E33
:10C30800616C207265666572656E636520566F6C38
:10C31800746167650D0A0D0A00000000E4C2020896
:10C32800F0C20208D5A80008000000007265616428
:10C338002D6164632D70657263656E746167650055
:10C34800726561642D6164632D70657263656E74D6
:10C358006167653A0D0A20476574207065726365E8
:10C368006E746167652076616C75652066726F6DA5
:10C3780020706F72742032206F7220706F72742078
:10C38800330D0A0D0A00000034C3020848C302082E
:10C3980029A90008020000005461736B20537461DE
:10C3A8007465205072696F7269747920537461637F
:10C3B8006B20230D0A2A2A2A2A2A2A2A2A2A2A2AE2
:10C3C8002A2A2A2A2A2A2A2A2A2A2A2A2A2A2A2AC5
:10C3D8002A2A2A2A2A2A2A2A2A2A2A2A2A2A2A2AB5
:10C3E8002A2A2A2A2A0D0A005461736B2041627393
:10C3F8002054696D6520252054696D650D0A2A2A27
:10C408002A2A2A2A2A2A2A2A2A2A2A2A2A2A2A2A84
:10C418002A2A2A2A2A2A2A2A2A2A2A2A2A2A2A2A74
:10C428002A2A2A2A2A2A0D0A0000000076696100B1
:10C43800200000004D6F64756C6573205B00000080
:10C448002C2000000A0D4E756D626572206F662003
:10C458006D6F64756C65733A2025640A00000000EE
:10C468000A0D417272617920746F706F6C6F677911
:10C478003A0A0000436F756C64206E6F7420726511
:10C48800616420706F727473206469726563746983
:10C498006F6E20666F7220736F6D65206D6F6475A7
:10C4A8006C65732120506C65617365207472792006
:10C4B800616761696E0A0D006D6F6D656E746172FA
:10C4C800792D6E6F000000006D6F6D656E7461727E
:10C4D800792D6E63000000006F6E6F66662D6E6FBB
:10C4E800000000006F6E6F66662D6E63000000002E
:10C4F800626F732E00000000726573706F6E736553
:10C5080000000000616C6C006D6573736167650005
:10C51800636C69006E6F6E65000000007472616381
:10C5280065000000636C696261756472617465001E
:10C538006465626F756E63650000000073696E67FD
:10C548006C65636C69636B74696D65006D696E69B0
:10C558006E746572636C69636B74696D6500000065
:10C568006D6178696E746572636C69636B74696D0B
:10C5780065000000616D0000706D00006D6F6E64F5
:10C588006179000074756573646179007765646E1C
:10C598006573646179000000746875727364617909
:10C5A8000000000066726964617900007361747547
:10C5B800726461790000000073756E64617900002F
:10C5C8006A616E7561727900312000006665627279
:10C5D8007561727900000000322000006D6172639D
:10C5E8006800000033200000617072696C00000070
:10C5F800342000006D617900352000006A756E6591
:10C6080000000000362000006A756C790000000008
:10C6180037200000617567757374000038200000CA
:10C6280073657074656D62657200000039200000E2
:10C638006F63746F62657200313000006E6F7665EB
:10C648006D62657200000000313100006465636549
:10C658006D62657200000000313200006D73670082
:10C6680025640A0D0000000025732325640A0D00C7
:10C67800706172616D73000061727261790000000F
:10C68800414D0000504D00002573000025732530F2
:10C69800385800000D0A000053544D3332473042D9
:10C6A80031000000554E4B4E4F574E005061757388
:10C6B8006564004163746976650000004800000005
:10C6C800746F7000626F74746F6D00004144432092
:10C6D80076616C7565203D2025302E3266200D0A66
:10C6E80000000000696E7465726E616C2074656D7F
:10C6F800706572617475726520697320252E3266C3
:10C7080043200D0A00000000696E7465726E616C4A
:10C71800207265666572656E636520766F6C7461FC
:10C728006765206973203D20252E326656200D0A44
:10C73800000000004144432076616C7565207065F7
:10C748007263656E74616765206973203D20252ECC
:10C758003266252520250D0A00000000486920665C
:10C76800726F6D206D6F64756C652025640D0A000D
:10C7780048692066726F6D206D6F64756C65202541
:10C788006420282573290D0A000000005570646193
:10C798007465206669726D7761726520666F7220B4
:10C7A8006D6F64756C652025640A0D0057726F6E95
:10C7B800672076616C7565210A0D00000A5468656A
:10C7C800206172726179206973206265696E6720E1
:10C7D8006578706C6F7265642E20506C6561736546
:10C7E80020776169742E2E2E0A0D00000A546865A0
:10C7F800206172726179206578706C6F72617469FA
:10C808006F6E207375636365656465642E204920C7
:10C81800666F756E64202564206D6F64756C657332
:10C8280020696E636C7564696E67206D7973656CD9
:10C83800662E2048657265206973207468652064D7
:10C848006973636F766572656420746F706F6C6F5F
:10C8580067793A0A0D0000000A546865206172720F
:10C868006179206578706C6F726174696F6E20668B
:10C8780061696C65642E20506C6561736520646F16
:10C8880075626C6520636865636B20636F6E6E65A7
:10C898006374696F6E732C20726573657420746895
:10C8A80065206D6F64756C657320616E64207472A9
:10C8B8007920616761696E2E0A0D00004D6F6475FD
:10C8C8006C65202564206973206E616D6564202580
:10C8D800730A0D00257320697320612072657365E2
:10C8E8007276656420424F53206B6579776F726466
:10C8F8002120506C65617365207573652061206423
:10C908006966666572656E7420616C6961730A0D8B
:10C9180000000000257320697320616C72656164F2
:10C928007920757365642120506C65617365207585
:10C938007365206120646966666572656E7420613E
:10C948006C6961730A0D0000257320697320616E9C
:10C95800206578697374696E6720434C4920636F5A
:10C968006D6D616E642120506C656173652075730F
:10C9780065206120646966666572656E7420616C05
:10C988006961730A0D000000257320697320612016
:10C9980077726F6E67206D6F64756C6520494420EF
:10C9A8006F7220616C6961730A0D0000506C6561DB
:10C9B800736520656E74657220736F6D65206D6F89
:10C9C80064756C652049447320746F206164642029
:10C9D800746F2025730A0D005D206164646564200E
:10C9E800746F206E65772067726F75702025730AE3
:10C9F8000D0000005D20616464656420746F20652B
:10CA080078697374696E672067726F757020257313
:10CA18000A0D000041206E65772025732062757429
:10CA2800746F6E206E616D656420422564207761A5
:10CA38007320646566696E656420617420706F7226
:10CA480074205025640A0D00427574746F6E20427C
:10CA58002564207761732072656D6F766564206642
:10CA6800726F6D20706F7274205025640A0D00007B
:10CA78002573207761732073657420746F20257384
:10CA88000A0D00000A596F75206D75737420726560
:10CA9800737461727420746F20656E61626C6520B6
:10CAA800746865206E65772062617564726174656B
:10CAB8002E0A0D0054686973206166666563747395
:10CAC80020616C6C20706F7274732E204966207917
:10CAD8006F75206368616E67652074686973207676
:10CAE800616C75652066726F6D2064656661756C32
:10CAF800742C2009090909090909090909090920E2
:10CB08002020796F75206D75737420636F6E6E6564
:10CB1800637420746F206120434C4920706F7274D5
:10CB2800206F6E206561636820737461727475701C
:10CB380020746F20726573746F7265206F746865F6
:10CB48007220617272617920706F72747320696EDD
:10CB5800746F2064656661756C74206261756472B7
:10CB68006174650A0D00000057726F6E672070616E
:10CB780072616D65746572210A0D000025730A0DD6
:10CB88000000000025732067726F757020646F6560
:10CB980073206E6F74206578697374210A0D000024
:10CBA80047726F7570202573206D656D62657273AD
:10CBB8003A0A0D0025732069732073657420746F19
:10CBC80020612077726F6E672076616C7565210A27
:10CBD8000D000000416C6C20706172616D657465B8
:10CBE80072732073657420746F2064656661756C58
:10CBF800742076616C7565730A0D00004375727256
:10CC0800656E7420617272617920746F706F6C6FD9
:10CC18006779207761732072656D6F7665642E2061
:10CC2800506C65617365207265626F6F7420616C0A
:10CC38006C206D6F64756C65730A0D0043757272B4
:10CC4800656E742074696D652069732025303264BF
:10CC58003A253032643A253032642D253033640A5F
:10CC68000D00000043757272656E742074696D65FD
:10CC780020697320253032643A253032643A2530F1
:10CC880032642D253033642025730A0D000000001E
:10CC980043757272656E74206461746520697320CF
:10CCA80025730A0D0000000057726F6E67207061CF
:10CCB80072616D65746572210D0A000042617564C8
:10CCC8007261746520666F7220706F7274205025CF
:10CCD80064207761732073657420746F2025640D58
:10CCE8000A0000004D435520555549442069730AF0
:10CCF8000D0000004D4355204445565F49442069C6
:10CD0800732025730A0D000025734D4355205245A5
:10CD1800565F49442069732025642E300A0D0000AF
:10CD28004D435520466C6173682073697A652069A4
:10CD380073202564204B62797465730A0D00000026
:10CD480054686520666F6C6C6F77696E6720436FF7
:10CD58006D6D616E6420536E6970706574732061C7
:10CD680072652073746F72656420696E206D656DDD
:10CD78006F72793A0A0A0D005B253032645D20250E
:10CD8800730A0D0025736966206225642E636C6939
:10CD9800636B656400000000257369662062256482
:10CDA8002E646F75626C6520636C69636B656400E3
:10CDB8002573696620257320257320252E3166008A
:10CDC80025730A0D092573000A0D656E64206966CE
:10CDD8000A0A0D00546F2064656C65746520612033
:10CDE800536E69707065742C20747970653A20648C
:10CDF800656C2D736E697020780A0D546F2061631D
:10CE0800746976617465206120536E697070657409
:10CE18002C20747970653A2009090909090909095A
:10CE28000909090909096163742D736E697020780D
:10CE38000A0D546F207061757365206120536E6907
:10CE4800707065742C20747970653A207061757300
:10CE5800652D736E697020780A0A0D7768657265AA
:10CE680020782069732074686520536E6970706536
:10CE780074206E756D6265722066726F6D207468BD
:10CE880065206C6973740A0D0000000025736966DB
:10CE9800206225642E72656C656173656420666F17
:10CEA80072202564000000002573696620622564ED
:10CEB8002E7072657373656420666F722025640036
:10CEC800536E69707065742077617320616374694B
:10CED80076617465642E205479706520736E69706C
:10CEE80020746F2076696577207570646174656455
:10CEF800206C6973740A0D0054686520536E69705C
:10CF0800706574206E756D62657220776173206E2E
:10CF18006F7420666F756E640A0D0000536E697039
:10CF280070657420776173207061757365642E2055
:10CF38005479706520736E697020746F2076696506
:10CF4800772075706461746564206C6973740A0D68
:10CF580000000000536E697070657420776173205B
:10CF680064656C657465642E205479706520736EF1
:10CF7800697020746F2076696577207570646174B4
:10CF88006564206C6973740A0D00000050256420E4
:10CF9800616E642050256420617265206272696444
:10CFA80067656420746F6765746865720A0D0000B0
:10CFB80057726F6E672073796E7461780A0D00007E
:10CFC800506F7274206272696467696E6720666167
:10CFD800696C65640A0D000050256420616E642048
:10CFE8005025642061726520756E2D6272696467D0
:10CFF80065640A0D00000000506F727420756E623F
:10D0080072696467696E67206661696C65640A0D98
:10D018000000000050256420697320776F726B69E7
:10D028006E6720636F72726563746C790A0D000015
:10D038005025642074657374206661696C65640AA0
:10D048000D000000506C656173652073686F727421
:10D05800656E20746865206E65787420706F7274D0
:10D0680020616E6420707265737320616E79206B25
:10D07800657920746F20636F6E74696E75652074AE
:10D08800657374696E6720746865206E65787420AE
:10D098006F6E650A0D0A0D0074686520706F7274F2
:10D0A800206E756D6265722069732077726F6E6786
:10D0B8000A0D000057726F6E6720506172616D65CE
:10D0C8007465720A0D00000057726F6E6720506F0A
:10D0D8007274206E756D626572200A0D0000000082
:10D0E800081C3044586C800044656661756C745443
:10D0F80061736B004261636B456E645461736B00CE
:10D10800557365725461736B00000000436C695479
:10D1180061736B0050314D73675461736B0000008D
:10D1280050324D73675461736B00000050334D7378
:10D13800675461736B00000050344D73675461731A
:10D148006B00000050354D73675461736B0000002D
:10D1580050364D73675461736B000000081C3044EF
:10D16800586C800053747265616D54696D65720006
:10D178005EB60008FEB500080EB600081EB6000828
:10D188002EB600083EB600084EB60008081C30440B
:10D19800586C800012D3000852CE000874CE0008E4
:10D1A80096CE0008A6CE0008B6CE0008F0D2000839
:10D1B800F0D20008F0D20008F0D20008C6CE00086D
:10D1C800E8CE00082CCF00084ECF000870CF00082A
:10D1D8000ED0000892CF0008B4CF0008F0D20008A3
:10D1E800D6CF0008ECCF000830D0000852D0000895
:10D1F8008CD00008AED00008D0D00008F2D00008CB
:10D2080014D1000836D10008F0D2000858D100081F
:10D218007AD100089CD10008BED10008F0D20008DD
:10D22800E0D10008F0D20008F0D20008F0D20008DF
:10D23800F0D2000802D2000824D2000824D2000844
:10D24800F0D2000846D2000868D200088AD2000846
:10D25800ACD20008CED2000848692066726F6D20F3
:10D268006D6F64756C652025640D0A004869206639
:10D27800726F6D206D6F64756C652025642028259C
:10D2880073290D0A0000000044F1000858ED000859
:10D2980070ED00088CED0008AAED0008C8ED000844
:10D2A800E6ED000804EE000858ED000848F1000813
:10D2B800E6EE0008FEEE00081AEF000838EF000856
:10D2C80056EF000874EF000892EF0008E6EE000839
:10D2D8004CF1000850F0000868F0000884F00008DD
:10D2E800CCF00008EAF0000808F1000826F1000870
:10D2F80050F00008F8F1000800F2000830F20008C9
:10D3080062F200088CF20008B6F20008E0F20008A9
:10D318000AF3000800F2000886F400085AF300082F
:10D3280088F30008B4F30008DEF3000808F40008E6
:10D3380032F400085CF400085AF3000878FB00088F
:10D3480090F5000850F6000810F70008DAF7000812
:10D35800B8F8000882F900084CFA000890F50008AF
:10D3680088FE0008DCFC000802FD000828FD000813
:10D3780058FD000888FD0008B8FD0008E8FD000811
:10D38800DCFC0008746F7000626F74746F6D0000CD
:10D3980022020108C802010872030108E00301081B
:10D3A8009E04010834050108A8050108680601085B
:10D3B8005A020108081C3044586C80006C2900206F
:10D3C8000C000000402C01409C2A002000000000B6
:10D3D80034400140042A00200C00000040040040B2
:10D3E800B82900200000000034000040042A002072
:10D3F8000400000038040040502A00200C000000FF
:10D40800400800406C2900200C000000402C01401E
:10D418009C2A00200000000034400140042A00201B
:10D428000C00000040040040B82900200000000063
:10D4380034000040042A00200400000038040040A2
:10D44800502A00200C000000400800406F6E0000C9
:10D458006F6E3A0D0A5475726E206F6E207468658F
:10D468002073656C6563746564206D6F746F7228D2
:10D478006D3120746F206D362928317374207061E6
:10D48800722E2920746F206D617820737065656431
:10D49800284D4158204553432076616C7565293ADB
:10D4A8000A0A0D0054D4020858D4020809190108C0
:10D4B800010000006F6666006F66663A0D0A5475D3
:10D4C800726E206F6666207468652073656C65638C
:10D4D800746564206D6F746F72286D3120746F20CD
:10D4E8006D362928317374207061722E290A0A0D4D
:10D4F80000000000BCD40208C0D40208451A010884
:10D508000100000073706565640000007370656554
:10D51800643A0D0A536574207370656564206F66FC
:10D52800207468652073656C6563746564206D6F2D
:10D53800746F72286D3120746F206D36292831730D
:10D5480074207061722E292C776974682072657155
:10D558007569726564207370656564283025207567
:10D568007020746F20313030252928327374207070
:10D5780061722E290A0A0D000CD5020814D502087A
:10D58800811B01080200000070776D0070776D3A0A
:10D598000D0A47656E657261746520612050574DAC
:10D5A800207369676E616C206F6E20612073656CF3
:10D5B8006563746564206F7574707574286F75740D
:10D5C8003120746F206F7574362928317374207078
:10D5D80061722E292C207769746820612073706528
:10D5E800636966696564206672657175656E6379DD
:10D5F8005B485A5D28327374207061722E292C2082
:10D60800616E642064757479206379636C65283071
:10D618002520757020746F20313030252928337308
:10D6280074207061722E290A0A0D000090D5020834
:10D6380094D50208151D010803000000F00A01082E
:10D64800F80A0108000B0108080B0108100B010873
:10D65800660B01086E0B0108760B01087E0B0108AA
:10D66800860B01086D3100006D3200006D3300003B
:10D678006D3400006D3500006D3600006F75743133
:10D68800000000006F757432000000006F7574337D
:10D69800000000006F757434000000006F75743569
:10D6A800000000006F7574360000000054686520A3
:10D6B8006D6F746F725F2564206973207475726E64
:10D6C8006564206F6E206174204D617820737065E9
:10D6D80065640D0A00000000496E76616C6964207B
:10D6E8004D6F746F72210A0D0000000054686520A8
:10D6F8006D6F746F725F2564206973207475726E24
:10D708006564206F66660D0A000000005468652095
:10D718006D6F746F725F25642073746172746564D1
:10D728002072756E6E696E6720617420737065650E
:10D73800643A256425250D0A00000000496E7661CB
:10D748006C696420647574794379636C65286F75B6
:10D7580074206F66207468652052616E6729210AFB
:10D768000D000000546865206F75745F25642063A0
:10D7780068616E6E656C2073746172746564207282
:10D78800756E6E696E672061742066726571756565
:10D798006E63793A2564485A2077697468206475FD
:10D7A8007479206379636C653A256425250D0A0030
:10D7B800496E76616C6964206368616E6E656C2180
:10D7C8000A0D0000496E76616C69642066726571A5
:10D7D80075656E6379286F7574206F662074686547
:10D7E8002052616E6729210A0D000000081C304490
:10D7F800586C8000746F7000626F74746F6D0000F5
:10D80800081C3044586C80005265737461727469E6
:10D818006E672E2E2E0D0A00486172644661756C83
:10D8280074204572726F720D0A00000053746163B0
:10D838006B204F766572666C6F770D0A00000000EA
:10D84800486561702073697A6520657863656564E9
:10D8580065640D0A00000000081C3044586C800004
:10D868004A756E20323220323032350031313A304A
:10D87800333A323500000000081C3044586C8000F0
:10D88800825C01086A5C01086E5C0108725C010830
:10D89800765C01087A5C01087E5C0108081C30444B
:10D8A800586C80000000000000000000000000002C
:10D8B8000000000000000000000000000000000060
:10D8C800000000000100000002000000030000004A
:10D8D8000400000006000000070000000800000027
:10D8E8000900000000000000000000000000000027
:10D8F800000000000100000002000000030000001A
:10D9080004000000081C3044586C800068656C7086
:10D91800000000000D0A68656C703A0D0A204C6919
:10D9280073747320616C6C20746865207265676914
:10D9380073746572656420636F6D6D616E64732EB8
:10D948002054797065202768656C70207061726159
:10D958006D732720746F206C697374206176616918
:10D968006C61626C6520706172616D65746572735B
:10D9780020616E6420746865697220706F737369C2
:10D98800626C652076616C7565730D0A0D0A00007E
:10D9980014D902081CD90208619C0108FF00000084
:10D9A800496E636F727265637420636F6D6D616E2B
:10D9B8006420706172616D657465722873292E2008
:10D9C80020456E746572202268656C702220746F21
:10D9D80020766965772061206C697374206F6620F2
:10D9E800617661696C61626C6520636F6D6D616EF3
:10D9F80064732E0D0A0D0A00436F6D6D616E64200D
:10DA08006E6F74207265636F676E697365642E202C
:10DA180020456E746572202268656C702220746FD0
:10DA280020766965772061206C697374206F6620A1
:10DA3800617661696C61626C6520636F6D6D616EA2
:10DA480064732E0D0A0D0A00706172616D73000017
:10DA580049444C450000000009256309257509253E
:10DA6800750925750D0A000068C1010872C1010811
:10DA78007CC1010886C1010890C101080925750902
:10DA880009257525250D0A0009257509093C312543
:10DA9800250D0A009AC401085CC401086AC401087B
:10DAA80076C401087EC40108A2C5010864C501083E
:10DAB80072C501087EC5010886C50108546D72202B
:10DAC80053766300F4CB0108F4CB0108F4CB0108CA
:10DAD80058CC01086CCC01089CCC0108F4CB010897
:10DAE800F4CB010858CC01086CCC0108546D725174
:10DAF80000000000081C3044586C800058100208D0
:10DB0800B8100208B8100208B81002086810020815
:10DB1800B8100208B8100208B810020878100208F5
:10DB2800B8100208B8100208B810020888100208D5
:10DB3800B8100208B8100208B810020898100208B5
:10DB4800B8100208B8100208B8100208A810020895
:10DB58001A110208B2120208B2120208B21202081E
:10DB68005C110208B2120208B2120208B2120208CC
:10DB7800A2110208B2120208B2120208B212020876
:10DB8800E4110208B2120208B2120208B212020824
:10DB98002A120208B2120208B2120208B2120208CD
:10DBA8006C120208F613020804150208041502088C
:10DBB80004150208221402080415020804150208B4
:10DBC8000415020850140208041502080415020876
:10DBD800041502087C14020804150208041502083A
:10DBE80004150208AA1402080415020804150208FC
:10DBF80004150208D6140208081C3044586C80002A
:10DC0800010002000400060008000A000C001000D1
:10DC18002000400080000001081C3044586C80003F
:10DC280001010103070100000804020408010101C1
:10DC3800060A0008320900081C09000898090008AB
:10DC48001C090008CC0900081C09000898090008EC
:10DC58003209000832090008CC09000898090008B0
:10DC6800080900080809000808090008D60900087A
:10DC780032090008320900081C090008720A000865
:10DC88001C090008CC0900081C090008720A0008D1
:10DC98003209000832090008CC090008720A000895
:10DCA800080900080809000808090008B41E000847
:10DCB800721D0008501D00083C1D0008501D00087A
:10DCC800561E0008501D00083C1D0008721D000863
:10DCD800721D0008561E00083C1D0008341D00086F
:10DCE800341D0008341D0008781E00082E0043006B
:10DCF800504F5349580042616C6C6F6320737563D1
:10DD0800636565646564002F6275696C642F676E6E
:10DD1800752D746F6F6C732D666F722D73746D3300
:10DD2800325F31332E332E72656C312E32303234FD
:10DD3800303932362D313731352F7372632F6E6596
:10DD4800776C69622F6E65776C69622F6C696263A4
:10DD58002F7374646C69622F6764746F612D6765D3
:10DD6800746865782E63002F6275696C642F676E1E
:10DD7800752D746F6F6C732D666F722D73746D33A0
:10DD8800325F31332E332E72656C312E323032349D
:10DD9800303932362D313731352F7372632F6E6536
:10DDA800776C69622F6E65776C69622F6C69626344
:10DDB8002F7374646C69622F6D707265632E6300D3
:10DDC800494E4600696E66004E414E006E616E0017
:10DDD80030313233343536373839616263646566D9
:10DDE80000303132333435363738394142434445CF
:10DDF800460030002C2066756E6374696F6E3A2099
:10DE080000617373657274696F6E20222573222016
:10DE18006661696C65643A2066696C6520222573C1
:10DE2800222C206C696E65202564257325730A00F1
:10DE3800496E66696E697479004E614E002F62758D
:10DE4800696C642F676E752D746F6F6C732D666FB8
:10DE5800722D73746D33325F31332E332E72656CCD
:10DE6800312E32303234303932362D313731352F88
:10DE78007372632F6E65776C69622F6E65776C6954
:10DE8800622F6C6962632F7374646C69622F6474A7
:10DE98006F612E630000000034000000CEFBFFFF1E
:10DEA800CB03000001000000000000003500000066
:10DEB800CEFBFFFFCB0300000100000000000000C4
:10DEC800BC89D897B2D29C3C33A7A8D523F6493948
:10DED8003DA7F444FD0FA5329D978CCF08BA5B256A
:10DEE800436FAC64280668110020202020202020E1
:10DEF80020202828282828202020202020202020F2
:10DF08002020202020202020208810101010101001
:10DF1800101010101010101010040404040404044D
:10DF280004040410101010101010414141414141E7
:10DF380001010101010101010101010101010101C9
:10DF480001010101101010101010424242424242D9
:10DF58000202020202020202020202020202020299
:10DF68000202020210101010200000000000000041
:10DF78000000000000000000000000000000000099
:10DF88000000000000000000000000000000000089
:10DF98000000000000000000000000000000000079
:10DFA8000000000000000000000000000000000069
:10DFB8000000000000000000000000000000000059
:10DFC8000000000000000000000000000000000049
:10DFD8000000000000000000000000000000000039
:10DFE8000000000000000000000000000500000024
:10DFF800190000007D0000000080E03779C341432C
:10E00800176E05B5B5B89346F5F93FE9034F384D96
:10E01800321D30F94877825A3CBF737FDD4F157542
:10E02800000000000000F03F000000000000244055
:10E0380000000000000059400000000000408F4030
:10E04800000000000088C34000000000006AF8409B
:10E058000000000080842E4100000000D0126341BF
:10E068000000000084D797410000000065CDCD4135
:10E07800000000205FA00242000000E87648374216
:10E08800000000A2941A6D42000040E59C30A242B4
:10E098000000901EC4BCD64200003426F56B0C4329
:10E0A8000080E03779C3414300A0D88557347643D0
:10E0B80000C84E676DC1AB43003D9160E458E14331
:10E0C800408CB5781DAF154450EFE2D6E41A4B44A6
:10E0D80092D54D06CFF08044F64AE1C7022DB544EB
:10E0E800B49DD9794378EA4430303030303030301C
:10E0F8003030303030303030202020202020202098
:10E108002020202020202020303030303030303087
:10E118003030303030303030202020202020202077
:08E128002020202020202020EF
:08E13000A825FD7F010000009D
:08E13800815F0208E900000804
:04E14000C100000812
:10E14400A0A90208A8A90208B0A90208BCA902084B
:10E15400C8A90208D0A90208DCA90208E4A9020897
:10E16400E8A90208ECA90208F0A90208F4A9020827
:10E17400F8A90208FCA9020800AA020804AA0208D5
:10E1840008AA02080CAA020810AA020814AA020883
:10E1940040AA02086CAA020840AB02086CAB020851
:10E1A40098AB0208C0AB0208E8AB0208D0AC020886
:10E1B40004AD020808AE0208FF002D0001010000B2
:10E1C4001E00320005FA000000100E0000180000C6
:10E1D40000000000000000000000000050B1020830
:10E1E400E4B30208E8B3020864C7020878C7020867
:10E1F40094C70208B4C70208C4C70208F4C70208D7
:10E2040060C80208C4C80208DCC802081CC90208A5
:10E2140050C9020890C90208B4C90208E0C902083A
:10E22400FCC90208DCC802081CC9020850C902085B
:10E234001CCA020850CA020878CA02088CCA02081A
:10E24400BCCA020870CB0208B4C7020884CB020817
:10E254008CCB0208A8CB020870CB0208BCCB020806
:10E26400DCCB020804CC0208B4C7020844CC020880
:10E274006CCC020898CC0208B0CC0208C4CC0208CA
:10E28400ECCC0208FCCC020810CD020828CD020810
:10E2940048CD020880CD02088CCD0208A0CD02082A
:10E2A400B8CD0208C8CD0208D0CD0208DCCD0208E2
:10E2B40094CE0208B0CE0208C8CE020800CF0208ED
:10E2C40024CF020800CF02085CCF020800CF020866
:10E2D40094CF0208B8CF0208C8CF0208E0CF0208E2
:10E2E400B8CF020800D002081CD0020838D00208B7
:10E2F4004CD00208A0D00208B8CF0208BCD0020853
:10E30400D0D00208D0D0020801000000B4D6020820
:10E31400E0D60208F4D60208E0D6020814D70208B0
:10E32400E0D6020844D702086CD70208B8D702081E
:10E33400CCD7020844D7020810D802080024F400FD
:10E344002000000098D90208000000000402002008
:10E35400AAAAAAAA0400000001000000FFFFFFFF10
:10E364000000020000000000000000002402002061
:10E37400240200202C0200202C0200203402002061
:10E38400340200203C0200203C0200204402002011
:10E39400440200204C0200204C02002054020020C1
:10E3A400540200205C0200205C0200206402002071
:10E3B400640200206C0200206C0200207402002021
:10E3C400740200207C0200207C02002084020020D1
:10E3D400840200208C0200208C0200209402002081
:10E3E400940200209C0200209C020020A402002031
:10E3F400A4020020AC020020AC020020B4020020E1
:10E40400B4020020BC020020BC020020C402002090
:10E41400C4020020CC020020CC020020D402002040
:10E42400D4020020DC020020DC020020E4020020F0
:10E43400E4020020EC020020EC020020F4020020A0
:10E44400F4020020FC020020FC020020040300204F
:10E45400040300200C0300200C03002014030020FC
:10E46400140300201C0300201C03002024030020AC
:10E47400240300202C0300202C030020340300205C
:10E48400340300203C0300203C030020440300200C
:10E49400440300204C0300204C03002054030020BC
:10E4A400540300205C0300205C030020640300206C
:10E4B400640300206C0300206C030020740300201C
:10E4C400740300207C0300207C03002084030020CC
:10E4D400840300208C0300208C030020940300207C
:10E4E400940300209C0300209C030020A40300202C
:10E4F400A4030020AC030020AC030020B4030020DC
:10E50400B4030020BC030020BC030020C40300208B
:10E51400C4030020CC030020CC030020D40300203B
:10E52400D4030020DC030020DC030020E4030020EB
:10E53400E4030020EC030020EC030020F40300209B
:10E54400F4030020FC030020FC030020040400204A
:10E55400040400200C0400200C04002014040020F7
:10E56400140400201C0400201C04002024040020A7
:10E57400240400202C0400202C0400203404002057
:10E58400340400203C0400203C0400204404002007
:10E59400440400204C0400204C04002054040020B7
:10E5A400540400205C0400205C0400206404002067
:10E5B400640400206C0400206C0400207404002017
:10E5C400740400207C0400207C04002084040020C7
:10E5D400840400208C0400208C0400209404002077
:10E5E400940400209C0400209C040020A404002027
:10E5F400A4040020AC040020AC040020B4040020D7
:10E60400B4040020BC040020BC040020C404002086
:10E61400C4040020CC040020CC040020D404002036
:10E62400D4040020DC040020DC040020E4040020E6
:10E63400E4040020EC040020EC040020F404002096
:10E64400F4040020FC040020FC0400200405002045
:10E65400040500200C0500200C05002014050020F2
:10E66400140500201C0500201C05002024050020A2
:10E67400240500202C0500202C0500203405002052
:10E68400340500203C0500203C0500204405002002
:10E69400440500204C0500204C05002054050020B2
:10E6A400540500205C0500205C0500206405002062
:10E6B400640500206C0500206C0500207405002012
:10E6C400740500207C0500207C05002084050020C2
:10E6D400840500208C0500208C0500209405002072
:10E6E400940500209C0500209C050020A405002022
:10E6F400A4050020AC050020AC050020B4050020D2
:10E70400B4050020BC050020BC050020C405002081
:10E71400C4050020CC050020CC050020D405002031
:10E72400D4050020DC050020DC050020E4050020E1
:10E73400E4050020EC050020EC050020F405002091
:10E74400F4050020FC050020FC0500200406002040
:10E75400040600200C0600200C06002014060020ED
:10E76400140600201C0600201C06002000000000E7
:10E7740003000000BC9501204300000000000000DD
:10E784000000000000000000000000000000000085
:10E794000000000000000000430000000000000032
:10E7A4000000000000000000000000000000000065
:10E7B4000000000000000000430000000000000012
:10E7C4000000000000000000000000000000000045
:10E7D40000000000000000004300000000000000F2
:10E7E4000000000000000000000000000000000025
:10E7F40000000000000000004300000000000000D2
:10E804000000000000000000000000000000000004
:10E8140000000000000000004300000000000000B1
:10E8240000000000000000000000000000000000E4
:10E834000000000000000000430000000000000091
:10E8440000000000000000000000000000000000C4
:10E854000000000000000000757102086D680208E5
:10E8640000000000F0DE0208F4DC020837DE0208D3
:10E8740037DE020837DE020837DE020837DE020818
:10E8840037DE020837DE020837DE020837DE020808
:10E89400FFFFFFFFFFFFFFFFFFFFFFFFFFFF000082
:10E8A40001004153434949000000000000000000FA
:10E8B4000000000000000000000000000000000054
:10E8C40000004153434949000000000000000000DB
:10E8D4000000000000000000000000000000000034
:10E8E40000000000A807002000000000BC950120E3
:10E8F400249601208C9601200000000000000000F6
:10E904000000000000000000000000000000000003
:10E9140000000000000000000000000000000000F3
:10E9240000000000000000000000000000000000E3
:10E9340000000000000000000000000000000000D3
:10E9440000000000000000000000000000000000C3
:10E9540000000000000000000000000000000000B3
:10E9640000000000000000000000000000000000A3
:10E974000000000000000000000000000000000093
:10E9840001000000000000000E33CDAB34126DE630
:10E99400ECDE05000B000000000000000000000099
:10E9A4000000000000000000000000000000000063
:10E9B4000000000000000000000000000000000053
:10E9C4000000000000000000000000000000000043
:10E9D4000000000000000000000000000000000033
:10E9E4000000000000000000000000000000000023
:10E9F4000000000000000000000000000000000013
:10EA04000000000000000000000000000000000002
:10EA140000000000000000000000000000000000F2
:10EA24000000000000000000FD96012080B588B0C1
:10EA340000AF786039601F23FB1800221A707B68CE
:10EA4400BB613B687B611A4B5A69194B8021C9022F
:10EA54000A435A61EFF31083FB60FB683B6172B6B3
:10EA6400C0460FE07A69BB6912681A607B69043397
:10EA74007B61BB690433BB611F217B181A787B1847
:10EA840001321A701F23FB181B783F2BEAD9C046AA
:10EA9400074B1A69C0239B021340F9D13B69BB6041
:10EAA400BB6883F31088C046C046BD4608B080BD2D
:04EAB40000200240FC
:0400000508015F6D22
:00000001FF
